{"(6,9)":0.0,"(18,3)":0.0,"(21,13)":18.28934055439341,"(22,16)":24.006216292474896,"(15,17)":0.0,"(22,14)":0.0,"(13,9)":0.2078292794739417,"(8,9)":12.09171776267385,"(17,14)":522.7929723856793,"(9,1)":0.0,"(16,6)":0.0,"(16,12)":467.4937403377049,"(16,13)":831.932957410582,"(22,2)":0.0,"(7,16)":717.0469325071524,"(1,12)":369.46260415094184,"(4,5)":7.164102294938841,"(11,8)":24.81812735214898,"(18,21)":0.0,"(19,4)":0.0,"(20,13)":13.143905727530182,"(15,4)":14.5470587822371,"(6,18)":0.0,"(5,16)":0.0,"(4,9)":0.0,"(8,4)":9.059429595616606,"(1,22)":0.0,"(22,15)":0.0,"(1,2)":0.0,"(17,9)":0.0,"(19,20)":0.0,"(14,2)":0.0,"(6,11)":14.382531354126645,"(16,2)":0.0,"(8,21)":0.25759195445128047,"(9,6)":0.8055964286370276,"(8,2)":9.101158951688234,"(21,3)":10.686170403178007,"(13,19)":0.0,"(7,19)":0.0,"(8,12)":7.329130286956816,"(11,4)":0.0,"(17,10)":0.0,"(1,17)":0.0,"(18,5)":0.0,"(2,5)":0.0,"(8,5)":2.974372326396051,"(3,16)":0.0,"(14,13)":749.7650581079893,"(22,4)":0.0,"(3,9)":0.0,"(15,2)":14.588788138308729,"(19,6)":0.3096882893249997,"(19,9)":0.0,"(18,12)":5.083683006863861,"(15,1)":5.487629186620495,"(14,6)":16.332143820823923,"(14,18)":0.0,"(21,4)":0.0,"(22,7)":0.0,"(13,4)":347.2369270353482,"(16,20)":0.0,"(7,12)":495.2066004484807,"(10,22)":2.4599535216677118,"(12,19)":0.0,"(4,10)":0.0,"(10,8)":8.336126446836028,"(7,2)":0.0,"(11,15)":0.0,"(10,17)":0.0,"(3,13)":0.0,"(20,8)":8.905900049108073,"(6,3)":0.0,"(1,7)":231.2254934481257,"(19,13)":0.0,"(21,20)":25.296561231191603,"(8,8)":0,"(1,3)":9.864287786323203,"(4,15)":27.639412546590922,"(22,10)":0.0,"(21,9)":14.060445006406283,"(11,11)":0,"(12,15)":3.434487459014895,"(9,10)":0.0,"(12,5)":4.987566900441699,"(12,2)":11.114353525733884,"(20,4)":17.965329644724683,"(9,3)":0.5439802111350878,"(16,4)":442.54589844593016,"(16,10)":0.0,"(17,19)":8.375560371660466,"(11,19)":0.0,"(16,19)":0.0,"(4,1)":502.3981584043834,"(13,20)":7.0072206767981875,"(5,15)":20.475310251652083,"(16,9)":0.0,"(4,17)":45.07428207338256,"(5,12)":17.040822792637183,"(5,14)":0.0,"(17,11)":0.0,"(6,16)":0.0,"(22,22)":0,"(2,14)":0.0,"(11,9)":0.0,"(17,6)":0.0,"(20,12)":6.8927054750624235,"(21,11)":14.33016676828491,"(9,13)":0.0,"(20,15)":10.327192934077319,"(10,20)":0.0,"(11,10)":16.48200090531295,"(15,22)":31.98006868991453,"(2,17)":0.0,"(6,2)":15.551842850650367,"(21,14)":11.205405143608575,"(8,7)":0.0,"(4,20)":37.35381656284839,"(3,17)":0.0,"(2,15)":11.097688438035103,"(12,21)":5.783066639237208,"(1,8)":0.0,"(22,8)":0.0,"(21,5)":0.0,"(1,13)":341.1970339694836,"(3,12)":0.0,"(3,14)":16.385534729831118,"(5,11)":0.0,"(15,9)":0.0,"(9,11)":0.0,"(6,15)":0.0,"(1,14)":434.4360565824804,"(7,14)":1312.7574071343547,"(12,1)":192.4670475740457,"(8,10)":9.853166716209435,"(14,10)":0.0,"(10,5)":0.0,"(15,8)":5.487629186620495,"(15,19)":0.7611979026362354,"(21,12)":0.0,"(22,20)":0.0,"(2,18)":0.0,"(20,10)":6.676459133078636,"(8,22)":12.313120237877147,"(16,15)":6.002273650494544,"(1,15)":0.0,"(10,11)":5.3378811110556965,"(12,16)":260.6364286327249,"(17,4)":143.4052922971658,"(3,1)":0.023325037428818522,"(20,5)":11.88027237550412,"(15,15)":0,"(16,21)":0.0,"(21,8)":20.158020406777887,"(16,3)":0.0,"(17,16)":260.9553648512355,"(12,8)":2.0131945740456474,"(13,7)":560.0583775303104,"(3,18)":0.0,"(6,17)":0.0,"(22,19)":0.0,"(6,5)":22.674215789517586,"(16,17)":187.17706418147029,"(18,18)":0,"(13,11)":13.611535887157535,"(13,18)":0.0,"(16,11)":0.0,"(2,13)":0.0,"(9,8)":0.0,"(3,4)":24.758485618013513,"(5,17)":19.347132106127596,"(5,20)":30.189714267909537,"(10,19)":0.0,"(2,3)":1.8559467167843142,"(21,17)":10.510723721658264,"(13,3)":0.7518094906090296,"(4,11)":0.0,"(6,20)":0.0,"(5,4)":6.085057269220558,"(17,1)":179.62087121208683,"(2,1)":0.0,"(20,6)":8.793437775488819,"(20,11)":26.75544161468772,"(5,9)":0.0,"(1,4)":322.2006610633657,"(13,22)":33.92861043040933,"(19,19)":0,"(18,19)":0.0,"(9,18)":0.0,"(20,16)":6.977377713324719,"(3,21)":0.0,"(16,5)":0.0,"(11,22)":16.196467420197823,"(19,1)":0.0,"(13,1)":353.7323519502691,"(18,17)":0.0,"(17,18)":0.0,"(14,15)":0.0,"(2,11)":0.0,"(20,2)":18.00705900079631,"(10,10)":0,"(4,12)":483.59267108757604,"(2,22)":0.0,"(5,22)":0.0,"(6,12)":0.0,"(18,2)":0.0,"(16,7)":683.0963669408923,"(19,7)":0.0,"(7,21)":0.0,"(4,13)":420.3566289061178,"(6,1)":0.0,"(7,11)":4.727553882084942,"(11,6)":13.207382196147584,"(12,13)":273.14598164693035,"(18,22)":0.21959694360209647,"(21,18)":0.0,"(22,11)":0.0,"(7,15)":0.0,"(7,6)":9.32021451764835,"(15,16)":0.0,"(21,16)":12.122812540187947,"(20,19)":4.179468765123813,"(11,16)":40.20268371267271,"(11,7)":3.8871676784992353,"(8,14)":0.0,"(5,5)":0,"(2,7)":0.0,"(8,3)":9.205129925828695,"(5,21)":0.0,"(4,3)":0.3167175540546396,"(2,21)":0.0,"(9,7)":0.0,"(18,15)":8.518170465878756,"(14,3)":13.079441621649881,"(4,14)":608.8540635191146,"(18,7)":0.0,"(11,21)":11.217939642682467,"(2,10)":0.0,"(14,16)":782.5914344604031,"(14,8)":0.0,"(11,2)":0.0,"(15,6)":0.0449233340841504,"(19,18)":0.0,"(8,13)":0.0,"(17,22)":0.0,"(1,19)":0.0,"(18,20)":0.0,"(20,1)":8.90590004910807,"(3,10)":0.0,"(7,20)":0.0,"(6,14)":7.137162606396348,"(9,21)":0.0,"(13,15)":0.0,"(21,21)":0,"(17,15)":7.614362469024231,"(17,20)":24.237688556871426,"(20,21)":24.349948719837034,"(20,7)":1.2131176088209485,"(11,1)":0.0,"(15,18)":0.0,"(19,17)":0.0,"(10,14)":0.0,"(1,10)":0.0,"(9,9)":0,"(13,16)":594.3432269857948,"(22,21)":7.488612673855334,"(12,17)":130.1397613134904,"(21,6)":13.938872602352049,"(12,14)":367.33828290941153,"(12,10)":0.0,"(19,14)":7.777034619350164,"(2,6)":0.0,"(13,14)":788.0904282624813,"(16,1)":392.9193823608513,"(16,14)":1599.4558965344436,"(10,4)":0.0,"(1,20)":0.01603294222595975,"(6,21)":0.0,"(10,12)":0.0,"(15,11)":11.662994146662731,"(16,16)":0,"(17,17)":0,"(16,22)":0.0,"(17,13)":362.6237892618176,"(19,8)":0.0,"(17,3)":0.0,"(2,8)":0.33407069206339235,"(5,8)":9.711692505680372,"(13,21)":11.206042992306855,"(17,12)":394.7986000815991,"(7,22)":20.924021302282767,"(5,19)":14.32758608269857,"(1,1)":0,"(22,12)":0.0,"(21,19)":1.877595574938244,"(17,8)":13.10199165564472,"(10,9)":2.238551046464415,"(10,21)":0.0,"(4,19)":21.491688377637413,"(11,5)":0.0,"(14,17)":300.6543266418734,"(22,6)":5.357448104266489,"(14,14)":0,"(2,2)":0,"(17,21)":0.0,"(5,18)":0.0,"(15,12)":3.474434612574846,"(10,16)":0.0,"(20,9)":8.915010179543053,"(7,1)":295.5173944199589,"(3,11)":23.630903477561414,"(5,13)":0.0,"(10,13)":0.0,"(11,17)":38.59059489414303,"(14,12)":610.850551035112,"(21,22)":34.64724131153669,"(14,5)":0.0,"(12,11)":8.188559534087887,"(15,14)":8.538232521986401,"(1,16)":324.74323795527806,"(11,18)":0.0,"(21,1)":0.0,"(22,13)":0.0,"(2,20)":20.812092454292557,"(6,6)":0,"(16,8)":0.0,"(20,3)":5.540735576314775,"(10,2)":0.0,"(4,2)":0.04172935607162623,"(15,21)":9.257501251812053,"(1,6)":19.112659909757973,"(13,13)":0,"(19,10)":0.0,"(11,3)":9.954679996973542,"(3,19)":0.0,"(22,17)":22.394127473945204,"(22,9)":0.0,"(9,20)":0.0,"(8,6)":12.457832125002735,"(4,6)":3.3984025293861255,"(15,5)":8.462001513016544,"(8,1)":5.551115123125783e-17,"(13,2)":0.0,"(17,2)":0.0,"(14,9)":0.0,"(9,15)":0.0,"(15,7)":0.0,"(6,10)":0.0,"(6,4)":15.510113494578743,"(10,7)":0.0,"(5,2)":6.126786625292183,"(21,7)":4.618658084703697,"(8,19)":4.615893577018204,"(7,3)":6.067512318474309,"(12,12)":0,"(14,1)":324.2109757231344,"(10,3)":1.480843979229026,"(13,6)":1.0134257081109692,"(15,3)":0.0,"(20,14)":23.630679990011387,"(1,5)":0.0,"(3,5)":31.922587912952352,"(3,8)":41.63428041863273,"(9,5)":0.0,"(14,19)":0.0,"(3,6)":9.248372123434768,"(19,5)":0.0,"(7,17)":218.08136868862275,"(12,4)":174.92126616966226,"(4,21)":0.0,"(4,4)":0,"(13,17)":252.22458116726483,"(19,12)":0.0,"(9,4)":0.0,"(20,17)":9.199014788552832,"(22,3)":2.1047459050924497,"(13,12)":440.13373692712287,"(8,11)":0.0,"(8,18)":0.0,"(6,19)":0.0,"(12,7)":257.22285117724056,"(12,18)":0.0,"(19,22)":31.218870787278288,"(20,22)":47.07251615793951,"(14,4)":430.7515998082135,"(3,15)":0.0,"(4,22)":0.0,"(2,4)":0.0,"(9,19)":0.0,"(18,16)":0.0,"(6,22)":30.578998774324468,"(19,2)":0.0,"(9,22)":11.482234380580186,"(22,1)":0.0,"(9,2)":0.0,"(14,21)":18.463308390412767,