{"(6,9)":0.8039014288943788,"(18,3)":0.0,"(21,13)":29.14225911056057,"(22,16)":46.34048666137718,"(15,17)":0.0,"(22,14)":0.7515434770231357,"(13,9)":4.096482329667533,"(8,9)":10.387773814631043,"(17,14)":565.3767921910826,"(9,1)":20.813784860471177,"(16,6)":0.0,"(16,12)":443.71104413260247,"(16,13)":827.2109653649039,"(22,2)":16.588735834670715,"(7,16)":715.0278789421667,"(1,12)":427.1916886885153,"(4,5)":35.09536254261128,"(11,8)":48.09588097758678,"(18,21)":0.0,"(19,4)":68.56538354743647,"(20,13)":31.531166649494367,"(15,4)":113.49780626929153,"(6,18)":18.778962519589488,"(5,16)":0.0,"(4,9)":0.0,"(8,4)":91.94756951269505,"(1,22)":0.0,"(22,15)":0.0,"(1,2)":0.0,"(17,9)":0.0,"(19,20)":5.383534652451455,"(14,2)":15.83719235764758,"(6,11)":60.789616709175974,"(16,2)":0.0,"(8,21)":2.940392418001418,"(9,6)":16.84279300456039,"(8,2)":102.01272825711723,"(21,3)":52.1550876935177,"(13,19)":0.0,"(7,19)":0.0,"(8,12)":10.922275596632968,"(11,4)":0.0,"(17,10)":0.0,"(1,17)":0.0,"(18,5)":16.419057663723684,"(2,5)":19.561414795332524,"(8,5)":40.64811557524078,"(3,16)":0.3501338423509907,"(14,13)":764.014933617923,"(22,4)":6.523577090248583,"(3,9)":16.807231131087974,"(15,2)":123.56296501371368,"(19,6)":24.447331999832556,"(19,9)":7.604538995272161,"(18,12)":67.33658383824194,"(15,1)":118.73785313469783,"(14,6)":76.91878047583535,"(14,18)":24.44833849211306,"(21,4)":0.0,"(22,7)":43.7073025310238,"(13,4)":348.9154064716181,"(16,20)":0.0,"(7,12)":465.9718299143972,"(10,22)":49.393575218843715,"(12,19)":3.367056457746434,"(4,10)":0.0,"(10,8)":21.219602037141527,"(7,2)":0.0,"(11,15)":0.0,"(10,17)":12.890063500677252,"(3,13)":0.0,"(20,8)":16.110015330456743,"(6,3)":2.0735532487291892,"(1,7)":206.09685116609026,"(19,13)":3.508056665604628,"(21,20)":43.129423760886034,"(8,8)":0,"(1,3)":25.001195319188824,"(4,15)":96.72203734927174,"(22,10)":16.376984862830582,"(21,9)":33.238741440228104,"(11,11)":0,"(12,15)":10.709148632142197,"(9,10)":0.0,"(12,5)":43.41655380694659,"(12,2)":104.78116648882302,"(20,4)":108.05758484315184,"(9,3)":18.916346253289582,"(16,4)":439.50238583652197,"(16,10)":0.0,"(17,19)":48.51715871694652,"(11,19)":0.0,"(16,19)":0.0,"(4,1)":516.6976348654063,"(13,20)":13.987164650325463,"(5,15)":61.62667480666045,"(16,9)":0.0,"(4,17)":66.18662966598308,"(5,12)":50.917526174518265,"(5,14)":2.9351853494554043,"(17,11)":15.625898708366792,"(6,16)":0.0,"(22,22)":0,"(2,14)":0.0,"(11,9)":0.0,"(17,6)":0.0,"(20,12)":13.341577098750937,"(21,11)":39.108461280661245,"(9,13)":0.0,"(20,15)":24.050725730893134,"(10,20)":0.2732871314888662,"(11,10)":26.876278940445257,"(15,22)":106.71798369098809,"(2,17)":0.0,"(6,2)":36.80583303543564,"(21,14)":22.320904763376994,"(8,7)":18.58899170739954,"(4,20)":117.5470475665454,"(3,17)":4.46868318624207,"(2,15)":81.18808960199297,"(12,21)":29.102681112407122,"(1,8)":29.181832091882328,"(22,8)":37.5965868999721,"(21,5)":14.030150124789884,"(1,13)":305.8943253127889,"(3,12)":0.0,"(3,14)":85.02755902177148,"(5,11)":1.444109759857659,"(15,9)":29.753393977909237,"(9,11)":6.383005210424586,"(6,15)":0.0,"(1,14)":436.8195383833869,"(7,14)":1340.2695312172968,"(12,1)":290.40990760980714,"(8,10)":12.380321252848029,"(14,10)":15.625441385807445,"(10,5)":0.0,"(15,8)":21.55023675659645,"(15,19)":22.14885498263708,"(21,12)":0.0,"(22,20)":24.275119745271528,"(2,18)":0.0,"(20,10)":37.620196417378885,"(8,22)":61.77389647169174,"(16,15)":68.93737926342143,"(1,15)":50.81325632065749,"(10,11)":14.18765141599475,"(12,16)":281.08953091881904,"(17,4)":158.6455427528599,"(3,1)":4.9608203332446115,"(20,5)":56.75813090569751,"(15,15)":0,"(16,21)":0.16317136960711875,"(21,8)":56.45089091558662,"(16,3)":0.7207439478610616,"(17,16)":279.23912791633796,"(12,8)":2.768438231705809,"(13,7)":560.7053139123931,"(3,18)":41.52582924258723,"(6,17)":3.2339755360748885,"(22,19)":0.0,"(6,5)":61.8360368336248,"(16,17)":231.35822852911198,"(18,18)":0,"(13,11)":50.597312883678036,"(13,18)":0.0,"(16,11)":19.162972792028814,"(2,13)":0.0,"(9,8)":0.0,"(3,4)":49.487541014011256,"(5,17)":59.33488985126062,"(5,20)":82.45168502393409,"(10,19)":0.0,"(2,3)":4.523737789541571,"(21,17)":73.6998194351405,"(13,3)":23.012828582957116,"(4,11)":0.0,"(6,20)":0.0,"(5,4)":51.29945393745432,"(17,1)":238.69344047138063,"(2,1)":0.0,"(20,6)":52.470441983722296,"(20,11)":82.1284795331724,"(5,9)":0.0,"(1,4)":318.1217819713857,"(13,22)":81.06107204274639,"(19,19)":0,"(18,19)":0.0,"(9,18)":0.0,"(20,16)":33.51965144496229,"(3,21)":1.0424337955015488,"(16,5)":0.0,"(11,22)":46.097416532302944,"(19,1)":73.80543041284278,"(13,1)":399.24315019013875,"(18,17)":0.0,"(17,18)":0.0,"(14,15)":0.0,"(2,11)":0.0,"(20,2)":118.12274358757398,"(10,10)":0,"(4,12)":545.4006347171294,"(2,22)":0.0,"(5,22)":47.54152629216061,"(6,12)":0.0,"(18,2)":0.0,"(16,7)":679.0213112772972,"(19,7)":0.0,"(7,21)":0.0,"(4,13)":389.1327993414032,"(6,1)":7.034373581973802,"(7,11)":23.503233627698897,"(11,6)":60.13122395855111,"(12,13)":285.44407112335114,"(18,22)":33.067432523042804,"(21,18)":0.0,"(22,11)":17.539099994307385,"(7,15)":0.0,"(7,6)":33.9630214218347,"(15,16)":0.0,"(21,16)":31.130743906028503,"(20,19)":16.708633556497368,"(11,16)":92.43790319368011,"(11,7)":26.1682025367164,"(8,14)":17.167555528986558,"(5,5)":0,"(2,7)":0.0,"(8,3)":103.00417547822553,"(5,21)":0.0,"(4,3)":11.056605965530462,"(2,21)":0.0,"(9,7)":0.0,"(18,15)":78.04573247038412,"(14,3)":78.99233372456455,"(4,14)":615.316424412001,"(18,7)":0.0,"(11,21)":31.31812349623024,"(2,10)":0.0,"(14,16)":826.0902096040822,"(14,8)":36.84504342294896,"(11,2)":0.0,"(15,6)":46.596186982469625,"(19,18)":0.0,"(8,13)":0.09811220900497318,"(17,22)":0.0,"(1,19)":43.47116414626173,"(18,20)":0.0,"(20,1)":113.2976317085581,"(3,10)":0.02997179899411965,"(7,20)":0.0,"(6,14)":62.28069229877373,"(9,21)":0.0,"(13,15)":0.0,"(21,21)":0,"(17,15)":26.368303734309436,"(17,20)":76.68426110861594,"(20,21)":53.758734638550436,"(20,7)":18.507420561887585,"(11,1)":64.1022158144619,"(15,18)":76.672446100955,"(19,17)":0.0,"(10,14)":4.787234276138525,"(1,10)":0.0,"(9,9)":0,"(13,16)":602.4982397954682,"(22,21)":30.578591383655624,"(12,17)":136.25081567674232,"(21,6)":50.08153444478851,"(12,14)":405.6043292233922,"(12,10)":12.964142891235582,"(19,14)":39.96278776564584,"(2,6)":0.0,"(13,14)":814.0583851000413,"(16,1)":433.7081885550426,"(16,14)":1623.755953274744,"(10,4)":0.0,"(1,20)":71.63826653793114,"(6,21)":0.0,"(10,12)":0.0,"(15,11)":76.25422453191975,"(16,16)":0,"(17,17)":0,"(16,22)":1.6238727977214298,"(17,13)":376.1855602812419,"(19,8)":0.0,"(17,3)":0.0,"(2,8)":59.556665373217804,"(5,8)":39.995250577885294,"(13,21)":22.22756798905606,"(17,12)":428.85990525920016,"(7,22)":69.60065016000183,"(5,19)":54.28458263226469,"(1,1)":0,"(22,12)":0.0,"(21,19)":3.4116510752234306,"(17,8)":47.918540490905905,"(10,9)":0.0,"(10,21)":1.012461996507429,"(4,19)":89.37994517487599,"(11,5)":24.079839638552485,"(14,17)":388.33426613319443,"(22,6)":77.6703239528585,"(14,14)":0,"(2,2)":0,"(17,21)":0.010303523203983152,"(5,18)":14.474093769117788,"(15,12)":18.781798524890647,"(10,16)":0.32016204335687104,"(20,9)":35.627648979161904,"(7,1)":340.38125627774554,"(3,11)":83.53648343217372,"(5,13)":0.0,"(10,13)":0.0,"(11,17)":135.00697872279216,"(14,12)":606.0397223856214,"(21,22)":66.92724570608219,"(14,5)":40.86739615583674,"(12,11)":57.4724260070291,"(15,14)":62.1116427482829,"(1,16)":297.59554210825684,"(11,18)":7.660781974828809,"(21,1)":54.0525263006993,"(22,13)":10.287955094946057,"(2,20)":102.01309981926661,"(6,6)":0,"(16,8)":5.016547169929988,"(20,3)":54.54399523245148,"(10,2)":0.0,"(4,2)":10.06515874442213,"(15,21)":47.88447963729778,"(1,6)":47.748062042186575,"(13,13)":0,"(19,10)":9.59708643348915,"(11,3)":62.20477720728029,"(3,19)":0.0,"(22,17)":88.90956219048918,"(22,9)":0.48128385763694215,"(9,20)":0.0,"(8,6)":100.93062222949636,"(4,6)":8.983052716801273,"(15,5)":62.19835233183723,"(8,1)":97.18761637810138,"(13,2)":0.0,"(17,2)":0.0,"(14,9)":0.0,"(9,15)":0.0,"(15,7)":12.633165560634932,"(6,10)":0.0,"(6,4)":26.740674291013516,