{"(6,9)":0.0,"(18,3)":24.547818301506833,"(21,13)":15.716980355636936,"(22,16)":0.0,"(15,17)":24.19880198985159,"(22,14)":0.0,"(13,9)":2.719096498171676,"(8,9)":0.0,"(9,1)":0.0,"(17,14)":308.1167151933829,"(16,6)":0.0,"(16,12)":220.0534254881345,"(16,13)":721.782217809197,"(22,2)":0.0,"(7,16)":429.73343633431944,"(1,12)":300.29233000247325,"(4,5)":0.0,"(11,8)":48.0955147754518,"(18,21)":0.0,"(19,4)":0.0,"(20,13)":14.205542939245273,"(15,4)":31.163752711433375,"(6,18)":0.5146118119300102,"(5,16)":0.0,"(4,9)":0.0,"(8,4)":1.5525914803403644,"(1,22)":0.0,"(22,15)":0.0,"(1,2)":3.8337080159485817,"(17,9)":0.0,"(19,20)":0.0,"(14,2)":0.0,"(6,11)":0.0,"(16,2)":0.0,"(8,21)":10.888826558619996,"(9,6)":0.0,"(8,2)":0.0,"(21,3)":18.482852030072287,"(13,19)":0.0,"(7,19)":0.0,"(8,12)":1.5818492815661989,"(11,4)":0.0,"(17,10)":0.0,"(1,17)":0.0,"(18,5)":0.0,"(2,5)":0.0,"(8,5)":1.7275322088730416,"(3,16)":0.0,"(14,13)":685.943084078732,"(22,4)":0.0,"(3,9)":0.0,"(15,2)":0.0,"(19,6)":0.0,"(19,9)":0.05912734920183993,"(18,12)":0.0,"(15,1)":0.0,"(14,6)":16.152355243552677,"(14,18)":0.0,"(21,4)":0.0,"(22,7)":0.0,"(13,4)":67.73265683264609,"(16,20)":0.0,"(7,12)":144.2929707681187,"(10,22)":0.0,"(12,19)":0.0,"(4,10)":0.0,"(10,8)":21.454285510240044,"(7,2)":0.0,"(11,15)":0.0,"(10,17)":0.0,"(3,13)":0.0,"(20,8)":1.409691396962344,"(6,3)":39.70753894739846,"(1,7)":78.35487392496435,"(19,13)":0.0,"(21,20)":21.721795028493105,"(8,8)":0.0,"(1,3)":70.19679297182125,"(4,15)":16.115736913557623,"(22,10)":0.0,"(21,9)":7.217349411326786,"(11,11)":0.0,"(12,15)":23.72972350824527,"(9,10)":0.0,"(12,5)":0.0,"(12,2)":0.0,"(20,4)":2.9622828773027075,"(9,3)":11.397567832855618,"(16,4)":52.89088864184289,"(16,10)":0.0,"(17,19)":31.323055650264394,"(11,19)":0.0,"(16,19)":0.0,"(4,1)":429.3941477957537,"(13,20)":6.004814672856167,"(5,15)":23.27981528146539,"(16,9)":0.0,"(4,17)":0.0,"(5,12)":0.0,"(5,14)":0.0,"(17,11)":0.0,"(6,16)":0.0,"(22,22)":0.0,"(2,14)":0.0,"(11,9)":0.0,"(17,6)":0.0,"(20,12)":3.9587949070646773,"(21,11)":10.575464244914777,"(9,13)":0.0,"(20,15)":27.68851841530995,"(10,20)":1.5400382762829543,"(11,10)":26.641229265211745,"(15,22)":0.0,"(2,17)":0.0,"(6,2)":0.0,"(21,14)":17.909908955131378,"(8,7)":0.0,"(4,20)":4.21262631603294,"(3,17)":0.0,"(2,15)":0.0,"(12,21)":0.0,"(1,8)":0.0,"(22,8)":0.0,"(21,5)":0.0,"(1,13)":0.0,"(3,12)":0.0,"(3,14)":0.0,"(5,11)":0.0,"(15,9)":2.068222982188615,"(9,11)":0.0,"(6,15)":0.0,"(1,14)":123.37825969867554,"(7,14)":1154.5702297737105,"(12,1)":107.39390076599173,"(8,10)":14.821778371645461,"(14,10)":0.0,"(10,5)":0.0,"(15,8)":29.61116123109301,"(15,19)":13.969108715057967,"(21,12)":0.0,"(22,20)":0.0,"(2,18)":0.0,"(20,10)":17.563542049609243,"(8,22)":0.0,"(16,15)":24.077829170844524,"(1,15)":0.0,"(10,11)":27.54594573859667,"(12,16)":156.98298106310958,"(17,4)":0.0,"(3,1)":71.81631493008642,"(20,5)":3.1372236058353846,"(15,15)":0.0,"(16,21)":0.0,"(21,8)":30.651735322331046,"(16,3)":0.0,"(17,16)":242.3645573897274,"(12,8)":0.0,"(13,7)":376.06458271868615,"(3,18)":13.753458561681597,"(6,17)":0.0,"(22,19)":0.0,"(6,5)":1.0865977206609263,"(16,17)":194.61963912938558,"(18,18)":0.0,"(13,11)":24.214322438250484,"(13,18)":0.0,"(16,11)":0.0,"(2,13)":0.0,"(9,8)":0.0,"(3,4)":48.67913232298249,"(5,17)":47.47861727131698,"(5,20)":11.3767046839407,"(10,19)":0.0,"(2,3)":5.66031285795533,"(21,17)":0.0,"(13,3)":11.88656088318346,"(4,11)":0.0,"(6,20)":0.0,"(5,4)":0.0,"(17,1)":0.0,"(2,1)":0.0,"(20,6)":1.9925919646243813,"(20,11)":34.05427736405025,"(5,9)":0.0,"(1,4)":284.8492985971607,"(13,22)":0.0,"(19,19)":0.0,"(18,19)":0.0,"(9,18)":0.0,"(20,16)":0.0,"(3,21)":0.0,"(16,5)":0.0,"(11,22)":0.0,"(19,1)":0.0,"(13,1)":11.728075092245485,"(18,17)":0.0,"(17,18)":0.0,"(14,15)":0.0,"(2,11)":0.0,"(20,2)":0.0,"(10,10)":0.0,"(4,12)":451.77375940531226,"(2,22)":0.0,"(5,22)":0.0,"(6,12)":0.0,"(18,2)":0.0,"(16,7)":388.95183252788297,"(19,7)":0.0,"(7,21)":0.0,"(4,13)":91.21331741698478,"(6,1)":110.79987479093722,"(7,11)":0.0,"(11,6)":19.642310666240036,"(12,13)":243.18197581797116,"(18,22)":0.0,"(21,18)":0.0,"(22,11)":0.0,"(7,15)":0.0,"(7,6)":30.434891386044637,"(15,16)":0.25532880608594266,"(21,16)":0.0,"(20,19)":0.0,"(11,16)":0.0,"(11,7)":0.0,"(8,14)":0.0,"(5,5)":0.0,"(2,7)":0.0,"(8,3)":48.365466650500125,"(5,21)":0.0,"(4,3)":46.81287517015976,"(2,21)":0.0,"(9,7)":0.0,"(18,15)":0.0,"(14,3)":53.19916983417398,"(4,14)":335.1476291015148,"(18,7)":0.0,"(11,21)":0.0,"(2,10)":0.0,"(14,16)":630.9059285774713,"(14,8)":0.0,"(11,2)":0.0,"(15,6)":0.0,"(19,18)":0.0,"(8,13)":4.090308166060595,"(17,22)":0.0,"(1,19)":0.0,"(18,20)":0.0,"(20,1)":0.0,"(3,10)":0.0,"(7,20)":0.0,"(6,14)":0.0,"(9,21)":0.0,"(13,15)":0.0,"(21,21)":0.0,"(17,15)":17.35394693520643,"(17,20)":61.34082458712237,"(20,21)":31.02545118079473,"(20,7)":0.0,"(11,1)":0.0,"(15,18)":0.0,"(19,17)":0.0,"(10,14)":0.0,"(1,10)":0.0,"(9,9)":0.0,"(13,16)":520.6537852451384,"(22,21)":0.0,"(12,17)":175.76197749809688,"(21,6)":2.474777719114128,"(12,14)":290.8545732709849,"(12,10)":1.2097638657393108,"(19,14)":0.0,"(2,6)":0.0,"(13,14)":741.5707244530136,"(16,1)":0.0,"(16,14)":1403.3704468036556,"(10,4)":0.0,"(1,20)":0.0,"(6,21)":0.0,"(10,12)":0.0,"(15,11)":23.958533531269726,"(16,16)":0.0,"(17,17)":0.0,"(16,22)":0.0,"(17,13)":233.88224219892425,"(19,8)":0.0,"(17,3)":0.0,"(2,8)":0.0,"(5,8)":0.0,"(13,21)":16.819908241549456,"(17,12)":433.22401467640185,"(7,22)":0.0,"(5,19)":0.0,"(1,1)":0.0,"(22,12)":0.0,"(21,19)":0.0,"(17,8)":46.96510816629944,"(10,9)":0.0,"(10,21)":4.445800197003212,"(4,19)":0.0,"(11,5)":0.0,"(14,17)":156.4113957068568,"(22,6)":0.0,"(14,14)":0.0,"(2,2)":0.0,"(17,21)":0.0,"(5,18)":0.0,"(15,12)":32.16026474119534,"(10,16)":0.0,"(20,9)":6.5287568118986155,"(7,1)":137.5069123735593,"(3,11)":0.0,"(5,13)":0.0,"(10,13)":0.6275817682137919,"(11,17)":0.0,"(14,12)":409.7390017576697,"(21,22)":0.0,"(14,5)":0.0,"(12,11)":12.456635418603945,"(15,14)":0.0,"(1,16)":0.0,"(11,18)":0.0,"(21,1)":0.0,"(22,13)":0.0,"(2,20)":0.0,"(6,6)":0.0,"(16,8)":0.0,"(20,3)":17.698821511101166,"(10,2)":0.0,"(4,2)":0.0,"(15,21)":13.593190800715998,"(1,6)":110.62524920623503,"(13,13)":0.0,"(19,10)":6.465861023914953,"(11,3)":58.622215859941164,"(3,19)":0.0,"(22,17)":0.0,"(22,9)":0.0,"(9,20)":0.0,"(8,6)":9.381906789649323,"(4,6)":7.829315309308962,"(15,5)":31.338693439966054,"(8,1)":0.0,"(13,2)":0.0,"(17,2)":0.0,"(14,9)":0.0,"(9,15)":0.0,"(15,7)":0.0,"(6,10)":0.0,"(6,4)":8.250676088568689,"(10,7)":0.0,"(5,2)":0.0,"(21,7)":0.0,"(8,19)":0.0,"(7,3)":70.14243033344309,"(12,12)":0.0,"(14,1)":137.9581841741234,"(10,3)":1.2225705617131077,"(13,6)":0.0,"(15,3)":11.88656088318346,"(20,14)":0.0,"(1,5)":0.0,"(3,5)":41.51505395507471,"(3,8)":39.48329644672863,"(9,5)":0.0,"(14,19)":0.0,"(3,6)":40.42845623441379,"(19,5)":0.0,"(7,17)":0.0,"(12,4)":162.85212997023808,"(4,21)":0.0,"(4,4)":0.0,"(13,17)":185.97771437452394,"(19,12)":0.0,"(9,4)":0.0,"(20,17)":51.88732040516155,"(22,3)":0.0,"(13,12)":302.84416167893755,"(8,11)":0.0,"(8,18)":0.0,"(6,19)":0.0,"(12,7)":43.26505053665749,"(12,18)":0.0,"(19,22)":0.0,"(20,22)":0.0,"(14,4)":306.99881491452385,"(3,15)":0.0,"(4,22)":0.0,"(2,4)":0.0,"(9,19)":0.0,"(18,16)":0.0,"(6,22)":0.0,"(19,2)":0.0,"(9,22)":0.0,"(22,1)":0.0,"(9,2)":0.0,"(14,21)":17.12246179979789,"(5,1)":0.0,"(15,20)":43.98687765191594,"(10,6)":0.0,"(11,12)":0.0,"(8,16)":0.0,"(1,18)":0.0,"(2,16)":0.0,"(7,13)":902.5622780891812,"(21,15)":0.0,"(8,15)":25.311572789811475,"(9,17)":0.0,"(19,16)":0.0,"(5,10)":0.0,"(18,10)":0.0,"(18,13)":0.0,"(21,10)":18.34757256858037,"(8,17)":49.51037477966307,"(8,20)":13.408462192286786,"(4,8)":0.0,"(11,20)":11.163160759504745,"(12,9)":0.0,"(7,8)":0.0,"(14,22)":0.0,"(7,7)":0.0,"(18,1)":0.0,"(22,18)":0.0,"(7,9)":0.0,"(9,14)":0.0,"(4,18)":0.0,"(19,15)":0.0,"(20,20)":0.0,"(3,22)":0.0,"(5,7)":0.0,"(11,14)":0.0,"(12,6)":0.0,"(17,5)":48.69264037517249,"(18,6)":2.959121900806146,"(6,13)":0.0,"(11,13)":8.634207948762425,"(2,19)":0.0,"(19,11)":18.404980180812476,"(20,18)":0.0,"(13,5)":0.0,"(4,7)":158.47202432780358,"(6,8)":0.0,"(21,2)":0.0,