{"(6,9)":1.6415088278927106,"(18,3)":0.0,"(21,13)":31.39550190653081,"(22,16)":48.07448032573944,"(15,17)":21.463574790555597,"(22,14)":0.0,"(13,9)":13.592606263130323,"(8,9)":28.40304190959962,"(17,14)":558.9009535309618,"(9,1)":47.04241729532109,"(16,6)":34.61130472570863,"(16,12)":464.84334609638256,"(16,13)":834.3322602965451,"(22,2)":72.40026703835564,"(7,16)":727.5734128512104,"(1,12)":421.11068559523466,"(4,5)":34.05303522994474,"(11,8)":47.191318881857526,"(18,21)":0.0,"(19,4)":18.914578349254747,"(20,13)":32.27571491557531,"(15,4)":52.944111875158455,"(6,18)":50.35550463150825,"(5,16)":0.0,"(4,9)":0.0,"(8,4)":34.762963594352115,"(1,22)":0.0,"(22,15)":0.0,"(1,2)":0.0,"(17,9)":0.0,"(19,20)":13.688528471992342,"(14,2)":74.07967065874287,"(6,11)":63.7216394048776,"(16,2)":31.571788924873246,"(8,21)":20.126682409738883,"(9,6)":33.45673367337321,"(8,2)":37.60553870954818,"(21,3)":82.05475377637752,"(13,19)":0.0,"(7,19)":0.0,"(8,12)":20.32390606164903,"(11,4)":57.39503878170578,"(17,10)":0.0,"(1,17)":0.0,"(18,5)":46.66221708227917,"(2,5)":12.751077504647334,"(8,5)":10.907245019342701,"(3,16)":2.161482959051381,"(14,13)":758.646977461389,"(22,4)":69.55769192315958,"(3,9)":24.52606208551171,"(15,2)":55.78668699035452,"(19,6)":46.72900273448341,"(19,9)":13.272269061110183,"(18,12)":100.5887473119145,"(15,1)":50.56800435545109,"(14,6)":77.11918645957826,"(14,18)":58.62791369121237,"(21,4)":72.56275092700288,"(22,7)":44.98058800223321,"(13,4)":440.2901270204721,"(16,20)":1.4171696730981065,"(7,12)":485.90778706451283,"(10,22)":56.427696577617006,"(12,19)":0.0,"(4,10)":0.0,"(10,8)":15.983311625244905,"(7,2)":27.419679036122442,"(11,15)":0.0,"(10,17)":11.309497166040762,"(3,13)":0.0,"(20,8)":16.981847502760086,"(6,3)":3.609911933343202,"(1,7)":203.25475348591942,"(19,13)":0.0,"(21,20)":45.807233415891545,"(8,8)":0,"(1,3)":33.59461653446504,"(4,15)":106.46443326504122,"(22,10)":10.121694394889378,"(21,9)":44.98810816966113,"(11,11)":0,"(12,15)":18.48486780546115,"(9,10)":0.0,"(12,5)":14.141797058454966,"(12,2)":40.840090748660444,"(20,4)":51.7448110971122,"(9,3)":37.06664560671639,"(16,4)":540.7311558096771,"(16,10)":0.0,"(17,19)":50.00212776596662,"(11,19)":1.7045696445610306,"(16,19)":0.0,"(4,1)":509.08148048029267,"(13,20)":14.411731509360727,"(5,15)":72.41139803509647,"(16,9)":0.0,"(4,17)":68.10929347546279,"(5,12)":53.92653022963533,"(5,14)":0.0,"(17,11)":6.204560292802966,"(6,16)":0.0,"(22,22)":0,"(2,14)":0.0,"(11,9)":0.0,"(17,6)":27.921738218350416,"(20,12)":13.747295463647818,"(21,11)":35.756950101811896,"(9,13)":0.0,"(20,15)":32.23216326910897,"(10,20)":1.4161300569944675,"(11,10)":31.20800725661262,"(15,22)":94.90471126115948,"(2,17)":0.0,"(6,2)":30.545502172122706,"(21,14)":21.914893339970856,"(8,7)":0.0,"(4,20)":120.75103121578205,"(3,17)":6.791775195657664,"(2,15)":85.16247553974384,"(12,21)":21.214022651230493,"(1,8)":13.699198533585685,"(22,8)":26.105006020134287,"(21,5)":106.61578615694764,"(1,13)":308.97717775059493,"(3,12)":0.0,"(3,14)":78.86324045015344,"(5,11)":0.0,"(15,9)":28.029426252191005,"(9,11)":28.331595678376683,"(6,15)":0.0,"(1,14)":422.99127178972293,"(7,14)":1329.2833623038036,"(12,1)":226.07526111375705,"(8,10)":22.443078200356798,"(14,10)":11.801098015276583,"(10,5)":67.58764169652932,"(15,8)":18.181148280806337,"(15,19)":14.757157191080811,"(21,12)":0.0,"(22,20)":16.900783350362598,"(2,18)":0.0,"(20,10)":39.908357469462814,"(8,22)":78.87077477797379,"(16,15)":61.98559384887359,"(1,15)":52.50797240069586,"(10,11)":14.313986675937088,"(12,16)":280.32522533390136,"(17,4)":266.9433496696464,"(3,1)":9.975771688604683,"(20,5)":27.889092522102782,"(15,15)":0,"(16,21)":6.5530092004090434,"(21,8)":55.01145608566321,"(16,3)":38.22121665905182,"(17,16)":276.08663549264185,"(12,8)":3.2345520391122604,"(13,7)":590.3192050995456,"(3,18)":76.82302221494184,"(6,17)":4.075818302814825,"(22,19)":0.0,"(6,5)":61.755962286871394,"(16,17)":215.52977627398778,"(18,18)":0,"(13,11)":45.42980422262212,"(13,18)":28.55806716813766,"(16,11)":12.89412680016117,"(2,13)":0.0,"(9,8)":0.0,"(3,4)":54.17044464036023,"(5,17)":93.87497282565208,"(5,20)":86.69799598583732,"(10,19)":0.0,"(2,3)":3.73306655373613,"(21,17)":66.7451937670534,"(13,3)":50.65925186984674,"(4,11)":0.0,"(6,20)":0.0,"(5,4)":23.855718575009416,"(17,1)":297.37433895182147,"(2,1)":0.0,"(20,6)":79.32505485207885,"(20,11)":77.70551913819745,"(5,9)":0.0,"(1,4)":310.07410213565464,"(13,22)":80.46789127209878,"(19,19)":0,"(18,19)":0.0,"(9,18)":14.965460905007335,"(20,16)":40.88478350211012,"(3,21)":2.258481579191634,"(16,5)":62.78224903962194,"(11,22)":33.70415155793873,"(19,1)":16.53847082954738,"(13,1)":434.96790655845143,"(18,17)":0.0,"(17,18)":9.430465449984549,"(14,15)":0.0,"(2,11)":0.0,"(20,2)":54.587386212308274,"(10,10)":0,"(4,12)":547.3673114595802,"(2,22)":0.0,"(5,22)":14.740931325174278,"(6,12)":0.0,"(18,2)":15.451756967530484,"(16,7)":718.4892518887507,"(19,7)":16.269807897525567,"(7,21)":0.0,"(4,13)":400.26333161494017,"(6,1)":13.585683621947886,"(7,11)":25.3340568419613,"(11,6)":63.277129697737216,"(12,13)":278.05918174736655,"(18,22)":24.96910162959902,"(21,18)":59.953569074668465,"(22,11)":12.162653141453822,"(7,15)":0.0,"(7,6)":30.459194836957817,"(15,16)":14.774008283197395,"(21,16)":40.004570493065614,"(20,19)":13.55785641303455,"(11,16)":81.77863188367817,"(11,7)":32.81793486077939,"(8,14)":33.8407066818773,"(5,5)":0,"(2,7)":0.0,"(8,3)":49.61278636456825,"(5,21)":0.0,"(4,3)":14.849822770216132,"(2,21)":0.0,"(9,7)":2.997538836415381,"(18,15)":119.07361511737564,"(14,3)":80.72909839292143,"(4,14)":609.5358376540684,"(18,7)":0.0,"(11,21)":23.01471883024693,"(2,10)":0.0,"(14,16)":828.2479304218361,"(14,8)":27.78440964052149,"(11,2)":60.23761389690183,"(15,6)":61.48615992556418,"(19,18)":28.237729966117527,"(8,13)":2.6892138409218966,"(17,22)":0.0,"(1,19)":33.833665544621454,"(18,20)":0.0,"(20,1)":49.36870357740484,"(3,10)":0.0,"(7,20)":0.0,"(6,14)":52.395722866719844,"(9,21)":0.0,"(13,15)":0.0,"(21,21)":0,"(17,15)":35.24497057488582,"(17,20)":82.96303257278186,"(20,21)":53.99951381943921,"(20,7)":48.86586001512102,"(11,1)":76.86281331968509,"(15,18)":18.8602229957243,"(19,17)":20.86550531180711,"(10,14)":11.397628481520492,"(1,10)":0.0,"(9,9)":0,"(13,16)":609.1188235865349,"(22,21)":32.661231748017485,"(12,17)":167.7818945960167,"(21,6)":78.44484184303434,"(12,14)":397.20253192336895,"(12,10)":7.12286630125409,"(19,14)":35.11748597398218,"(2,6)":0.0,"(13,14)":813.0414771760022,"(16,1)":479.28699434765656,"(16,14)":1620.4326070383204,"(10,4)":33.534606466584584,"(1,20)":66.79457035143666,"(6,21)":0.0,"(10,12)":0.0,"(15,11)":59.8666242116828,"(16,16)":0,"(17,17)":0,"(16,22)":0.7314736587073467,"(17,13)":380.1543627891869,"(19,8)":0.0,"(17,3)":31.531650151693608,"(2,8)":46.35370167263364,"(5,8)":33.6026241679863,"(13,21)":21.72379890386389,"(17,12)":433.9013698165798,"(7,22)":59.03820839990005,"(5,19)":53.73709117902205,"(1,1)":0,"(22,12)":0.0,"(21,19)":12.608213990577893,"(17,8)":53.42611885569215,"(10,9)":5.959963709242824,"(10,21)":2.5469307606266174,"(4,19)":87.7901264089668,"(11,5)":91.4480740116505,"(14,17)":374.66353469582367,"(22,6)":75.43978283919103,"(14,14)":0,"(2,2)":0,"(17,21)":2.3518601751145067,"(5,18)":0.0,"(15,12)":14.946596241694072,"(10,16)":2.449932140486365,"(20,9)":45.86832117870563,"(7,1)":346.4921214589058,"(3,11)":90.1891569883112,"(5,13)":0.0,"(10,13)":0.0,"(11,17)":108.51925515766594,"(14,12)":614.6827732612264,"(21,22)":66.94496143606736,"(14,5)":105.29013077349151,"(12,11)":44.9200279699887,"(15,14)":49.87464316506298,"(1,16)":307.29897833712965,"(11,18)":44.78585692937134,"(21,1)":92.03052546498225,"(22,13)":2.4890518410018743,"(2,20)":99.44907349048465,"(6,6)":0,"(16,8)":8.44516447567755,"(20,3)":82.93496678542202,"(10,2)":36.37718158178064,"(4,2)":2.842575115196062,"(15,21)":36.16061889292457,"(1,6)":60.062134117898644,"(13,13)":0,"(19,10)":7.312305351867358,"(11,3)":66.8870416310804,"(3,19)":0.0,"(22,17)":74.81510359972724,