{"(6,9)":0.0,"(18,3)":0.0,"(21,13)":21.481702930615537,"(22,16)":30.86110973035581,"(15,17)":1.673817177417532,"(22,14)":0.0,"(13,9)":8.132354206560581,"(8,9)":18.983403581902152,"(17,14)":532.91720803767,"(9,1)":28.405466237492575,"(16,6)":9.530500063984768,"(16,12)":463.273855643939,"(16,13)":831.5196353885129,"(22,2)":8.347116589184967,"(7,16)":736.074131432792,"(1,12)":394.0120355795097,"(4,5)":16.953645435112662,"(11,8)":30.423230732983228,"(18,21)":0.0,"(19,4)":0.0,"(20,13)":20.637324115850003,"(15,4)":27.13903170317419,"(6,18)":8.20292420973433,"(5,16)":0.0,"(4,9)":0.0,"(8,4)":12.03025492194811,"(1,22)":0.0,"(22,15)":0.0,"(1,2)":0.0,"(17,9)":0.0,"(19,20)":2.3392869457147203,"(14,2)":15.605927930371571,"(6,11)":32.707875698291225,"(16,2)":0.0,"(8,21)":6.336287823983145,"(9,6)":19.38156046891126,"(8,2)":14.658607285018944,"(21,3)":53.25722078908959,"(13,19)":0.0,"(7,19)":0.0,"(8,12)":12.537698549463379,"(11,4)":0.0,"(17,10)":0.0,"(1,17)":0.0,"(18,5)":5.356908589337209,"(2,5)":1.66019122540901,"(8,5)":2.9681740781045414,"(3,16)":0.0,"(14,13)":753.0292597072039,"(22,4)":5.718764226114133,"(3,9)":1.1368571731954527,"(15,2)":29.76738406624503,"(19,6)":29.702935997643866,"(19,9)":10.321375528732613,"(18,12)":35.11303472453329,"(15,1)":23.734745829447977,"(14,6)":57.44513567788525,"(14,18)":24.574312413076196,"(21,4)":4.528057495502874,"(22,7)":28.913844473217477,"(13,4)":382.16923256488735,"(16,20)":0.0,"(7,12)":505.89819264699537,"(10,22)":29.767149984653408,"(12,19)":2.193139279776789,"(4,10)":0.0,"(10,8)":11.417786296332862,"(7,2)":0.0,"(11,15)":0.0,"(10,17)":0.1245226818476067,"(3,13)":0.0,"(20,8)":9.501354955607699,"(6,3)":4.261603183002207,"(1,7)":224.8294805598404,"(19,13)":2.189021322172031,"(21,20)":29.400218402462695,"(8,8)":0.0,"(1,3)":17.730770979117583,"(4,15)":55.49142456684561,"(22,10)":0.0,"(21,9)":29.614057137176115,"(11,11)":0.0,"(12,15)":8.781652996536863,"(9,10)":0.0,"(12,5)":4.564314826505085,"(12,2)":16.25474803341949,"(20,4)":21.531609877555805,"(9,3)":23.643163651913465,"(16,4)":477.06488195340023,"(16,10)":0.0,"(17,19)":32.03626068497169,"(11,19)":0.0,"(16,19)":0.0,"(4,1)":508.05330212627376,"(13,20)":7.918515471847155,"(5,15)":38.537779131732954,"(16,9)":0.0,"(4,17)":65.31826477450095,"(5,12)":29.756126135196084,"(5,14)":0.0,"(17,11)":0.0,"(6,16)":0.0,"(22,22)":0.0,"(2,14)":0.0,"(11,9)":0.0,"(17,6)":0.0,"(20,12)":7.905214207207154,"(21,11)":28.056838270168157,"(9,13)":0.0,"(20,15)":16.68686720374402,"(10,20)":0.0,"(11,10)":19.005444436650368,"(15,22)":71.05591710816941,"(2,17)":0.0,"(6,2)":22.423925936894054,"(21,14)":14.99201674991799,"(8,7)":0.0,"(4,20)":67.36254348277936,"(3,17)":0.000991000589892313,"(2,15)":40.19797035714196,"(12,21)":19.368719442900947,"(1,8)":0.0,"(22,8)":6.60236275878125,"(21,5)":21.481702930615537,"(1,13)":349.2991759514098,"(3,12)":0.0,"(3,14)":43.04947361377278,"(5,11)":0.0,"(15,9)":26.027150841334937,"(9,11)":11.015688692659111,"(6,15)":0.0,"(1,14)":437.32455637603294,"(7,14)":1322.0419198161924,"(12,1)":200.67596279662246,"(8,10)":14.743699471772661,"(14,10)":2.4433878036349927,"(10,5)":0.0,"(15,8)":15.108776781226082,"(15,19)":15.705775312602327,"(21,12)":0.0,"(22,20)":0.0,"(2,18)":0.0,"(20,10)":24.529974212281097,"(8,22)":44.51084945642607,"(16,15)":24.375778163438795,"(1,15)":15.706107576046536,"(10,11)":10.00595958691233,"(12,16)":274.9706096431715,"(17,4)":180.60170414562097,"(3,1)":4.996655685190877,"(20,5)":12.469529033712238,"(15,15)":0.0,"(16,21)":0.0,"(21,8)":36.792139323379494,"(16,3)":13.792103246986974,"(17,16)":263.63279319222073,"(12,8)":1.596140748400544,"(13,7)":579.9704948119908,"(3,18)":24.684432396252337,"(6,17)":0.0,"(22,19)":0.0,"(6,5)":36.74921900893588,"(16,17)":196.8344457910694,"(18,18)":0.0,"(13,11)":35.33236132935313,"(13,18)":0.0,"(16,11)":0.0,"(2,13)":0.0,"(9,8)":0.0,"(3,4)":36.277081760341225,"(5,17)":40.21159630915049,"(5,20)":50.408898047666696,"(10,19)":0.0,"(2,3)":2.3885614682380125,"(21,17)":27.88951176290768,"(13,3)":31.775517858474043,"(4,11)":0.0,"(6,20)":0.0,"(5,4)":9.06208084384357,"(17,1)":239.02332902478682,"(2,1)":0.0,"(20,6)":48.151238791321845,"(20,11)":55.969685445203126,"(5,9)":0.0,"(1,4)":324.24524600920086,"(13,22)":53.16112047339506,"(19,19)":0.0,"(18,19)":0.0,"(9,18)":0.0,"(20,16)":18.999840157072715,"(3,21)":0.0,"(16,5)":0.0,"(11,22)":24.6303925451906,"(19,1)":0.0,"(13,1)":410.8707034440531,"(18,17)":0.0,"(17,18)":0.0,"(14,15)":0.0,"(2,11)":0.0,"(20,2)":24.159962240626644,"(10,10)":0.0,"(4,12)":506.09751757030875,"(2,22)":0.0,"(5,22)":0.0,"(6,12)":0.0,"(18,2)":0.0,"(16,7)":702.5951622005035,"(19,7)":8.430456134162705,"(7,21)":0.0,"(4,13)":426.41418594220886,"(6,1)":9.258258868193083,"(7,11)":12.906608087229015,"(11,6)":44.380314157635084,"(12,13)":282.95111860194885,"(18,22)":7.161777637022162,"(21,18)":16.124794341278328,"(22,11)":5.806010179063559,"(7,15)":0.0,"(7,6)":21.272479863481163,"(15,16)":0.0,"(21,16)":19.84421897183825,"(20,19)":10.098353486983942,"(11,16)":55.49150227554642,"(11,7)":23.107834294153918,"(8,14)":13.740546640199012,"(5,5)":0.0,"(2,7)":0.0,"(8,3)":22.358771268749056,"(5,21)":0.0,"(4,3)":10.32851634680095,"(2,21)":0.0,"(9,7)":0.0,"(18,15)":43.89468772107016,"(14,3)":61.70673886088745,"(4,14)":609.6979783668321,"(18,7)":0.0,"(11,21)":15.397104071903088,"(2,10)":0.0,"(14,16)":796.7747945465828,"(14,8)":13.861174099967855,"(11,2)":2.5411064101214107,"(15,6)":45.408711310246204,"(19,18)":0.0,"(8,13)":0.07237140671452058,"(17,22)":0.0,"(1,19)":9.117593859286462,"(18,20)":0.0,"(20,1)":18.12732400382959,"(3,10)":0.0,"(7,20)":0.0,"(6,14)":26.56796542725477,"(9,21)":0.0,"(13,15)":0.0,"(21,21)":0.0,"(17,15)":16.33048537236936,"(17,20)":50.49589331766551,"(20,21)":35.623882956802134,"(20,7)":26.87875892784067,"(11,1)":53.4042199262164,"(15,18)":0.0,"(19,17)":0.0,"(10,14)":0.09111228236094016,"(1,10)":0.0,"(9,9)":0.0,"(13,16)":598.8722710412227,"(22,21)":14.278203001752942,"(12,17)":138.2889221739544,"(21,6)":48.995617606087386,"(12,14)":389.0474632591168,"(12,10)":8.27481069837991,"(19,14)":24.57983897934002,"(2,6)":0.0,"(13,14)":799.994471657168,"(16,1)":449.6444118325661,"(16,14)":1606.9027038454494,"(10,4)":0.0,"(1,20)":27.577226491980284,"(6,21)":0.0,"(10,12)":0.0,"(15,11)":53.22715796412748,"(16,16)":0.0,"(17,17)":0.0,"(16,22)":0.0,"(17,13)":364.8878955807337,"(19,8)":0.0,"(17,3)":0.0,"(2,8)":18.878618811141717,"(5,8)":17.218427585732705,"(13,21)":14.986558840952126,"(17,12)":413.5529244051949,"(7,22)":37.53700063241962,"(5,19)":31.949265414972874,"(1,1)":0.0,"(22,12)":0.0,"(21,19)":3.168097152797448,"(17,8)":31.43926215359544,"(10,9)":4.239704110129488,"(10,21)":0.07128945456193972,"(4,19)":48.90291085008554,"(11,5)":16.86639948216324,"(14,17)":324.4950683376523,"(22,6)":50.18632433669864,"(14,14)":0.0,"(2,2)":0.0,"(17,21)":0.0,"(5,18)":0.0,"(15,12)":13.512636032825538,"(10,16)":0.0,"(20,9)":28.76967832241058,"(7,1)":332.7436286320625,"(3,11)":49.189383884809246,"(5,13)":0.0,"(10,13)":0.0,"(11,17)":63.53679506661584,"(14,12)":610.3081899626299,"(21,22)":45.762319566145045,"(14,5)":29.931221002413405,"(12,11)":39.714521931301945,"(15,14)":40.28561429194235,"(1,16)":337.37442399263244,"(11,18)":11.509490892826033,"(21,1)":58.01952337466869,"(22,13)":0.0,"(2,20)":52.069089273075704,"(6,6)":0.0,"(16,8)":0.0,"(20,3)":52.412841974324046,"(10,2)":0.0,"(4,2)":2.6283523630708334,"(15,21)":32.881355475726494,"(1,6)":34.21227916563559,"(13,13)":0.0,"(19,10)":6.081671418603124,"(11,3)":48.641917340637285,"(3,19)":0.0,"(22,17)":38.90640252142524,"(22,9)":0.0,"(9,20)":0.0,"(8,6)":18.09716808574685,"(4,6)":6.066913163798743,"(15,5)":18.076950859330623,"(8,1)":8.625969048221894,"(13,2)":0.0,"(17,2)":0.0,"(14,9)":1.0267371900193094,"(9,15)":0.0,"(15,7)":24.13623144676503,"(6,10)":0.0,"(6,4)":19.795573573823216,"(10,7)":2.3487847155595825,"(5,2)":11.690433206914403,"(21,7)":27.72313774260621,"(8,19)":14.730837829240167,"(7,3)":25.53408304648337,"(12,12)":0.0,"(14,1)":390.5979364464666,"(10,3)":27.882867762042956,"(13,6)":27.513914675471838,