{"(16,1)":220.83470396319532,"(11,20)":247.28987671260995,"(2,8)":66.43116383960492,"(3,22)":91.07069454892624,"(20,1)":117.49649020094226,"(14,5)":272.8532408073581,"(19,5)":0.0,"(11,1)":98.22798368259394,"(9,6)":16.62230742872093,"(2,17)":4.673893066315176,"(15,20)":250.12132233423182,"(8,12)":0.0,"(22,20)":29.917973873276978,"(8,9)":26.735704066444992,"(14,11)":31.519152308540008,"(15,22)":202.71229362045707,"(13,16)":798.2515221935328,"(19,2)":10.92350102287735,"(2,18)":9.299319613688622,"(11,17)":78.62307150549043,"(11,7)":110.75019472023726,"(3,3)":0.0,"(15,21)":56.83572438453179,"(4,1)":598.8739518624758,"(16,3)":0.0,"(13,7)":433.2490075095045,"(14,13)":982.4681020757214,"(5,3)":101.27795104129747,"(11,13)":161.58099306567655,"(17,7)":344.33478231140106,"(1,3)":208.5067784318955,"(15,18)":173.77453541461523,"(1,8)":0.0,"(20,12)":42.00928360334143,"(13,17)":483.29738930702405,"(17,11)":0.0,"(12,22)":105.91168004884808,"(21,12)":21.255246496368926,"(10,19)":0.0,"(6,8)":219.32327445927442,"(8,8)":0.0,"(7,15)":0.0,"(5,4)":112.22801340691085,"(18,19)":0.0,"(1,16)":211.52327796604322,"(6,14)":37.32533080639074,"(6,10)":0.3939184084061901,"(15,4)":187.1629739067343,"(10,17)":109.70868059829813,"(17,15)":143.20769917061676,"(11,22)":0.0,"(11,8)":343.437057505125,"(9,13)":0.0,"(16,22)":0.0,"(10,13)":0.0,"(2,3)":53.35058104353822,"(3,6)":56.199997705102504,"(5,12)":0.0,"(17,13)":464.1791764018965,"(15,17)":81.17694464603076,"(10,7)":0.0,"(14,4)":794.1287763934525,"(3,16)":1.458698657823809,"(1,13)":146.2281833725108,"(16,9)":0.0,"(11,15)":237.40051206440307,"(18,22)":0.0,"(19,1)":0.0,"(15,7)":0.0,"(18,3)":7.816106212630528,"(12,7)":0.0,"(17,18)":0.0,"(5,13)":0.0,"(3,1)":14.276949739561555,"(13,3)":0.0,"(15,11)":131.46610638331467,"(16,12)":454.6721112793569,"(20,9)":8.673104751649387,"(2,1)":0.0,"(3,12)":0.0,"(21,22)":131.78903137017656,"(1,9)":0.13214048502420359,"(7,9)":0.43098823529159536,"(19,16)":0.0,"(19,4)":4.746267618206971,"(9,15)":0.0,"(2,5)":0.3891571333857085,"(9,17)":0.0,"(2,19)":-2.6645352591003756e-16,"(2,11)":71.1730383859756,"(6,12)":0.0,"(9,14)":0.0,"(10,16)":32.74122195902647,"(17,9)":0.0,"(22,7)":9.384561579399868,"(1,2)":0.0,"(17,19)":177.0100358627604,"(22,6)":64.38033211327036,"(20,8)":0.0,"(21,20)":245.0280243552795,"(5,8)":69.83245965356274,"(13,11)":180.27699935329477,"(5,19)":0.0,"(4,17)":97.70542333045852,"(8,3)":134.04960940855585,"(17,21)":97.62138455113679,"(9,19)":0.0,"(7,2)":103.69073596934511,"(3,10)":0.0,"(12,2)":96.5395937397955,"(6,15)":0.0,"(11,21)":93.41638767628352,"(22,4)":106.8980641440745,"(15,2)":193.34020731140447,"(6,2)":122.59765699647588,"(5,11)":178.30299766239554,"(10,21)":44.0617462457859,"(21,19)":106.87133921328713,"(12,10)":0.0,"(13,18)":0.0,"(9,5)":46.52148836394483,"(1,18)":0.0,"(14,9)":59.403470614840316,"(22,16)":158.06681497593806,"(8,4)":144.99967177416914,"(17,4)":105.66775927607557,"(22,19)":0.0,"(17,2)":0.0,"(13,19)":0.0,"(10,4)":0.0,"(9,20)":0.0,"(20,17)":337.0696414600759,"(20,10)":79.22031948322227,"(10,9)":0.0,"(3,2)":0.0,"(4,20)":177.852801989177,"(1,20)":1.4602693382532743,"(9,22)":0.0,"(7,16)":737.1098798540013,"(10,8)":120.2711933307224,"(16,18)":0.0,"(7,10)":0.0,"(17,17)":0.0,"(17,14)":524.178994170263,"(8,16)":135.49791702987662,"(4,4)":0.0,"(12,4)":286.98073073512506,"(19,9)":0.0,"(21,11)":165.7628176412836,"(20,14)":390.83942036516953,"(22,2)":113.07529754874497,"(16,20)":60.33802449849475,"(9,16)":0.0,"(21,16)":236.9589569018788,"(14,21)":264.05923269765566,"(4,2)":6.1772334046703525,"(14,1)":518.7018099911339,"(14,12)":717.0914330637437,"(7,22)":0.0,"(10,2)":0.0,"(14,7)":872.1811106287772,"(3,19)":0.0,"(10,20)":24.12401253820741,"(13,2)":0.0,"(11,19)":109.13319157061765,"(17,12)":700.4600763422258,"(7,12)":287.1825710484918,"(13,20)":85.70888364693339,"(22,8)":6.839003228123035,"(17,16)":349.81818371056227,"(9,21)":0.0,"(8,1)":130.12451803664473,"(22,5)":139.96845535798064,"(8,5)":32.77165836725825,"(16,6)":0.0,"(6,21)":2.1632470799120367,"(4,11)":79.58094958320079,"(19,14)":171.36459089088058,"(15,10)":0.0,"(21,1)":2.1213821555236434,"(4,13)":367.4163476234343,"(5,1)":97.35285966938646,"(6,19)":0.0,"(12,12)":0.0,"(11,12)":23.517098853699416,"(21,10)":101.6778603794031,"(11,5)":241.33408849881795,"(18,14)":0.0,"(14,10)":25.930812882160534,"(14,20)":162.80275932265434,"(18,13)":0.0,"(7,8)":200.41635343214355,"(13,13)":0.0,"(18,21)":0.0,"(11,10)":223.16586417440251,"(8,10)":119.44297194506991,"(12,19)":0.0,"(13,12)":429.48122378802304,"(21,9)":24.391603732036362,"(11,9)":27.88431830630035,"(4,21)":0.0,"(22,3)":0.0,"(6,16)":0.28055022740154084,"(7,7)":0.0,"(1,15)":62.02297378633432,"(12,21)":0.0,"(19,12)":0.0,"(3,17)":65.61241322330136,"(12,13)":188.67124305841082,"(3,13)":0.0,"(5,7)":120.8319177698764,"(16,2)":0.0,"(1,21)":0.0,"(16,5)":0.0,"(4,9)":27.046131342280603,"(20,3)":0.0,"(13,14)":1187.1022053530044,"(14,3)":115.47018625157233,"(9,3)":0.0,"(7,5)":130.58389377858083,"(9,1)":0.0,"(21,3)":0.0,"(22,9)":0.0,"(19,21)":23.033387692388175,"(12,1)":304.031830197601,"(19,3)":0.0,"(10,15)":14.2346478900006,"(16,4)":427.96474076551334,"(14,17)":555.0479521268627,"(17,20)":393.32902150484864,"(7,6)":54.99577053387051,"(18,4)":52.78940633267016,"(14,14)":0.0,"(4,6)":70.84486894546201,"(6,9)":68.49724686349452,"(10,5)":0.0,"(2,4)":6.861781812326826,"(18,12)":66.22055824889732,"(18,6)":76.98811338895497,"(7,14)":1465.1585012711473,"(8,21)":163.50471819085578,"(7,17)":233.93944536749302,"(22,22)":0.0,"(1,12)":312.6446577756306,"(1,7)":222.64842371204205,"(19,22)":168.90995692831348,"(15,12)":96.80061357160902,"(18,18)":0.0,"(19,10)":0.0,"(20,21)":242.50821716667699,"(19,11)":97.66376969117098,"(9,10)":0.0,"(1,11)":5.628947575021065,"(15,16)":91.66368595659316,"(2,2)":0.0,"(8,15)":135.51265556978925,"(12,15)":213.8834132107038,"(9,8)":0.0,"(19,6)":0.0,"(12,18)":76.97392184300624,"(18,5)":85.85979754657616,"(15,15)":0.0,"(8,2)":151.17690517883943,"(12,11)":34.66549281170559,"(8,6)":215.84454071963117,"(17,5)":218.14265967044008,"(5,18)":98.83957491479188,"(14,2)":245.96008299812237,"(8,14)":311.83592138934813,"(6,7)":150.49709593524364,"(18,2)":58.9666397373405,"(3,15)":0.0,"(2,12)":0.0,"(19,13)":0.0,"(15,6)":0.0,"(1,5)":0.0,"(13,10)":0.0,"(5,17)":286.5220598693829,"(6,20)":0.0,"(2,15)":201.9438194093942,"(13,4)":321.23509167417916,"(22,14)":0.0,"(12,3)":0.0,"(16,10)":0.0,"(2,20)":141.38111496131313,"(22,12)":0.0,"(20,11)":317.1385991654599,"(2,6)":40.12583797945416,"(16,16)":0.0,"(5,10)":0.0,"(3,7)":206.69709364034608,"(21,2)":18.589694972309456,"(16,8)":56.80655187918282,"(10,12)":0.0,"(22,15)":20.028609225070173,"(4,5)":33.07039121390604,"(17,1)":1.5482364737576926,"(5,21)":0.0,"(1,4)":260.4441429490763,"(19,7)":0.0,"(13,1)":181.45138407186133,"(5,14)":7.660152641023506,"(9,9)":0.0,"(13,21)":105.64661735451192,"(7,3)":0.0,"(6,6)":0.0,"(2,21)":0.0,"(18,11)":79.4634227476037,"(11,4)":208.26369728491196,"(16,17)":320.2007191134916,"(12,14)":543.0956960114152,"(4,15)":238.4155064372581,"(12,8)":0.0,"(7,4)":495.8531485646747,"(21,13)":159.31914070834605,"(18,17)":0.0,"(13,8)":62.62991300177947,"(15,8)":42.16330213256513,"(5,5)":0.0,"(12,9)":0.0,"(14,6)":197.26511756264776,"(6,1)":0.0,"(14,18)":186.9934432607818,"(19,20)":67.70461604570453,"(20,2)":138.5488773431371,"(8,18)":131.6112332820502,"(17,6)":1.489337842046035,"(10,22)":189.9383154817112,"(3,9)":123.83121722640924,"(21,5)":34.677169996431346,"(4,10)":0.0,"(7,11)":57.471079892519235,"(11,2)":214.4409306895824,"(6,3)":-1.3322676295501878e-16,"(20,15)":255.89269681404517,"(12,16)":258.69942925194357,"(1,1)":0.0,"(4,16)":480.02194261696695,"(5,2)":118.40524681158118,"(9,7)":0.0,"(21,18)":13.476479661681955,"(1,10)":0.0,"(14,16)":1037.7842394133706,"(4,19)":0.0,"(5,16)":0.0,"(3,18)":251.42118987235062,"(4,3)":0.0,"(8,17)":216.68960021582004,"(18,7)":41.363614441338875,"(21,6)":36.72676229465697,"(13,9)":0.0,"(8,13)":57.85810083634396,"(6,17)":49.136779550250516,"(14,8)":139.72378867750038,"(4,12)":575.7973884265543,