{"(6,9)":0.0,"(18,3)":0.618910287246658,"(21,13)":14.77682656271359,"(22,16)":27.389333234403644,"(15,17)":7.089786294108883,"(22,14)":0.0,"(13,9)":0.0,"(8,9)":0.0,"(17,14)":524.8810296811519,"(9,1)":0.11723319244865779,"(16,6)":0.0,"(16,12)":469.7962477461069,"(16,13)":821.7343507801751,"(22,2)":0.0,"(7,16)":688.5064771259151,"(1,12)":369.29737848151234,"(4,5)":7.004102028985763,"(11,8)":23.03911507181654,"(18,21)":0.0,"(19,4)":3.8006559520961263,"(20,13)":16.147607961275142,"(15,4)":32.96271062427487,"(6,18)":0.0,"(5,16)":0.0,"(4,9)":0.0,"(8,4)":12.045591215301622,"(1,22)":0.0,"(22,15)":0.0,"(1,2)":0.0,"(17,9)":0.0,"(19,20)":5.653076556135896,"(14,2)":0.0,"(6,11)":13.40731289325489,"(16,2)":0.0,"(8,21)":1.5371818743789107,"(9,6)":0.0,"(8,2)":0.0,"(21,3)":0.0008350789506201147,"(13,19)":0.0,"(7,19)":0.0,"(8,12)":9.913040744459067,"(11,4)":0.0,"(17,10)":0.0,"(1,17)":0.0,"(18,5)":0.0,"(2,5)":0.0,"(8,5)":6.50308040677415,"(3,16)":0.0,"(14,13)":758.808813139032,"(22,4)":0.0,"(3,9)":0.0,"(15,2)":20.882242249424475,"(19,6)":0.0,"(19,9)":0.0,"(18,12)":8.361856233501388,"(15,1)":7.364995997209271,"(14,6)":50.75740382278526,"(14,18)":12.154049037646532,"(21,4)":0.0,"(22,7)":22.001324428432877,"(13,4)":284.3308173425238,"(16,20)":0.0,"(7,12)":492.0892615921797,"(10,22)":6.836608466189761,"(12,19)":0.0,"(4,10)":0.0,"(10,8)":11.021414220557755,"(7,2)":0.0,"(11,15)":0.0,"(10,17)":0.0,"(3,13)":0.0,"(20,8)":6.4784185120026985,"(6,3)":6.498386841137316,"(1,7)":205.63330804105482,"(19,13)":0.0,"(21,20)":19.645462385535595,"(8,8)":0,"(1,3)":18.6814106631376,"(4,15)":56.488068467898586,"(22,10)":0.0,"(21,9)":0.0,"(11,11)":0,"(12,15)":25.22428361794315,"(9,10)":0.0,"(12,5)":8.512416835656165,"(12,2)":1.9744592693332357,"(20,4)":18.524009727304318,"(9,3)":0.7576473023035742,"(16,4)":369.4411821226989,"(16,10)":0.0,"(17,19)":27.764407277445606,"(11,19)":0.0,"(16,19)":0.0,"(4,1)":485.8598733729344,"(13,20)":4.868635822822012,"(5,15)":49.48396643891281,"(16,9)":0.0,"(4,17)":0.0,"(5,12)":24.25968282096967,"(5,14)":0.0,"(17,11)":0.0,"(6,16)":0.0,"(22,22)":0,"(2,14)":0.0,"(11,9)":0.0,"(17,6)":0.0,"(20,12)":4.469082083120685,"(21,11)":33.97732838213452,"(9,13)":0.0,"(20,15)":29.693365701063836,"(10,20)":0.0,"(11,10)":12.017700851258782,"(15,22)":60.69754922941874,"(2,17)":0.0,"(6,2)":4.357832581342181,"(21,14)":18.424625635949635,"(8,7)":0.0,"(4,20)":47.17113309817884,"(3,17)":0.0,"(2,15)":33.015380494278595,"(12,21)":16.57904672214998,"(1,8)":0.0,"(22,8)":0.0,"(21,5)":0.0,"(1,13)":299.98639566730265,"(3,12)":0.0,"(3,14)":22.574028068223942,"(5,11)":0.0,"(15,9)":0.0,"(9,11)":0.0,"(6,15)":0.0,"(1,14)":402.523229820966,"(7,14)":1306.436765779911,"(12,1)":178.911066017118,"(8,10)":11.025640174037573,"(14,10)":0.0,"(10,5)":0.0,"(15,8)":20.917119408973253,"(15,19)":17.99485396450811,"(21,12)":0.0,"(22,20)":0.0,"(2,18)":0.0,"(20,10)":1.8514545364425796,"(8,22)":17.862248640227328,"(16,15)":9.991737777524493,"(1,15)":7.434081099455506,"(10,11)":12.726530417553521,"(12,16)":251.41653104180463,"(17,4)":75.69516181447548,"(3,1)":8.999937368551699,"(20,5)":12.98149891877685,"(15,15)":0,"(16,21)":0.0,"(21,8)":10.16432790982186,"(16,3)":0.0,"(17,16)":266.3499506917766,"(12,8)":2.009336428882014,"(13,7)":504.6298200043818,"(3,18)":8.621592242908754,"(6,17)":0.0,"(22,19)":0.0,"(6,5)":23.442402985178347,"(16,17)":189.011337464587,"(18,18)":0,"(13,11)":21.716475008037364,"(13,18)":0.0,"(16,11)":0.0,"(2,13)":0.0,"(9,8)":0.0,"(3,4)":31.608106891448486,"(5,17)":56.573752733021706,"(5,20)":40.16703106919307,"(10,19)":0.0,"(2,3)":1.7469809036229853,"(21,17)":2.7341768332370346,"(13,3)":0.0,"(4,11)":0.0,"(6,20)":0.0,"(5,4)":5.542510808527469,"(17,1)":124.46698553729722,"(2,1)":0.0,"(20,6)":0.0,"(20,11)":37.8640829693125,"(5,9)":0.0,"(1,4)":314.9765756315569,"(13,22)":43.51063770719018,"(19,19)":0,"(18,19)":0.0,"(9,18)":0.0,"(20,16)":1.6437687630891453,"(3,21)":0.0,"(16,5)":0.0,"(11,22)":19.60676126185125,"(19,1)":0.0,"(13,1)":303.38248706534563,"(18,17)":0.0,"(17,18)":0.0,"(14,15)":9.235160722907198,"(2,11)":0.0,"(20,2)":6.44354135245392,"(10,10)":0,"(4,12)":490.65153084995546,"(2,22)":0.0,"(5,22)":0.0,"(6,12)":0.0,"(18,2)":0.0,"(16,7)":617.4692027845568,"(19,7)":0.0,"(7,21)":0.0,"(4,13)":386.37007603574585,"(6,1)":15.498324209689015,"(7,11)":0.0,"(11,6)":35.204701076600365,"(12,13)":276.8480865421373,"(18,22)":0.0,"(21,18)":0.0,"(22,11)":2.6090860915672436,"(7,15)":0.0,"(7,6)":15.812462739734729,"(15,16)":0.0,"(21,16)":1.3653784511884333,"(20,19)":3.556153067537555,"(11,16)":46.996094496254884,"(11,7)":19.392238336865635,"(8,14)":0.6940236268830023,"(5,5)":0,"(2,7)":0.0,"(8,3)":26.509565168326123,"(5,21)":0.0,"(4,3)":14.463973953024508,"(2,21)":0.0,"(9,7)":0.0,"(18,15)":33.586139851444536,"(14,3)":57.255790663922575,"(4,14)":584.1653221894092,"(18,7)":0.0,"(11,21)":8.956554334916932,"(2,10)":0.0,"(14,16)":788.1425672565417,"(14,8)":1.8628092263993492,"(11,2)":0.0,"(15,6)":0.0,"(19,18)":0.0,"(8,13)":0.0,"(17,22)":0.0,"(1,19)":0.0,"(18,20)":0.0,"(20,1)":0.0,"(3,10)":0.0,"(7,20)":0.0,"(6,14)":7.404222132968042,"(9,21)":0.0,"(13,15)":4.904869583875018,"(21,21)":0,"(17,15)":9.769553312937504,"(17,20)":44.584684541252145,"(20,21)":34.447526141287824,"(20,7)":0.0,"(11,1)":17.541082397829395,"(15,18)":0.34657923631622145,"(19,17)":22.05979821996452,"(10,14)":0.0,"(1,10)":0.0,"(9,9)":0,"(13,16)":581.4212244996671,"(22,21)":2.0160284405861333,"(12,17)":160.147521912052,"(21,6)":0.0,"(12,14)":378.45439922718936,"(12,10)":0.0,"(19,14)":17.092843242772513,"(2,6)":0.0,"(13,14)":795.5044396850521,"(16,1)":332.3709108455207,"(16,14)":1596.1493679893754,"(10,4)":0.0,"(1,20)":0.0,"(6,21)":0.0,"(10,12)":0.0,"(15,11)":38.9033865302659,"(16,16)":0,"(17,17)":0,"(16,22)":0.0,"(17,13)":357.8197684719516,"(19,8)":0.0,"(17,3)":0.0,"(2,8)":0.0,"(5,8)":14.346642076510605,"(13,21)":18.29991818001268,"(17,12)":412.3871392930287,"(7,22)":16.771395802049295,"(5,19)":23.346753805386538,"(1,1)":0,"(22,12)":0.0,"(21,19)":4.711684220732966,"(17,8)":30.68667272191076,"(10,9)":0.0,"(10,21)":0.0,"(4,19)":30.3508558343723,"(11,5)":0.0,"(14,17)":308.03973272112876,"(22,6)":37.813787168167615,"(14,14)":0,"(2,2)":0,"(17,21)":0.0,"(5,18)":0.0,"(15,12)":18.90778298009124,"(10,16)":0.0,"(20,9)":0.0,"(7,1)":300.59608706096367,"(3,11)":28.577118828510798,"(5,13)":0.0,"(10,13)":0.0,"(11,17)":47.21827896084188,"(14,12)":632.395420104964,"(21,22)":44.03447765808774,"(14,5)":0.0,"(12,11)":19.995603550174657,"(15,14)":35.08769720728063,"(1,16)":270.6105971669699,"(11,18)":0.0,"(21,1)":0.0751098412886057,"(22,13)":0.0,"(2,20)":23.69844512455886,"(6,6)":0,"(16,8)":0.0,"(20,3)":0.003112481718303277,"(10,2)":0.0,"(4,2)":0.0,"(15,21)":35.48682970224122,"(1,6)":33.851216598393506,"(13,13)":0,"(19,10)":0.0,"(11,3)":41.70308791773768,"(3,19)":0.0,"(22,17)":27.61151769899063,"(22,9)":0.0,"(9,20)":0.0,"(8,6)":20.01117832718881,"(4,6)":7.965587111887189,"(15,5)":27.420199815747402,"(8,1)":0.0,"(13,2)":0.0,"(17,2)":0.0,"(14,9)":0.018053153680315397,"(9,15)":0.0,"(15,7)":0.0,"(6,10)":0.0,"(6,4)":16.438300956192577,"(10,7)":0.0,"(5,2)":0.0,"(21,7)":0.0,"(8,19)":9.000111728875934,"(7,3)":22.31084958087205,"(12,12)":0,"(14,1)":357.2226801440142,"(10,3)":0.0,"(13,6)":0.0,"(15,3)":0.0,"(20,14)":34.04839364632722,"(1,5)":0.0,"(3,5)":38.61220892043425,"(3,8)":52.958850996944854,"(9,5)":0.0,"(14,19)":0.0,"(3,6)":15.169805935255903,"(19,5)":0.0,"(7,17)":191.37518659050204,"(12,4)":177.90356964418365,"(4,21)":0.0,"(4,4)":0,"(13,17)":241.13685196425422,"(19,12)":0.0,"(9,4)":0.0,"(20,17)":36.783151995172716,"(22,3)":44.31217400930493,"(13,12)":452.6348509659318,"(8,11)":0.0,"(8,18)":0.0,"(6,19)":0.0,"(12,7)":205.49639854651917,"(12,18)":0.0,"(19,22)":42.70269526491061,"(20,22)":59.65824566846533,"(14,4)":451.2070594211925,"(3,15)":0.0,"(4,22)":0.0,"(2,4)":0.0,"(9,19)":0.0,"(18,16)":0.0,"(6,22)":33.014074155106144,"(19,2)":0.0,"(9,22)":0.0,"(22,1)":20.15016848939663,"(9,2)":0.0,"(14,21)":14.959645095203783,"(5,1)":0.0,"(15,20)":34.81513122831465,"(10,6)":0.0,"(11,12)":0.0,