{"(6,9)":0.0,"(18,3)":0.0,"(21,13)":2.676006531279584,"(22,16)":0.0,"(15,17)":4.51033104266357,"(22,14)":0.0,"(13,9)":0.0,"(8,9)":0.0,"(17,14)":308.66996946816016,"(9,1)":0.0,"(16,6)":0.0,"(16,12)":260.9842354955392,"(16,13)":504.879421383701,"(22,2)":0.0,"(7,16)":403.5985696986016,"(1,12)":214.40859573469524,"(4,5)":0.0,"(11,8)":8.010769271028932,"(18,21)":0.0,"(19,4)":0.0,"(20,13)":2.4760544402515845,"(15,4)":7.540921981563663,"(6,18)":0.0,"(5,16)":0.0,"(4,9)":0.0,"(8,4)":0.85619266076444,"(1,22)":0.0,"(22,15)":0.0,"(1,2)":0.0,"(17,9)":0.0,"(19,20)":0.0,"(14,2)":0.0,"(6,11)":0.0,"(16,2)":0.0,"(8,21)":0.0,"(9,6)":0.0,"(8,2)":0.0,"(21,3)":0.0,"(13,19)":0.0,"(7,19)":0.0,"(8,12)":0.595734598486186,"(11,4)":0.0,"(17,10)":0.0,"(1,17)":0.0,"(18,5)":0.0,"(2,5)":0.0,"(8,5)":0.6448991168126524,"(3,16)":0.0,"(14,13)":463.71414638516774,"(22,4)":0.0,"(3,9)":0.0,"(15,2)":0.0,"(19,6)":0.0,"(19,9)":0.0,"(18,12)":0.0,"(15,1)":0.0,"(14,6)":0.5402357375704043,"(14,18)":0.0,"(21,4)":0.0,"(22,7)":0.0,"(13,4)":145.379089814356,"(16,20)":0.0,"(7,12)":267.8522323037273,"(10,22)":0.0,"(12,19)":0.0,"(4,10)":0.0,"(10,8)":3.632533817246764,"(7,2)":0.0,"(11,15)":0.0,"(10,17)":0.0,"(3,13)":0.0,"(20,8)":1.0130850416472241,"(6,3)":5.093830208759901,"(1,7)":121.31128549904096,"(19,13)":0.0,"(21,20)":3.710831471135005,"(8,8)":0.0,"(1,3)":11.41696686384512,"(4,15)":4.152982418869129,"(22,10)":0.0,"(21,9)":0.0,"(11,11)":0.0,"(12,15)":4.782732992574368,"(9,10)":0.0,"(12,5)":0.7075766690595425,"(12,2)":0.0,"(20,4)":1.8692777024116645,"(9,3)":0.0,"(16,4)":186.17066753833697,"(16,10)":0.0,"(17,19)":6.07251866670792,"(11,19)":0.0,"(16,19)":0.0,"(4,1)":302.054747964219,"(13,20)":1.0348249398554208,"(5,15)":5.236595381267176,"(16,9)":0.0,"(4,17)":0.0,"(5,12)":0.45386238869280854,"(5,14)":0.0,"(17,11)":0.0,"(6,16)":0.0,"(22,22)":0.0,"(2,14)":0.0,"(11,9)":0.0,"(17,6)":0.0,"(20,12)":0.9504074894003341,"(21,11)":0.57763030586338,"(9,13)":0.0,"(20,15)":5.733140481974702,"(10,20)":0.0,"(11,10)":4.3782354537821675,"(15,22)":0.0,"(2,17)":0.0,"(6,2)":0.0,"(21,14)":2.844961817873935,"(8,7)":0.0,"(4,20)":1.729624574535977,"(3,17)":0.0,"(2,15)":0.0,"(12,21)":0.0,"(1,8)":0.0,"(22,8)":0.0,"(21,5)":0.0,"(1,13)":160.74891569539008,"(3,12)":0.0,"(3,14)":0.0,"(5,11)":0.0,"(15,9)":0.0,"(9,11)":0.0,"(6,15)":0.0,"(1,14)":219.45846261667705,"(7,14)":797.1838797745162,"(12,1)":100.73484505253039,"(8,10)":2.3487465049340823,"(14,10)":0.0,"(10,5)":0.0,"(15,8)":6.6847293207992236,"(15,19)":2.3916291924627435,"(21,12)":0.0,"(22,20)":0.0,"(2,18)":0.0,"(20,10)":0.0,"(8,22)":0.0,"(16,15)":1.8576643083801776,"(1,15)":0.0,"(10,11)":4.536679257847081,"(12,16)":140.89227520438553,"(17,4)":4.476561343835783e-15,"(3,1)":9.196602736468812,"(20,5)":1.6579841584598767,"(15,15)":0.0,"(16,21)":0.0,"(21,8)":0.0,"(16,3)":0.0,"(17,16)":166.70099611108301,"(12,8)":0.06267755224689,"(13,7)":292.7302195051172,"(3,18)":0.0,"(6,17)":0.0,"(22,19)":0.0,"(6,5)":0.6879938155216119,"(16,17)":116.55580149630214,"(18,18)":0.0,"(13,11)":0.0,"(13,18)":0.0,"(16,11)":0.0,"(2,13)":0.0,"(9,8)":0.0,"(3,4)":9.234528316520622,"(5,17)":9.746926423930745,"(5,20)":2.813237536934023,"(10,19)":0.0,"(2,3)":0.8903860629771367,"(21,17)":0.0,"(13,3)":0.0,"(4,11)":0.0,"(6,20)":0.0,"(5,4)":0.2112935439517876,"(17,1)":11.234688626273174,"(2,1)":0.0,"(20,6)":0.0,"(20,11)":0.0,"(5,9)":0.0,"(1,4)":200.51196382804042,"(13,22)":0.0,"(19,19)":0.0,"(18,19)":0.0,"(9,18)":0.0,"(20,16)":0.0,"(3,21)":0.0,"(16,5)":0.0,"(11,22)":0.0,"(19,1)":0.0,"(13,1)":137.88948701754913,"(18,17)":0.0,"(17,18)":0.0,"(14,15)":0.0,"(2,11)":0.0,"(20,2)":0.0,"(10,10)":0.0,"(4,12)":288.7937171612148,"(2,22)":0.0,"(5,22)":0.0,"(6,12)":0.0,"(18,2)":0.0,"(16,7)":350.99163314945815,"(19,7)":0.0,"(7,21)":0.0,"(4,13)":213.10194035246957,"(6,1)":14.290432945228712,"(7,11)":0.0,"(11,6)":1.3791868619647258,"(12,13)":167.08224275103308,"(18,22)":0.0,"(21,18)":0.0,"(22,11)":0.0,"(7,15)":0.0,"(7,6)":2.9503697464119103,"(15,16)":0.0,"(21,16)":0.0,"(20,19)":0.0,"(11,16)":0.0,"(11,7)":0.0,"(8,14)":0.0,"(5,5)":0.0,"(2,7)":0.0,"(8,3)":7.716858512846978,"(5,21)":0.0,"(4,3)":6.860665852082539,"(2,21)":0.0,"(9,7)":0.0,"(18,15)":0.0,"(14,3)":4.489674270827784,"(4,14)":331.8261920019966,"(18,7)":0.0,"(11,21)":0.0,"(2,10)":0.0,"(14,16)":445.7286391175842,"(14,8)":0.0,"(11,2)":0.0,"(15,6)":0.0,"(19,18)":0.0,"(8,13)":0.0,"(17,22)":0.0,"(1,19)":0.0,"(18,20)":0.0,"(20,1)":0.0,"(3,10)":0.0,"(7,20)":0.0,"(6,14)":0.0,"(9,21)":0.0,"(13,15)":0.0,"(21,21)":0.0,"(17,15)":3.6808894742451765,"(17,20)":12.662316391038726,"(20,21)":5.295649052192485,"(20,7)":0.0,"(11,1)":0.0,"(15,18)":0.0,"(19,17)":0.0,"(10,14)":0.0,"(1,10)":0.0,"(9,9)":0.0,"(13,16)":356.1394209089525,"(22,21)":0.0,"(12,17)":89.83069546427795,"(21,6)":0.0,"(12,14)":213.90512037326735,"(12,10)":0.0,"(19,14)":0.0,"(2,6)":0.0,"(13,14)":483.9925755947743,"(16,1)":143.32311947271015,"(16,14)":984.6952477928571,"(10,4)":0.0,"(1,20)":0.0,"(6,21)":0.0,"(10,12)":0.0,"(15,11)":0.0,"(16,16)":0.0,"(17,17)":0.0,"(16,22)":0.0,"(17,13)":211.499156414124,"(19,8)":0.0,"(17,3)":0.0,"(2,8)":0.0,"(5,8)":0.0,"(13,21)":2.819594611940899,"(17,12)":252.04779132885753,"(7,22)":0.0,"(5,19)":0.0,"(1,1)":0.0,"(22,12)":0.0,"(21,19)":0.0,"(17,8)":10.3656187950444,"(10,9)":0.0,"(10,21)":0.0,"(4,19)":0.0,"(11,5)":0.0,"(14,17)":140.72912997044637,"(22,6)":0.0,"(14,14)":0.0,"(2,2)":0.0,"(17,21)":0.0,"(5,18)":0.0,"(15,12)":6.622051768552333,"(10,16)":0.0,"(20,9)":0.0,"(7,1)":161.33065898083203,"(3,11)":0.0,"(5,13)":0.0,"(10,13)":0.0,"(11,17)":0.0,"(14,12)":361.9040382912059,"(21,22)":0.0,"(14,5)":0.0,"(12,11)":0.0,"(15,14)":0.0,"(1,16)":132.07399617388253,"(11,18)":0.0,"(21,1)":0.0,"(22,13)":0.0,"(2,20)":0.0,"(6,6)":0.0,"(16,8)":0.0,"(20,3)":0.0,"(10,2)":0.0,"(4,2)":0.0,"(15,21)":1.0198742123662672,"(1,6)":18.879888402446085,"(13,13)":0.0,"(19,10)":0.0,"(11,3)":5.614162119588991,"(3,19)":0.0,"(22,17)":0.0,"(22,9)":0.0,"(9,20)":0.0,"(8,6)":2.6230283040870765,"(4,6)":1.7668356433226369,"(15,5)":7.329628437611877,"(8,1)":0.0,"(13,2)":0.0,"(17,2)":0.0,"(14,9)":0.0,"(9,15)":0.0,"(15,7)":0.0,"(6,10)":0.0,"(6,4)":1.771606777919658,"(10,7)":0.0,"(5,2)":0.0,"(21,7)":0.0,"(8,19)":0.0,"(7,3)":7.762876808341943,"(12,12)":0.0,"(14,1)":169.65526722309198,"(10,3)":0.0,"(13,6)":0.0,"(15,3)":0.0,"(20,14)":0.0,"(1,5)":0.0,"(3,5)":8.150915354122576,"(3,8)":8.009043144329198,"(9,5)":0.0,"(14,19)":0.0,"(3,6)":7.462921538600965,"(19,5)":0.0,"(7,17)":87.87079270234368,"(12,4)":104.14679164585135,"(4,21)":0.0,"(4,4)":0.0,"(13,17)":139.2283391910546,"(19,12)":0.0,"(9,4)":0.0,"(20,17)":10.243471524638272,"(22,3)":0.0,"(13,12)":263.00186659091827,"(8,11)":0.0,"(8,18)":0.0,"(6,19)":0.0,"(12,7)":96.93259258599024,"(12,18)":0.0,"(19,22)":0.0,"(20,22)":0.0,"(14,4)":248.35984161087885,"(3,15)":0.0,"(4,22)":0.0,"(2,4)":0.0,"(9,19)":0.0,"(18,16)":0.0,"(6,22)":0.0,"(19,2)":0.0,"(9,22)":0.0,"(22,1)":0.0,"(9,2)":0.0,"(14,21)":2.6934202636823183,"(5,1)":0.0,"(15,20)":8.981426916793547,"(10,6)":0.0,"(11,12)":0.0,"(8,16)":0.0,"(1,18)":0.0,"(2,16)":0.0,"(7,13)":673.3730734521891,"(21,15)":0.0,"(8,15)":5.378467591060554,"(9,17)":0.0,"(19,16)":0.0,"(5,10)":0.0,"(18,10)":0.0,"(18,13)":0.0,"(21,10)":0.0,"(8,17)":9.888798633724123,"(8,20)":2.9551097467274006,"(4,8)":0.0,"(11,20)":0.0,"(12,9)":0.0,"(7,8)":0.0,"(14,22)":0.0,"(7,7)":0.0,"(18,1)":0.0,"(22,18)":0.0,"(7,9)":0.0,"(9,14)":0.0,"(4,18)":0.0,"(19,15)":0.0,"(20,20)":0.0,"(3,22)":0.0,"(5,7)":0.0,"(11,14)":0.0,"(12,6)":0.0,"(17,5)":11.01051791185705,"(18,6)":0.0,"(6,13)":0.0,"(11,13)":0.0,"(2,19)":0.0,"(19,11)":0.0,"(20,18)":0.0,"(13,5)":0.0,"(4,7)":150.73548386998053,"(6,8)":0.5461216057282342,"(21,2)":0.0,"(12,20)":2.359375148241215,"(7,5)":0.0,"(2,9)":0.0,"(3,2)":1.9953330955208128,"(14,11)":0.0,"(10,15)":0.0,"(3,7)":12.558536837016575,"(15,10)":0.0,"(15,13)":0.0,"(18,8)":0.0,"(14,7)":377.88057493528,"(18,11)":0.0,"(9,16)":0.0,"(4,16)":209.2658220493021,"(14,20)":0.0,"(22,5)":0.0,"(5,6)":1.9781291872744244,"(2,12)":0.0,"(12,3)":0.0,"(9,12)":0.0,"(13,10)":0.0,"(17,7)":213.8461218558812,