{"(6,9)":0.0,"(18,3)":0.0,"(21,13)":2.5484967441791535,"(22,16)":0.0,"(15,17)":4.295417011520495,"(22,14)":0.0,"(13,9)":0.0,"(8,9)":0.0,"(17,14)":293.9620673643632,"(9,1)":0.0,"(16,6)":0.0,"(16,12)":248.54852432831262,"(16,13)":480.822279975589,"(22,2)":0.0,"(7,16)":384.36738804984117,"(1,12)":204.19218031303313,"(4,5)":0.0,"(11,8)":7.629061875206119,"(18,21)":0.0,"(19,4)":0.0,"(20,13)":2.3580722265181273,"(15,4)":7.1816024712520194,"(6,18)":0.0,"(5,16)":0.0,"(4,9)":0.0,"(8,4)":0.815395696102765,"(1,22)":0.0,"(22,15)":0.0,"(1,2)":0.0,"(17,9)":0.0,"(19,20)":0.0,"(14,2)":0.0,"(6,11)":0.0,"(16,2)":0.0,"(8,21)":0.0,"(9,6)":0.0,"(8,2)":0.0,"(21,3)":0.0,"(13,19)":0.0,"(7,19)":0.0,"(8,12)":0.5673482732162655,"(11,4)":0.0,"(17,10)":0.0,"(1,17)":0.0,"(18,5)":0.0,"(2,5)":0.0,"(8,5)":0.6141701375949834,"(3,16)":0.0,"(14,13)":441.61850073188253,"(22,4)":0.0,"(3,9)":0.0,"(15,2)":0.0,"(19,6)":0.0,"(19,9)":0.0,"(18,12)":0.0,"(15,1)":0.0,"(14,6)":0.5144938931180638,"(14,18)":0.0,"(21,4)":0.0,"(22,7)":0.0,"(13,4)":138.45188071587188,"(16,20)":0.0,"(7,12)":255.0892660268505,"(10,22)":0.0,"(12,19)":0.0,"(4,10)":0.0,"(10,8)":3.459446192736831,"(7,2)":0.0,"(11,15)":0.0,"(10,17)":0.0,"(3,13)":0.0,"(20,8)":0.9648122678459962,"(6,3)":4.851112861902702,"(1,7)":115.53088997083358,"(19,13)":0.0,"(21,20)":3.534013019715252,"(8,8)":0.0,"(1,3)":10.872956601865134,"(4,15)":3.9550957927073385,"(22,10)":0.0,"(21,9)":0.0,"(11,11)":0.0,"(12,15)":4.554839204381798,"(9,10)":0.0,"(12,5)":0.6738611495440231,"(12,2)":0.0,"(20,4)":1.7802079639487614,"(9,3)":0.0,"(16,4)":177.29976909146086,"(16,10)":0.0,"(17,19)":5.783167518530763,"(11,19)":0.0,"(16,19)":0.0,"(4,1)":287.6620564085766,"(13,20)":0.985516275536098,"(5,15)":4.987075376591704,"(16,9)":0.0,"(4,17)":0.0,"(5,12)":0.4322361722099062,"(5,14)":0.0,"(17,11)":0.0,"(6,16)":0.0,"(22,22)":0.0,"(2,14)":0.0,"(11,9)":0.0,"(17,6)":0.0,"(20,12)":0.9051212558969564,"(21,11)":0.5501066371195009,"(9,13)":0.0,"(20,15)":5.459960460278754,"(10,20)":0.0,"(11,10)":4.169615682469288,"(15,22)":0.0,"(2,17)":0.0,"(6,2)":0.0,"(21,14)":2.7094014328503233,"(8,7)":0.0,"(4,20)":1.647209207202289,"(3,17)":0.0,"(2,15)":0.0,"(12,21)":0.0,"(1,8)":0.0,"(22,8)":0.0,"(21,5)":0.0,"(1,13)":153.08934544496054,"(3,12)":0.0,"(3,14)":0.0,"(5,11)":0.0,"(15,9)":0.0,"(9,11)":0.0,"(6,15)":0.0,"(1,14)":209.001424669068,"(7,14)":759.1986410982345,"(12,1)":95.93490211662841,"(8,10)":2.236830422780942,"(14,10)":0.0,"(10,5)":0.0,"(15,8)":6.366206775149255,"(15,19)":2.2776697810825786,"(21,12)":0.0,"(22,20)":0.0,"(2,18)":0.0,"(20,10)":0.0,"(8,22)":0.0,"(16,15)":1.7691479397925565,"(1,15)":0.0,"(10,11)":4.320509753195531,"(12,16)":134.17885959593553,"(17,4)":4.263256414560601e-15,"(3,1)":8.75839122866145,"(20,5)":1.5789824054409796,"(15,15)":0.0,"(16,21)":0.0,"(21,8)":0.0,"(16,3)":0.0,"(17,16)":158.7578135085391,"(12,8)":0.05969101194903972,"(13,7)":278.78183502598375,"(3,18)":0.0,"(6,17)":0.0,"(22,19)":0.0,"(6,5)":0.6552114048966177,"(16,17)":111.00200136151436,"(18,18)":0.0,"(13,11)":0.0,"(13,18)":0.0,"(16,11)":0.0,"(2,13)":0.0,"(9,8)":0.0,"(3,4)":8.794509682093222,"(5,17)":9.282492388112198,"(5,20)":2.679188791086654,"(10,19)":0.0,"(2,3)":0.8479598072859306,"(21,17)":0.0,"(13,3)":0.0,"(4,11)":0.0,"(6,20)":0.0,"(5,4)":0.20122555850778157,"(17,1)":10.699363791250919,"(2,1)":0.0,"(20,6)":0.0,"(20,11)":0.0,"(5,9)":0.0,"(1,4)":190.95771292470755,"(13,22)":0.0,"(19,19)":0.0,"(18,19)":0.0,"(9,18)":0.0,"(20,16)":0.0,"(3,21)":0.0,"(16,5)":0.0,"(11,22)":0.0,"(19,1)":0.0,"(13,1)":131.31915210712276,"(18,17)":0.0,"(17,18)":0.0,"(14,15)":0.0,"(2,11)":0.0,"(20,2)":0.0,"(10,10)":0.0,"(4,12)":275.0329041883256,"(2,22)":0.0,"(5,22)":0.0,"(6,12)":0.0,"(18,2)":0.0,"(16,7)":334.2671342015728,"(19,7)":0.0,"(7,21)":0.0,"(4,13)":202.9477861202529,"(6,1)":13.609504090564153,"(7,11)":0.0,"(11,6)":1.3134695996616543,"(12,13)":159.12089402022133,"(18,22)":0.0,"(21,18)":0.0,"(22,11)":0.0,"(7,15)":0.0,"(7,6)":2.8097867493843784,"(15,16)":0.0,"(21,16)":0.0,"(20,19)":0.0,"(11,16)":0.0,"(11,7)":0.0,"(8,14)":0.0,"(5,5)":0.0,"(2,7)":0.0,"(8,3)":7.349155753322413,"(5,21)":0.0,"(4,3)":6.533760057219649,"(2,21)":0.0,"(9,7)":0.0,"(18,15)":0.0,"(14,3)":4.275744520009953,"(4,14)":316.01491254436047,"(18,7)":0.0,"(11,21)":0.0,"(2,10)":0.0,"(14,16)":424.4899899535737,"(14,8)":0.0,"(11,2)":0.0,"(15,6)":0.0,"(19,18)":0.0,"(8,13)":0.0,"(17,22)":0.0,"(1,19)":0.0,"(18,20)":0.0,"(20,1)":0.0,"(3,10)":0.0,"(7,20)":0.0,"(6,14)":0.0,"(9,21)":0.0,"(13,15)":0.0,"(21,21)":0.0,"(17,15)":3.5054977374481853,"(17,20)":12.058966119525149,"(20,21)":5.043315182558476,"(20,7)":0.0,"(11,1)":0.0,"(15,18)":0.0,"(19,17)":0.0,"(10,14)":0.0,"(1,10)":0.0,"(9,9)":0.0,"(13,16)":339.1696335757143,"(22,21)":0.0,"(12,17)":85.5503274159023,"(21,6)":0.0,"(12,14)":203.71269519056602,"(12,10)":0.0,"(19,14)":0.0,"(2,6)":0.0,"(13,14)":460.93067737034465,"(16,1)":136.4938758827118,"(16,14)":937.775227255824,"(10,4)":0.0,"(1,20)":0.0,"(6,21)":0.0,"(10,12)":0.0,"(15,11)":0.0,"(16,16)":0.0,"(17,17)":0.0,"(16,22)":0.0,"(17,13)":201.4213736841281,"(19,8)":0.0,"(17,3)":0.0,"(2,8)":0.0,"(5,8)":0.0,"(13,21)":2.685242956040347,"(17,12)":240.03789530064842,"(7,22)":0.0,"(5,19)":0.0,"(1,1)":0.0,"(22,12)":0.0,"(21,19)":0.0,"(17,8)":9.871704512597441,"(10,9)":0.0,"(10,21)":0.0,"(4,19)":0.0,"(11,5)":0.0,"(14,17)":134.02348811508813,"(22,6)":0.0,"(14,14)":0.0,"(2,2)":0.0,"(17,21)":0.0,"(5,18)":0.0,"(15,12)":6.306515763200215,"(10,16)":0.0,"(20,9)":0.0,"(7,1)":153.643369081139,"(3,11)":0.0,"(5,13)":0.0,"(10,13)":0.0,"(11,17)":0.0,"(14,12)":344.65957108460606,"(21,22)":0.0,"(14,5)":0.0,"(12,11)":0.0,"(15,14)":0.0,"(1,16)":125.78076522067475,"(11,18)":0.0,"(21,1)":0.0,"(22,13)":0.0,"(2,20)":0.0,"(6,6)":0.0,"(16,8)":0.0,"(20,3)":0.0,"(10,2)":0.0,"(4,2)":0.0,"(15,21)":0.9712779394618588,"(1,6)":17.980275295177375,"(13,13)":0.0,"(19,10)":0.0,"(11,3)":5.34665133131233,"(3,19)":0.0,"(22,17)":0.0,"(22,9)":0.0,"(9,20)":0.0,"(8,6)":2.49804289141971,"(4,6)":1.6826471953169455,"(15,5)":6.98037691274424,"(8,1)":0.0,"(13,2)":0.0,"(17,2)":0.0,"(14,9)":0.0,"(9,15)":0.0,"(15,7)":0.0,"(6,10)":0.0,"(6,4)":1.6871909887809828,"(10,7)":0.0,"(5,2)":0.0,"(21,7)":0.0,"(8,19)":0.0,"(7,3)":7.392981310125338,"(12,12)":0.0,"(14,1)":161.571315726255,"(10,3)":0.0,"(13,6)":0.0,"(15,3)":0.0,"(20,14)":0.0,"(1,5)":0.0,"(3,5)":7.76253009820886,"(3,8)":7.6274179972025,"(9,5)":0.0,"(14,19)":0.0,"(3,6)":7.1073186933122425,"(19,5)":0.0,"(7,17)":83.68381261135552,"(12,4)":99.18427190805183,"(4,21)":0.0,"(4,4)":0.0,"(13,17)":132.5942089372286,"(19,12)":0.0,"(9,4)":0.0,"(20,17)":9.755377471799248,"(22,3)":0.0,"(13,12)":250.47001675272364,"(8,11)":0.0,"(8,18)":0.0,"(6,19)":0.0,"(12,7)":92.3138242462051,"(12,18)":0.0,"(19,22)":0.0,"(20,22)":0.0,"(14,4)":236.52567373500412,"(3,15)":0.0,"(4,22)":0.0,"(2,4)":0.0,"(9,19)":0.0,"(18,16)":0.0,"(6,22)":0.0,"(19,2)":0.0,"(9,22)":0.0,"(22,1)":0.0,"(9,2)":0.0,"(14,21)":2.5650807247538028,"(5,1)":0.0,"(15,20)":8.553468382076963,"(10,6)":0.0,"(11,12)":0.0,"(8,16)":0.0,"(1,18)":0.0,"(2,16)":0.0,"(7,13)":641.287330674127,"(21,15)":0.0,"(8,15)":5.122187477598064,"(9,17)":0.0,"(19,16)":0.0,"(5,10)":0.0,"(18,10)":0.0,"(18,13)":0.0,"(21,10)":0.0,"(8,17)":9.417604489118558,"(8,20)":2.8143008920930135,"(4,8)":0.0,"(11,20)":0.0,"(12,9)":0.0,"(7,8)":0.0,"(14,22)":0.0,"(7,7)":0.0,"(18,1)":0.0,"(22,18)":0.0,"(7,9)":0.0,"(9,14)":0.0,"(4,18)":0.0,"(19,15)":0.0,"(20,20)":0.0,"(3,22)":0.0,"(5,7)":0.0,"(11,14)":0.0,"(12,6)":0.0,"(17,5)":10.485874650192423,"(18,6)":0.0,"(6,13)":0.0,"(11,13)":0.0,"(2,19)":0.0,"(19,11)":0.0,"(20,18)":0.0,"(13,5)":0.0,"(4,7)":143.55304644612602,"(6,8)":0.5200993038902583,"(21,2)":0.0,"(12,20)":2.246952618876748,"(7,5)":0.0,"(2,9)":0.0,"(3,2)":1.9002569082132117,"(14,11)":0.0,"(10,15)":0.0,"(3,7)":11.960131586632082,"(15,10)":0.0,"(15,13)":0.0,"(18,8)":0.0,"(14,7)":359.874837245116,"(18,11)":0.0,"(9,16)":0.0,"(4,16)":199.29445609596718,"(14,20)":0.0,"(22,5)":0.0,"(5,6)":1.883872753824727,"(2,12)":0.0,"(12,3)":0.0,"(9,12)":0.0,"(13,10)":0.0,"(17,7)":203.6565079101119,