{"18":0.2623074083692141,"2":0.21533737540938783,"16":0.25409712300952975,"11":0.23833026144784075,"21":0.2751819977469112,"7":0.22344351939384427,"9":0.22944918299781625,"10":0.23441086691164348,"19":0.2640317579765423,"17":0.2596167154202522,"8":0.2244534654315296,"22":0.2799974344535726,"6":0.223018063374822,"24":0.2806599835154239,"4":0.2168027784862286,"3":0.21600909314539024,"5":0.22196936737763923,"20":0.27396875694974004,"23":0.2806599835154239,"13":0.24493812626037675,"14":0.2486281774743844,"15":0.25265925981188736,"12":0.23858572380996673,"1":0.0}