{"(6,9)":0.0,"(18,3)":0.0,"(21,13)":2.675072082473385,"(22,16)":0.0,"(15,17)":4.508756056426013,"(22,14)":0.0,"(13,9)":0.0,"(8,9)":0.0,"(17,14)":308.56218337679326,"(9,1)":0.0,"(16,6)":0.0,"(16,12)":260.8931010366188,"(16,13)":504.70311988104334,"(22,2)":0.0,"(7,16)":403.45763498965,"(1,12)":214.33372526858045,"(4,5)":0.0,"(11,8)":8.007971948341357,"(18,21)":0.0,"(19,4)":0.0,"(20,13)":2.4751898137685275,"(15,4)":7.538288727324204,"(6,18)":0.0,"(5,16)":0.0,"(4,9)":0.0,"(8,4)":0.8558936823425357,"(1,22)":0.0,"(22,15)":0.0,"(1,2)":0.0,"(17,9)":0.0,"(19,20)":0.0,"(14,2)":0.0,"(6,11)":0.0,"(16,2)":0.0,"(8,21)":0.0,"(9,6)":0.0,"(8,2)":0.0,"(21,3)":0.0,"(13,19)":0.0,"(7,19)":0.0,"(8,12)":0.5955265707860068,"(11,4)":0.0,"(17,10)":0.0,"(1,17)":0.0,"(18,5)":0.0,"(2,5)":0.0,"(8,5)":0.6446739210955342,"(3,16)":0.0,"(14,13)":463.55221960156604,"(22,4)":0.0,"(3,9)":0.0,"(15,2)":0.0,"(19,6)":0.0,"(19,9)":0.0,"(18,12)":0.0,"(15,1)":0.0,"(14,6)":0.5400470898095944,"(14,18)":0.0,"(21,4)":0.0,"(22,7)":0.0,"(13,4)":145.3283241247602,"(16,20)":0.0,"(7,12)":267.7586995728508,"(10,22)":0.0,"(12,19)":0.0,"(4,10)":0.0,"(10,8)":3.6312653536427604,"(7,2)":0.0,"(11,15)":0.0,"(10,17)":0.0,"(3,13)":0.0,"(20,8)":1.012731277149014,"(6,3)":5.092051467377203,"(1,7)":121.26892417271833,"(19,13)":0.0,"(21,20)":3.7095356663611097,"(8,8)":0.0,"(1,3)":11.412980113091104,"(4,15)":4.15153221707847,"(22,10)":0.0,"(21,9)":0.0,"(11,11)":0.0,"(12,15)":4.7810628848660945,"(9,10)":0.0,"(12,5)":0.707329586638043,"(12,2)":0.0,"(20,4)":1.8686249594915498,"(9,3)":0.0,"(16,4)":186.10565762300342,"(16,10)":0.0,"(17,19)":6.070398171951125,"(11,19)":0.0,"(16,19)":0.0,"(4,1)":301.9492718768692,"(13,20)":1.0344635838877243,"(5,15)":5.234766786962426,"(16,9)":0.0,"(4,17)":0.0,"(5,12)":0.45370390209633155,"(5,14)":0.0,"(17,11)":0.0,"(6,16)":0.0,"(22,22)":0.0,"(2,14)":0.0,"(11,9)":0.0,"(17,6)":0.0,"(20,12)":0.9500756116065052,"(21,11)":0.5774286000964362,"(9,13)":0.0,"(20,15)":5.7311384964725995,"(10,20)":0.0,"(11,10)":4.376706594698596,"(15,22)":0.0,"(2,17)":0.0,"(6,2)":0.0,"(21,14)":2.8439683706818895,"(8,7)":0.0,"(4,20)":1.7290205978266695,"(3,17)":0.0,"(2,15)":0.0,"(12,21)":0.0,"(1,8)":0.0,"(22,8)":0.0,"(21,5)":0.0,"(1,13)":160.69278293539358,"(3,12)":0.0,"(3,14)":0.0,"(5,11)":0.0,"(15,9)":0.0,"(9,11)":0.0,"(6,15)":0.0,"(1,14)":219.38182876096505,"(7,14)":796.9055069394468,"(12,1)":100.69966892175428,"(8,10)":2.3479263337790623,"(14,10)":0.0,"(10,5)":0.0,"(15,8)":6.682395044981669,"(15,19)":2.390794046876347,"(21,12)":0.0,"(22,20)":0.0,"(2,18)":0.0,"(20,10)":0.0,"(8,22)":0.0,"(16,15)":1.8570156208022537,"(1,15)":0.0,"(10,11)":4.535095070937576,"(12,16)":140.84307628920035,"(17,4)":4.474998149817111e-15,"(3,1)":9.193391326351636,"(20,5)":1.6574051982445483,"(15,15)":0.0,"(16,21)":0.0,"(21,8)":0.0,"(16,3)":0.0,"(17,16)":166.64278491279654,"(12,8)":0.06265566554250869,"(13,7)":292.627999498941,"(3,18)":0.0,"(6,17)":0.0,"(22,19)":0.0,"(6,5)":0.6877535713398164,"(16,17)":116.51510076246959,"(18,18)":0.0,"(13,11)":0.0,"(13,18)":0.0,"(16,11)":0.0,"(2,13)":0.0,"(9,8)":0.0,"(3,4)":9.23130366297052,"(5,17)":9.743522843388439,"(5,20)":2.8122551677106244,"(10,19)":0.0,"(2,3)":0.8900751443811319,"(21,17)":0.0,"(13,3)":0.0,"(4,11)":0.0,"(6,20)":0.0,"(5,4)":0.2112197612470014,"(17,1)":11.230765526216382,"(2,1)":0.0,"(20,6)":0.0,"(20,11)":0.0,"(5,9)":0.0,"(1,4)":200.44194599996803,"(13,22)":0.0,"(19,19)":0.0,"(18,19)":0.0,"(9,18)":0.0,"(20,16)":0.0,"(3,21)":0.0,"(16,5)":0.0,"(11,22)":0.0,"(19,1)":0.0,"(13,1)":137.84133666177652,"(18,17)":0.0,"(17,18)":0.0,"(14,15)":0.0,"(2,11)":0.0,"(20,2)":0.0,"(10,10)":0.0,"(4,12)":288.6928717630124,"(2,22)":0.0,"(5,22)":0.0,"(6,12)":0.0,"(18,2)":0.0,"(16,7)":350.86906853358425,"(19,7)":0.0,"(7,21)":0.0,"(4,13)":213.0275261642255,"(6,1)":14.285442793728839,"(7,11)":0.0,"(11,6)":1.3787052564448499,"(12,13)":167.02389842322566,"(18,22)":0.0,"(21,18)":0.0,"(22,11)":0.0,"(7,15)":0.0,"(7,6)":2.9493394912704693,"(15,16)":0.0,"(21,16)":0.0,"(20,19)":0.0,"(11,16)":0.0,"(11,7)":0.0,"(8,14)":0.0,"(5,5)":0.0,"(2,7)":0.0,"(8,3)":7.714163822404093,"(5,21)":0.0,"(4,3)":6.858270140061558,"(2,21)":0.0,"(9,7)":0.0,"(18,15)":0.0,"(14,3)":4.488106497837114,"(4,14)":331.71031986739706,"(18,7)":0.0,"(11,21)":0.0,"(2,10)":0.0,"(14,16)":445.57299278793454,"(14,8)":0.0,"(11,2)":0.0,"(15,6)":0.0,"(19,18)":0.0,"(8,13)":0.0,"(17,22)":0.0,"(1,19)":0.0,"(18,20)":0.0,"(20,1)":0.0,"(3,10)":0.0,"(7,20)":0.0,"(6,14)":0.0,"(9,21)":0.0,"(13,15)":0.0,"(21,21)":0.0,"(17,15)":3.679604125074779,"(17,20)":12.657894770128232,"(20,21)":5.2937998366255465,"(20,7)":0.0,"(11,1)":0.0,"(15,18)":0.0,"(19,17)":0.0,"(10,14)":0.0,"(1,10)":0.0,"(9,9)":0.0,"(13,16)":356.01505870997477,"(22,21)":0.0,"(12,17)":89.79932701089211,"(21,6)":0.0,"(12,14)":213.83042571836415,"(12,10)":0.0,"(19,14)":0.0,"(2,6)":0.0,"(13,14)":483.82356767973846,"(16,1)":143.27307171821982,"(16,14)":984.3513968761966,"(10,4)":0.0,"(1,20)":0.0,"(6,21)":0.0,"(10,12)":0.0,"(15,11)":0.0,"(16,16)":0.0,"(17,17)":0.0,"(16,22)":0.0,"(17,13)":211.4253019104398,"(19,8)":0.0,"(17,3)":0.0,"(2,8)":0.0,"(5,8)":0.0,"(13,21)":2.8186100228570177,"(17,12)":251.95977743391396,"(7,22)":0.0,"(5,19)":0.0,"(1,1)":0.0,"(22,12)":0.0,"(21,19)":0.0,"(17,8)":10.361999170056448,"(10,9)":0.0,"(10,21)":0.0,"(4,19)":0.0,"(11,5)":0.0,"(14,17)":140.67998802480417,"(22,6)":0.0,"(14,14)":0.0,"(2,2)":0.0,"(17,21)":0.0,"(5,18)":0.0,"(15,12)":6.61973937943916,"(10,16)":0.0,"(20,9)":0.0,"(7,1)":161.2743230788356,"(3,11)":0.0,"(5,13)":0.0,"(10,13)":0.0,"(11,17)":0.0,"(14,12)":361.77766311514154,"(21,22)":0.0,"(14,5)":0.0,"(12,11)":0.0,"(15,14)":0.0,"(1,16)":132.02787655996826,"(11,18)":0.0,"(21,1)":0.0,"(22,13)":0.0,"(2,20)":0.0,"(6,6)":0.0,"(16,8)":0.0,"(20,3)":0.0,"(10,2)":0.0,"(4,2)":0.0,"(15,21)":1.0195180771217978,"(1,6)":18.873295634837852,"(13,13)":0.0,"(19,10)":0.0,"(11,3)":5.61220168076751,"(3,19)":0.0,"(22,17)":0.0,"(22,9)":0.0,"(9,20)":0.0,"(8,6)":2.622112355026889,"(4,6)":1.766218672684354,"(15,5)":7.327068966077204,"(8,1)":0.0,"(13,2)":0.0,"(17,2)":0.0,"(14,9)":0.0,"(9,15)":0.0,"(15,7)":0.0,"(6,10)":0.0,"(6,4)":1.7709881412237716,"(10,7)":0.0,"(5,2)":0.0,"(21,7)":0.0,"(8,19)":0.0,"(7,3)":7.76016604852823,"(12,12)":0.0,"(14,1)":169.59602440732567,"(10,3)":0.0,"(13,6)":0.0,"(15,3)":0.0,"(20,14)":0.0,"(1,5)":0.0,"(3,5)":8.148069093086567,"(3,8)":8.00624642439689,"(9,5)":0.0,"(14,19)":0.0,"(3,6)":7.460315521746751,"(19,5)":0.0,"(7,17)":87.84010863771951,"(12,4)":104.11042407948507,"(4,21)":0.0,"(4,4)":0.0,"(13,17)":139.17972131444427,"(19,12)":0.0,"(9,4)":0.0,"(20,17)":10.239894552898612,"(22,3)":0.0,"(13,12)":262.9100275847756,"(8,11)":0.0,"(8,18)":0.0,"(6,19)":0.0,"(12,7)":96.89874418376662,"(12,18)":0.0,"(19,22)":0.0,"(20,22)":0.0,"(14,4)":248.27311553050933,"(3,15)":0.0,"(4,22)":0.0,"(2,4)":0.0,"(9,19)":0.0,"(18,16)":0.0,"(6,22)":0.0,"(19,2)":0.0,"(9,22)":0.0,"(22,1)":0.0,"(9,2)":0.0,"(14,21)":2.692479734083242,"(5,1)":0.0,"(15,20)":8.978290645053452,"(10,6)":0.0,"(11,12)":0.0,"(8,16)":0.0,"(1,18)":0.0,"(2,16)":0.0,"(7,13)":673.1379347642753,"(21,15)":0.0,"(8,15)":5.376589455652101,"(9,17)":0.0,"(19,16)":0.0,"(5,10)":0.0,"(18,10)":0.0,"(18,13)":0.0,"(21,10)":0.0,"(8,17)":9.885345512078114,"(8,20)":2.9540778364003,"(4,8)":0.0,"(11,20)":0.0,"(12,9)":0.0,"(7,8)":0.0,"(14,22)":0.0,"(7,7)":0.0,"(18,1)":0.0,"(22,18)":0.0,"(7,9)":0.0,"(9,14)":0.0,"(4,18)":0.0,"(19,15)":0.0,"(20,20)":0.0,"(3,22)":0.0,"(5,7)":0.0,"(11,14)":0.0,"(12,6)":0.0,"(17,5)":11.006673091151981,"(18,6)":0.0,"(6,13)":0.0,"(11,13)":0.0,"(2,19)":0.0,"(19,11)":0.0,"(20,18)":0.0,"(13,5)":0.0,"(4,7)":150.68284775295027,"(6,8)":0.5459309026501411,"(21,2)":0.0,"(12,20)":2.358551265614293,"(7,5)":0.0,"(2,9)":0.0,"(3,2)":1.994636334654468,"(14,11)":0.0,"(10,15)":0.0,"(3,7)":12.554151455434809,"(15,10)":0.0,"(15,13)":0.0,"(18,8)":0.0,"(14,7)":377.74862082829014,"(18,11)":0.0,"(9,16)":0.0,"(4,16)":209.19274741540025,"(14,20)":0.0,"(22,5)":0.0,"(5,6)":1.9774384339313553,"(2,12)":0.0,"(12,3)":0.0,"(9,12)":0.0,"(13,10)":0.0,