{"(6,9)":0.0,"(18,3)":0.0,"(21,13)":2.6844165705353755,"(22,16)":0.0,"(15,17)":4.524505918801588,"(22,14)":0.0,"(13,9)":0.0,"(8,9)":0.0,"(17,14)":309.6400442904626,"(9,1)":0.0,"(16,6)":0.0,"(16,12)":261.80444562582267,"(16,13)":506.46613490762047,"(22,2)":0.0,"(7,16)":404.86698207916606,"(1,12)":215.08242992972825,"(4,5)":0.0,"(11,8)":8.035945175217112,"(18,21)":0.0,"(19,4)":0.0,"(20,13)":2.483836078599094,"(15,4)":7.564621269718795,"(6,18)":0.0,"(5,16)":0.0,"(4,9)":0.0,"(8,4)":0.8588834665615791,"(1,22)":0.0,"(22,15)":0.0,"(1,2)":0.0,"(17,9)":0.0,"(19,20)":0.0,"(14,2)":0.0,"(6,11)":0.0,"(16,2)":0.0,"(8,21)":0.0,"(9,6)":0.0,"(8,2)":0.0,"(21,3)":0.0,"(13,19)":0.0,"(7,19)":0.0,"(8,12)":0.5976068477877997,"(11,4)":0.0,"(17,10)":0.0,"(1,17)":0.0,"(18,5)":0.0,"(2,5)":0.0,"(8,5)":0.6469258782667159,"(3,16)":0.0,"(14,13)":465.1714874375829,"(22,4)":0.0,"(3,9)":0.0,"(15,2)":0.0,"(19,6)":0.0,"(19,9)":0.0,"(18,12)":0.0,"(15,1)":0.0,"(14,6)":0.5419335674176939,"(14,18)":0.0,"(21,4)":0.0,"(22,7)":0.0,"(13,4)":145.8359810207184,"(16,20)":0.0,"(7,12)":268.6940268816159,"(10,22)":0.0,"(12,19)":0.0,"(4,10)":0.0,"(10,8)":3.6439499896827954,"(7,2)":0.0,"(11,15)":0.0,"(10,17)":0.0,"(3,13)":0.0,"(20,8)":1.016268922131116,"(6,3)":5.10983888120418,"(1,7)":121.69253743594471,"(19,13)":0.0,"(21,20)":3.7224937141000654,"(8,8)":0.0,"(1,3)":11.452847620631275,"(4,15)":4.166034234985063,"(22,10)":0.0,"(21,9)":0.0,"(11,11)":0.0,"(12,15)":4.797763961948828,"(9,10)":0.0,"(12,5)":0.7098004108530377,"(12,2)":0.0,"(20,4)":1.8751523886926953,"(9,3)":0.0,"(16,4)":186.75575677633879,"(16,10)":0.0,"(17,19)":6.091603119519071,"(11,19)":0.0,"(16,19)":0.0,"(4,1)":303.00403275036734,"(13,20)":1.03807714356469,"(5,15)":5.253052730009929,"(16,9)":0.0,"(4,17)":0.0,"(5,12)":0.4552887680611012,"(5,14)":0.0,"(17,11)":0.0,"(6,16)":0.0,"(22,22)":0.0,"(2,14)":0.0,"(11,9)":0.0,"(17,6)":0.0,"(20,12)":0.953394389544794,"(21,11)":0.5794456577658743,"(9,13)":0.0,"(20,15)":5.751158351493621,"(10,20)":0.0,"(11,10)":4.3919951855343164,"(15,22)":0.0,"(2,17)":0.0,"(6,2)":0.0,"(21,14)":2.853902842602341,"(8,7)":0.0,"(4,20)":1.7350603649197447,"(3,17)":0.0,"(2,15)":0.0,"(12,21)":0.0,"(1,8)":0.0,"(22,8)":0.0,"(21,5)":0.0,"(1,13)":161.25411053535845,"(3,12)":0.0,"(3,14)":0.0,"(5,11)":0.0,"(15,9)":0.0,"(9,11)":0.0,"(6,15)":0.0,"(1,14)":220.14816731808497,"(7,14)":799.6892352901403,"(12,1)":101.05143022951525,"(8,10)":2.3561280453292595,"(14,10)":0.0,"(10,5)":0.0,"(15,8)":6.7057378031572155,"(15,19)":2.399145502740316,"(21,12)":0.0,"(22,20)":0.0,"(2,18)":0.0,"(20,10)":0.0,"(8,22)":0.0,"(16,15)":1.863502496581493,"(1,15)":0.0,"(10,11)":4.550936940032626,"(12,16)":141.3350654410521,"(17,4)":4.490630090003833e-15,"(3,1)":9.225505427523395,"(20,5)":1.663194800397832,"(15,15)":0.0,"(16,21)":0.0,"(21,8)":0.0,"(16,3)":0.0,"(17,16)":167.2248968956612,"(12,8)":0.06287453258632184,"(13,7)":293.6501995607029,"(3,18)":0.0,"(6,17)":0.0,"(22,19)":0.0,"(6,5)":0.6901560131577706,"(16,17)":116.92210810079514,"(18,18)":0.0,"(13,11)":0.0,"(13,18)":0.0,"(16,11)":0.0,"(2,13)":0.0,"(9,8)":0.0,"(3,4)":9.26355019847153,"(5,17)":9.777558648811516,"(5,20)":2.8220788599446087,"(10,19)":0.0,"(2,3)":0.8931843303411803,"(21,17)":0.0,"(13,3)":0.0,"(4,11)":0.0,"(6,20)":0.0,"(5,4)":0.21195758829486328,"(17,1)":11.269996526784302,"(2,1)":0.0,"(20,6)":0.0,"(20,11)":0.0,"(5,9)":0.0,"(1,4)":201.14212428069195,"(13,22)":0.0,"(19,19)":0.0,"(18,19)":0.0,"(9,18)":0.0,"(20,16)":0.0,"(3,21)":0.0,"(16,5)":0.0,"(11,22)":0.0,"(19,1)":0.0,"(13,1)":138.32284021950264,"(18,17)":0.0,"(17,18)":0.0,"(14,15)":0.0,"(2,11)":0.0,"(20,2)":0.0,"(10,10)":0.0,"(4,12)":289.7013257450363,"(2,22)":0.0,"(5,22)":0.0,"(6,12)":0.0,"(18,2)":0.0,"(16,7)":352.09471469232335,"(19,7)":0.0,"(7,21)":0.0,"(4,13)":213.7716680466664,"(6,1)":14.335344308727574,"(7,11)":0.0,"(11,6)":1.3835213116436091,"(12,13)":167.6073417012998,"(18,22)":0.0,"(21,18)":0.0,"(22,11)":0.0,"(7,15)":0.0,"(7,6)":2.959642042684879,"(15,16)":0.0,"(21,16)":0.0,"(20,19)":0.0,"(11,16)":0.0,"(11,7)":0.0,"(8,14)":0.0,"(5,5)":0.0,"(2,7)":0.0,"(8,3)":7.741110726832942,"(5,21)":0.0,"(4,3)":6.882227260271363,"(2,21)":0.0,"(9,7)":0.0,"(18,15)":0.0,"(14,3)":4.503784227743817,"(4,14)":332.869041213393,"(18,7)":0.0,"(11,21)":0.0,"(2,10)":0.0,"(14,16)":447.129456084431,"(14,8)":0.0,"(11,2)":0.0,"(15,6)":0.0,"(19,18)":0.0,"(8,13)":0.0,"(17,22)":0.0,"(1,19)":0.0,"(18,20)":0.0,"(20,1)":0.0,"(3,10)":0.0,"(7,20)":0.0,"(6,14)":0.0,"(9,21)":0.0,"(13,15)":0.0,"(21,21)":0.0,"(17,15)":3.6924576167787553,"(17,20)":12.702110979233158,"(20,21)":5.312291992294927,"(20,7)":0.0,"(11,1)":0.0,"(15,18)":0.0,"(19,17)":0.0,"(10,14)":0.0,"(1,10)":0.0,"(9,9)":0.0,"(13,16)":357.25868069975235,"(22,21)":0.0,"(12,17)":90.11301154475042,"(21,6)":0.0,"(12,14)":214.5773722673962,"(12,10)":0.0,"(19,14)":0.0,"(2,6)":0.0,"(13,14)":485.5136468300964,"(16,1)":143.7735492631231,"(16,14)":987.7899060428014,"(10,4)":0.0,"(1,20)":0.0,"(6,21)":0.0,"(10,12)":0.0,"(15,11)":0.0,"(16,16)":0.0,"(17,17)":0.0,"(16,22)":0.0,"(17,13)":212.1638469472816,"(19,8)":0.0,"(17,3)":0.0,"(2,8)":0.0,"(5,8)":0.0,"(13,21)":2.8284559136958323,"(17,12)":252.83991638334967,"(7,22)":0.0,"(5,19)":0.0,"(1,1)":0.0,"(22,12)":0.0,"(21,19)":0.0,"(17,8)":10.398195419935972,"(10,9)":0.0,"(10,21)":0.0,"(4,19)":0.0,"(11,5)":0.0,"(14,17)":141.17140748122617,"(22,6)":0.0,"(14,14)":0.0,"(2,2)":0.0,"(17,21)":0.0,"(5,18)":0.0,"(15,12)":6.642863270570894,"(10,16)":0.0,"(20,9)":0.0,"(7,1)":161.83768209879977,"(3,11)":0.0,"(5,13)":0.0,"(10,13)":0.0,"(11,17)":0.0,"(14,12)":363.0414148757851,"(21,22)":0.0,"(14,5)":0.0,"(12,11)":0.0,"(15,14)":0.0,"(1,16)":132.48907269911075,"(11,18)":0.0,"(21,1)":0.0,"(22,13)":0.0,"(2,20)":0.0,"(6,6)":0.0,"(16,8)":0.0,"(20,3)":0.0,"(10,2)":0.0,"(4,2)":0.0,"(15,21)":1.0230794295664913,"(1,6)":18.93922331092017,"(13,13)":0.0,"(19,10)":0.0,"(11,3)":5.631806068982321,"(3,19)":0.0,"(22,17)":0.0,"(22,9)":0.0,"(9,20)":0.0,"(8,6)":2.6312718456287616,"(4,6)":1.7723883790671826,"(15,5)":7.352663681423932,"(8,1)":0.0,"(13,2)":0.0,"(17,2)":0.0,"(14,9)":0.0,"(9,15)":0.0,"(15,7)":0.0,"(6,10)":0.0,"(6,4)":1.7771745081826351,"(10,7)":0.0,"(5,2)":0.0,"(21,7)":0.0,"(8,19)":0.0,"(7,3)":7.787273646665356,"(12,12)":0.0,"(14,1)":170.1884525649886,"(10,3)":0.0,"(13,6)":0.0,"(15,3)":0.0,"(20,14)":0.0,"(1,5)":0.0,"(3,5)":8.176531703446665,"(3,8)":8.034213623719966,"(9,5)":0.0,"(14,19)":0.0,"(3,6)":7.486375690288896,"(19,5)":0.0,"(7,17)":88.14694928396115,"(12,4)":104.47409974314792,"(4,21)":0.0,"(4,4)":0.0,"(13,17)":139.66590008054746,"(19,12)":0.0,"(9,4)":0.0,"(20,17)":10.27566427029521,"(22,3)":0.0,"(13,12)":263.82841764620224,"(8,11)":0.0,"(8,18)":0.0,"(6,19)":0.0,"(12,7)":97.2372282060027,"(12,18)":0.0,"(19,22)":0.0,"(20,22)":0.0,"(14,4)":249.14037633420435,"(3,15)":0.0,"(4,22)":0.0,"(2,4)":0.0,"(9,19)":0.0,"(18,16)":0.0,"(6,22)":0.0,"(19,2)":0.0,"(9,22)":0.0,"(22,1)":0.0,"(9,2)":0.0,"(14,21)":2.701885030074006,"(5,1)":0.0,"(15,20)":9.0096533624544,"(10,6)":0.0,"(11,12)":0.0,"(8,16)":0.0,"(1,18)":0.0,"(2,16)":0.0,"(7,13)":675.4893216434137,"(21,15)":0.0,"(8,15)":5.395370809736627,"(9,17)":0.0,"(19,16)":0.0,"(5,10)":0.0,"(18,10)":0.0,"(18,13)":0.0,"(21,10)":0.0,"(8,17)":9.919876728538215,"(8,20)":2.9643969396713077,"(4,8)":0.0,"(11,20)":0.0,"(12,9)":0.0,"(7,8)":0.0,"(14,22)":0.0,"(7,7)":0.0,"(18,1)":0.0,"(22,18)":0.0,"(7,9)":0.0,"(9,14)":0.0,"(4,18)":0.0,"(19,15)":0.0,"(20,20)":0.0,"(3,22)":0.0,"(5,7)":0.0,"(11,14)":0.0,"(12,6)":0.0,"(17,5)":11.045121298202686,"(18,6)":0.0,"(6,13)":0.0,"(11,13)":0.0,"(2,19)":0.0,"(19,11)":0.0,"(20,18)":0.0,"(13,5)":0.0,"(4,7)":151.20920892325273,"(6,8)":0.5478379334310721,"(21,2)":0.0,"(12,20)":2.366790091883508,"(7,5)":0.0,"(2,9)":0.0,"(3,2)":2.0016039433179165,"(14,11)":0.0,"(10,15)":0.0,"(3,7)":12.598005271252461,"(15,10)":0.0,"(15,13)":0.0,"(18,8)":0.0,"(14,7)":379.06816189818886,"(18,11)":0.0,"(9,16)":0.0,"(4,16)":209.92349375441879,"(14,20)":0.0,"(22,5)":0.0,"(5,6)":1.984345967362046,"(2,12)":0.0,"(12,3)":0.0,"(9,12)":0.0,"(13,10)":0.0,