{"(6,9)":0.0,"(18,3)":0.0,"(21,13)":24.119898549599995,"(22,16)":28.564244763747826,"(15,17)":1.005237504449105,"(22,14)":0.0,"(13,9)":7.413182118560392,"(8,9)":13.906921635179025,"(17,14)":543.3697351725946,"(9,1)":9.363566383028333,"(16,6)":0.5694884583233805,"(16,12)":462.29929909358816,"(16,13)":828.2170442911793,"(22,2)":31.87450400580194,"(7,16)":722.4602792800382,"(1,12)":389.562865997902,"(4,5)":27.71821439311852,"(11,8)":38.286983680065404,"(18,21)":0.0,"(19,4)":14.764215378480484,"(20,13)":25.917892237494453,"(15,4)":60.64282344065208,"(6,18)":26.212980846967383,"(5,16)":0.0,"(4,9)":0.0,"(8,4)":32.40228608354058,"(1,22)":0.0,"(22,15)":10.667175351477148,"(1,2)":0.0,"(17,9)":0.0,"(19,20)":8.83356647245005,"(14,2)":34.07817569775245,"(6,11)":52.53938787948428,"(16,2)":0.0,"(8,21)":2.412443375188457,"(9,6)":14.442312048583657,"(8,2)":34.008871673417886,"(21,3)":40.46455055300876,"(13,19)":0.0,"(7,19)":0.0,"(8,12)":11.146098035214617,"(11,4)":25.467215398159,"(17,10)":0.0,"(1,17)":0.0,"(18,5)":27.919465736315086,"(2,5)":8.623442807721863,"(8,5)":0.9733898439762987,"(3,16)":0.0,"(14,13)":764.9960953845174,"(22,4)":30.267918415924623,"(3,9)":0.5394670358613316,"(15,2)":62.2494090305294,"(19,6)":13.736892903425815,"(19,9)":-5.551115123125783e-17,"(18,12)":48.21550108607758,"(15,1)":55.97712066765058,"(14,6)":54.125832931822615,"(14,18)":32.27033876467857,"(21,4)":24.321149892796566,"(22,7)":29.879202576637475,"(13,4)":399.3241293431966,"(16,20)":0.0,"(7,12)":488.4684072372793,"(10,22)":12.689785854216883,"(12,19)":0.0,"(4,10)":0.0,"(10,8)":14.832880999890197,"(7,2)":1.9953014291644644,"(11,15)":1.1367214117775777,"(10,17)":1.3988570991280842,"(3,13)":0.0,"(20,8)":9.42317912140393,"(6,3)":0.0,"(1,7)":224.11559580198195,"(19,13)":0.0,"(21,20)":34.308329023117885,"(8,8)":0,"(1,3)":16.00927188018442,"(4,15)":84.66657959938252,"(22,10)":13.621767207979644,"(21,9)":31.533080668160387,"(11,11)":0,"(12,15)":36.65232985650152,"(9,10)":0.0,"(12,5)":0.5825373484121047,"(12,2)":33.618019177853704,"(20,4)":41.825465204944514,"(9,3)":8.931469884848383,"(16,4)":490.917187634376,"(16,10)":0.0,"(17,19)":32.61122815455747,"(11,19)":0.0,"(16,19)":0.0,"(4,1)":506.7918852269985,"(13,20)":10.188430473517892,"(5,15)":56.948365206263986,"(16,9)":0.0,"(4,17)":54.55554130672482,"(5,12)":20.296035349762487,"(5,14)":1.1971582369775433,"(17,11)":0.0,"(6,16)":0.0,"(22,22)":0,"(2,14)":0.0,"(11,9)":0.0,"(17,6)":0.0,"(20,12)":9.814031616968121,"(21,11)":24.56706720951968,"(9,13)":0.0,"(20,15)":46.466361473469625,"(10,20)":0.0,"(11,10)":23.454102680175207,"(15,22)":55.29653653267393,"(2,17)":0.0,"(6,2)":22.257256531420474,"(21,14)":17.562692499803536,"(8,7)":0.0,"(4,20)":74.09503442482693,"(3,17)":0.0,"(2,15)":65.57180801398586,"(12,21)":1.20140720808272,"(1,8)":0.0,"(22,8)":28.454648207869838,"(21,5)":52.03936428591509,"(1,13)":328.82747123685226,"(3,12)":0.0,"(3,14)":60.1083245051198,"(5,11)":2.7922151580037413,"(15,9)":19.722025632127885,"(9,11)":18.9132249139565,"(6,15)":0.0,"(1,14)":452.418892761327,"(7,14)":1337.8501409593455,"(12,1)":217.79958381497488,"(8,10)":11.801605032031453,"(14,10)":15.82543889993016,"(10,5)":22.611600220902268,"(15,8)":28.240537357111496,"(15,19)":20.427444777285714,"(21,12)":0.0,"(22,20)":18.502332166084717,"(2,18)":0.0,"(20,10)":31.225757752907274,"(8,22)":24.491390886248336,"(16,15)":18.040441856997514,"(1,15)":39.12761485440354,"(10,11)":11.43107341568274,"(12,16)":260.40987050605963,"(17,4)":193.82263842711265,"(3,1)":0.0,"(20,5)":10.396568965380228,"(15,15)":0,"(16,21)":0.0,"(21,8)":44.26064506490301,"(16,3)":0.0,"(17,16)":263.00142179273695,"(12,8)":0.0,"(13,7)":573.5415955039095,"(3,18)":37.72087004186516,"(6,17)":0.0,"(22,19)":0.0,"(6,5)":48.36888533466168,"(16,17)":194.64581147972572,"(18,18)":0,"(13,11)":22.669818504325583,"(13,18)":0.0,"(16,11)":3.6104400895740856,"(2,13)":0.0,"(9,8)":0.0,"(3,4)":32.15856013644094,"(5,17)":57.9536027107131,"(5,20)":46.37682003170843,"(10,19)":0.0,"(2,3)":3.6274320049507955,"(21,17)":34.483040874493575,"(13,3)":16.34465200340877,"(4,11)":0.0,"(6,20)":0.0,"(5,4)":31.428896239564278,"(17,1)":215.32829458550486,"(2,1)":0.0,"(20,6)":47.7733864046385,"(20,11)":48.587710741820025,"(5,9)":0.0,"(1,4)":318.4915982550211,"(13,22)":42.987693019106445,"(19,19)":0,"(18,19)":0.0,"(9,18)":0.0,"(20,16)":30.424376082662285,"(3,21)":0.0,"(16,5)":6.633460027494421,"(11,22)":23.284778594985465,"(19,1)":10.098512605478971,"(13,1)":391.10963150158864,"(18,17)":0.0,"(17,18)":0.0,"(14,15)":12.870847043427663,"(2,11)":0.0,"(20,2)":43.43205079482183,"(10,10)":0,"(4,12)":507.40199574288096,"(2,22)":0.0,"(5,22)":25.517896910118036,"(6,12)":0.0,"(18,2)":1.8078369330738877,"(16,7)":692.8636717950887,"(19,7)":0.0,"(7,21)":0.0,"(4,13)":411.69612898183124,"(6,1)":0.0,"(7,11)":26.513871528607467,"(11,6)":47.121458222106476,"(12,13)":262.2464116608918,"(18,22)":21.969956752258366,"(21,18)":24.119898549599995,"(22,11)":4.800703017765627,"(7,15)":0.0,"(7,6)":22.04295866323463,"(15,16)":0.0,"(21,16)":28.626382394767827,"(20,19)":1.6100865415781467,"(11,16)":51.849023358733305,"(11,7)":25.078499558871847,"(8,14)":1.4273881343616803,"(5,5)":0,"(2,7)":0.0,"(8,3)":34.14294463875156,"(5,21)":0.0,"(4,3)":1.7406585552109886,"(2,21)":0.0,"(9,7)":0.0,"(18,15)":84.86783094257909,"(14,3)":48.614990768087345,"(4,14)":630.5459625063061,"(18,7)":0.0,"(11,21)":21.28212981464858,"(2,10)":0.0,"(14,16)":790.9313579279955,"(14,8)":30.65831989982036,"(11,2)":27.073800988036314,"(15,6)":34.16433768071153,"(19,18)":0.0,"(8,13)":0.0,"(17,22)":0.0,"(1,19)":0.0,"(18,20)":0.0,"(20,1)":37.159762431942994,"(3,10)":0.0,"(7,20)":0.0,"(6,14)":48.600435310222025,"(9,21)":0.0,"(13,15)":2.3532736589103207,"(21,21)":0,"(17,15)":12.183783377271757,"(17,20)":66.89595791189338,"(20,21)":43.44184578468537,"(20,7)":25.730427741403876,"(11,1)":42.04271255655115,"(15,18)":32.76186735894748,"(19,17)":20.41034915145472,"(10,14)":0.0,"(1,10)":0.0,"(9,9)":0,"(13,16)":605.016238845168,"(22,21)":23.017410691960304,"(12,17)":165.49101936095056,"(21,6)":45.97539271674403,"(12,14)":361.71590051575055,"(12,10)":0.0,"(19,14)":7.645360591140495,"(2,6)":0.0,"(13,14)":793.3676158548587,"(16,1)":426.58074879276813,"(16,14)":1617.9866023798581,"(10,4)":0.0,"(1,20)":28.556069679847994,"(6,21)":0.0,"(10,12)":0.0,"(15,11)":34.97866201789306,"(16,16)":0,"(17,17)":0,"(16,22)":0.0,"(17,13)":360.9539330839161,"(19,8)":0.0,"(17,3)":0.0,"(2,8)":17.77338012226973,"(5,8)":9.149937314547865,"(13,21)":17.523953547190928,"(17,12)":424.52497622994747,"(7,22)":49.79865012359293,"(5,19)":12.092090274372506,"(1,1)":0,"(22,12)":0.0,"(21,19)":7.068060561504707,"(17,8)":40.42432073438325,"(10,9)":2.1053166031475716,"(10,21)":0.42306033642434354,"(4,19)":39.81030466749102,"(11,5)":53.185429791277514,"(14,17)":316.4629974077212,"(22,6)":51.922161239872096,"(14,14)":0,"(2,2)":0,"(17,21)":0.0,"(5,18)":3.5479401578596677,"(15,12)":28.631389852675692,"(10,16)":0.007611247535743141,"(20,9)":33.33107435605485,"(7,1)":319.41145599767924,"(3,11)":64.04727707438207,"(5,13)":0.0,"(10,13)":0.0,"(11,17)":57.705681838459036,"(14,12)":624.603060186926,"(21,22)":44.78642366405125,"(14,5)":60.18980450099367,"(12,11)":6.347272165217373,"(15,14)":28.072805368426213,"(1,16)":323.0466870820201,"(11,18)":25.265964054962424,"(21,1)":40.89664705118873,"(22,13)":8.313901692566825,"(2,20)":55.0002628394303,"(6,6)":0,"(16,8)":0.0,"(20,3)":42.26254424090324,"(10,2)":0.0,"(4,2)":1.606585589877317,"(15,21)":29.832797060758413,"(1,6)":27.5171610750822,"(13,13)":0,"(19,10)":0.0,"(11,3)":41.61061605837119,"(3,19)":0.0,"(22,17)":34.420903243473596,"(22,9)":0.0,"(9,20)":0.0,"(8,6)":39.65378680248684,"(4,6)":7.251500718946264,"(15,5)":29.2139272010878,"(8,1)":27.736583310539064,"(13,2)":1.8078369330738888,"(17,2)":0.0,"(14,9)":0.0,"(9,15)":0.0,"(15,7)":12.121379017476906,"(6,10)":0.0,"(6,4)":20.650670941543158,"(10,7)":0.0,"(5,2)":33.03548182944159,"(21,7)":23.932434053509418,"(8,19)":2.9421529598246376,"(7,3)":16.53211649949935,"(12,12)":0,