{"(6,9)":0.0,"(18,3)":0.0,"(21,13)":2.6801690759617434,"(22,16)":0.0,"(15,17)":4.517346890449054,"(22,14)":0.0,"(13,9)":0.0,"(8,9)":0.0,"(17,14)":309.150107511522,"(9,1)":0.0,"(16,6)":0.0,"(16,12)":261.3901980852755,"(16,13)":505.6647644409945,"(22,2)":0.0,"(7,16)":404.22636976574967,"(1,12)":214.7421096292065,"(4,5)":0.0,"(11,8)":8.023230072091769,"(18,21)":0.0,"(19,4)":0.0,"(20,13)":2.479905958221564,"(15,4)":7.552651932266707,"(6,18)":0.0,"(5,16)":0.0,"(4,9)":0.0,"(8,4)":0.8575244737347412,"(1,22)":0.0,"(22,15)":0.0,"(1,2)":0.0,"(17,9)":0.0,"(19,20)":0.0,"(14,2)":0.0,"(6,11)":0.0,"(16,2)":0.0,"(8,21)":0.0,"(9,6)":0.0,"(8,2)":0.0,"(21,3)":0.0,"(13,19)":0.0,"(7,19)":0.0,"(8,12)":0.5966612673324393,"(11,4)":0.0,"(17,10)":0.0,"(1,17)":0.0,"(18,5)":0.0,"(2,5)":0.0,"(8,5)":0.6459022613707242,"(3,16)":0.0,"(14,13)":464.43545660302976,"(22,4)":0.0,"(3,9)":0.0,"(15,2)":0.0,"(19,6)":0.0,"(19,9)":0.0,"(18,12)":0.0,"(15,1)":0.0,"(14,6)":0.5410760775958304,"(14,18)":0.0,"(21,4)":0.0,"(22,7)":0.0,"(13,4)":145.60522788619193,"(16,20)":0.0,"(7,12)":268.2688781049045,"(10,22)":0.0,"(12,19)":0.0,"(4,10)":0.0,"(10,8)":3.638184246028234,"(7,2)":0.0,"(11,15)":0.0,"(10,17)":0.0,"(3,13)":0.0,"(20,8)":1.014660901684706,"(6,3)":5.101753693101008,"(1,7)":121.49998595266,"(19,13)":0.0,"(21,20)":3.71660369240054,"(8,8)":0.0,"(1,3)":11.434726026294834,"(4,15)":4.159442408663884,"(22,10)":0.0,"(21,9)":0.0,"(11,11)":0.0,"(12,15)":4.790172563274858,"(9,10)":0.0,"(12,5)":0.708677308937131,"(12,2)":0.0,"(20,4)":1.8721853754194473,"(9,3)":0.0,"(16,4)":186.46025716118635,"(16,10)":0.0,"(17,19)":6.081964506988187,"(11,19)":0.0,"(16,19)":0.0,"(4,1)":302.52459598968636,"(13,20)":1.0364346164387965,"(5,15)":5.244740937715609,"(16,9)":0.0,"(4,17)":0.0,"(5,12)":0.4545683744407514,"(5,14)":0.0,"(17,11)":0.0,"(6,16)":0.0,"(22,22)":0.0,"(2,14)":0.0,"(11,9)":0.0,"(17,6)":0.0,"(20,12)":0.9518858541182992,"(21,11)":0.5785288133706752,"(9,13)":0.0,"(20,15)":5.742058417393157,"(10,20)":0.0,"(11,10)":4.385045826063534,"(15,22)":0.0,"(2,17)":0.0,"(6,2)":0.0,"(21,14)":2.84938717354759,"(8,7)":0.0,"(4,20)":1.732315016241074,"(3,17)":0.0,"(2,15)":0.0,"(12,21)":0.0,"(1,8)":0.0,"(22,8)":0.0,"(21,5)":0.0,"(1,13)":160.99896162628352,"(3,12)":0.0,"(3,14)":0.0,"(5,11)":0.0,"(15,9)":0.0,"(9,11)":0.0,"(6,15)":0.0,"(1,14)":219.7998316103032,"(7,14)":798.4239042216433,"(12,1)":100.89153872598754,"(8,10)":2.352399994624624,"(14,10)":0.0,"(10,5)":0.0,"(15,8)":6.695127458531967,"(15,19)":2.395349386438512,"(21,12)":0.0,"(22,20)":0.0,"(2,18)":0.0,"(20,10)":0.0,"(8,22)":0.0,"(16,15)":1.8605539166818386,"(1,15)":0.0,"(10,11)":4.543736090443967,"(12,16)":141.11143400839222,"(17,4)":4.483524662646232e-15,"(3,1)":9.210908108808958,"(20,5)":1.6605631630554303,"(15,15)":0.0,"(16,21)":0.0,"(21,8)":0.0,"(16,3)":0.0,"(17,16)":166.96030053981363,"(12,8)":0.06277504756640677,"(13,7)":293.1855631689929,"(3,18)":0.0,"(6,17)":0.0,"(22,19)":0.0,"(6,5)":0.6890639941496096,"(16,17)":116.73710476519261,"(18,18)":0.0,"(13,11)":0.0,"(13,18)":0.0,"(16,11)":0.0,"(2,13)":0.0,"(9,8)":0.0,"(3,4)":9.248892682334708,"(5,17)":9.762087828164661,"(5,20)":2.8176135452927977,"(10,19)":0.0,"(2,3)":0.8917710639957037,"(21,17)":0.0,"(13,3)":0.0,"(4,11)":0.0,"(6,20)":0.0,"(5,4)":0.21162221236401696,"(17,1)":11.252164253798885,"(2,1)":0.0,"(20,6)":0.0,"(20,11)":0.0,"(5,9)":0.0,"(1,4)":200.82386142581746,"(13,22)":0.0,"(19,19)":0.0,"(18,19)":0.0,"(9,18)":0.0,"(20,16)":0.0,"(3,21)":0.0,"(16,5)":0.0,"(11,22)":0.0,"(19,1)":0.0,"(13,1)":138.10397496599077,"(18,17)":0.0,"(17,18)":0.0,"(14,15)":0.0,"(2,11)":0.0,"(20,2)":0.0,"(10,10)":0.0,"(4,12)":289.24293757138906,"(2,22)":0.0,"(5,22)":0.0,"(6,12)":0.0,"(18,2)":0.0,"(16,7)":351.53760280198736,"(19,7)":0.0,"(7,21)":0.0,"(4,13)":213.433421736466,"(6,1)":14.312661801909968,"(7,11)":0.0,"(11,6)":1.381332195644173,"(12,13)":167.3421402112661,"(18,22)":0.0,"(21,18)":0.0,"(22,11)":0.0,"(7,15)":0.0,"(7,6)":2.954959064769238,"(15,16)":0.0,"(21,16)":0.0,"(20,19)":0.0,"(11,16)":0.0,"(11,7)":0.0,"(8,14)":0.0,"(5,5)":0.0,"(2,7)":0.0,"(8,3)":7.728862133910738,"(5,21)":0.0,"(4,3)":6.871337660175997,"(2,21)":0.0,"(9,7)":0.0,"(18,15)":0.0,"(14,3)":4.496657986877134,"(4,14)":332.34234969248575,"(18,7)":0.0,"(11,21)":0.0,"(2,10)":0.0,"(14,16)":446.4219727678417,"(14,8)":0.0,"(11,2)":0.0,"(15,6)":0.0,"(19,18)":0.0,"(8,13)":0.0,"(17,22)":0.0,"(1,19)":0.0,"(18,20)":0.0,"(20,1)":0.0,"(3,10)":0.0,"(7,20)":0.0,"(6,14)":0.0,"(9,21)":0.0,"(13,15)":0.0,"(21,21)":0.0,"(17,15)":3.686615120549675,"(17,20)":12.682012702367283,"(20,21)":5.303886466990663,"(20,7)":0.0,"(11,1)":0.0,"(15,18)":0.0,"(19,17)":0.0,"(10,14)":0.0,"(1,10)":0.0,"(9,9)":0.0,"(13,16)":356.69339797712615,"(22,21)":0.0,"(12,17)":89.97042766572392,"(21,6)":0.0,"(12,14)":214.23785110874528,"(12,10)":0.0,"(19,14)":0.0,"(2,6)":0.0,"(13,14)":484.7454290344791,"(16,1)":143.54605946998524,"(16,14)":986.2269473307083,"(10,4)":0.0,"(1,20)":0.0,"(6,21)":0.0,"(10,12)":0.0,"(15,11)":0.0,"(16,16)":0.0,"(17,17)":0.0,"(16,22)":0.0,"(17,13)":211.82814465780805,"(19,8)":0.0,"(17,3)":0.0,"(2,8)":0.0,"(5,8)":0.0,"(13,21)":2.8239805087690986,"(17,12)":252.43985322451525,"(7,22)":0.0,"(5,19)":0.0,"(1,1)":0.0,"(22,12)":0.0,"(21,19)":0.0,"(17,8)":10.381742579081642,"(10,9)":0.0,"(10,21)":0.0,"(4,19)":0.0,"(11,5)":0.0,"(14,17)":140.94803500103436,"(22,6)":0.0,"(14,14)":0.0,"(2,2)":0.0,"(17,21)":0.0,"(5,18)":0.0,"(15,12)":6.63235241096556,"(10,16)":0.0,"(20,9)":0.0,"(7,1)":161.58160981699788,"(3,11)":0.0,"(5,13)":0.0,"(10,13)":0.0,"(11,17)":0.0,"(14,12)":362.46698225731075,"(21,22)":0.0,"(14,5)":0.0,"(12,11)":0.0,"(15,14)":0.0,"(1,16)":132.27943809040963,"(11,18)":0.0,"(21,1)":0.0,"(22,13)":0.0,"(2,20)":0.0,"(6,6)":0.0,"(16,8)":0.0,"(20,3)":0.0,"(10,2)":0.0,"(4,2)":0.0,"(15,21)":1.0214606330007217,"(1,6)":18.909256185428205,"(13,13)":0.0,"(19,10)":0.0,"(11,3)":5.622894983430133,"(3,19)":0.0,"(22,17)":0.0,"(22,9)":0.0,"(9,20)":0.0,"(8,6)":2.6271084408097285,"(4,6)":1.7695839670749878,"(15,5)":7.341029719902692,"(8,1)":0.0,"(13,2)":0.0,"(17,2)":0.0,"(14,9)":0.0,"(9,15)":0.0,"(15,7)":0.0,"(6,10)":0.0,"(6,4)":1.7743625232013336,"(10,7)":0.0,"(5,2)":0.0,"(21,7)":0.0,"(8,19)":0.0,"(7,3)":7.77495201114848,"(12,12)":0.0,"(14,1)":169.9191670387782,"(10,3)":0.0,"(13,6)":0.0,"(15,3)":0.0,"(20,14)":0.0,"(1,5)":0.0,"(3,5)":8.163594153282984,"(3,8)":8.021501260391295,"(9,5)":0.0,"(14,19)":0.0,"(3,6)":7.4745301591333755,"(19,5)":0.0,"(7,17)":88.00747626294222,"(12,4)":104.30879262330117,"(4,21)":0.0,"(4,4)":0.0,"(13,17)":139.44490973231873,"(19,12)":0.0,"(9,4)":0.0,"(20,17)":10.25940530784221,"(22,3)":0.0,"(13,12)":263.410967618281,"(8,11)":0.0,"(8,18)":0.0,"(6,19)":0.0,"(12,7)":97.08337183225903,"(12,18)":0.0,"(19,22)":0.0,"(20,22)":0.0,"(14,4)":248.74616687797933,"(3,15)":0.0,"(4,22)":0.0,"(2,4)":0.0,"(9,19)":0.0,"(18,16)":0.0,"(6,22)":0.0,"(19,2)":0.0,"(9,22)":0.0,"(22,1)":0.0,"(9,2)":0.0,"(14,21)":2.697609895532749,"(5,1)":0.0,"(15,20)":8.995397581817606,"(10,6)":0.0,"(11,12)":0.0,"(8,16)":0.0,"(1,18)":0.0,"(2,16)":0.0,"(7,13)":674.4205094256235,"(21,15)":0.0,"(8,15)":5.386833830607297,"(9,17)":0.0,"(19,16)":0.0,"(5,10)":0.0,"(18,10)":0.0,"(18,13)":0.0,"(21,10)":0.0,"(8,17)":9.90418072105635,"(8,20)":2.9597064381844858,"(4,8)":0.0,"(11,20)":0.0,"(12,9)":0.0,"(7,8)":0.0,"(14,22)":0.0,"(7,7)":0.0,"(18,1)":0.0,"(22,18)":0.0,"(7,9)":0.0,"(9,14)":0.0,"(4,18)":0.0,"(19,15)":0.0,"(20,20)":0.0,"(3,22)":0.0,"(5,7)":0.0,"(11,14)":0.0,"(12,6)":0.0,"(17,5)":11.027644840452364,"(18,6)":0.0,"(6,13)":0.0,"(11,13)":0.0,"(2,19)":0.0,"(19,11)":0.0,"(20,18)":0.0,"(13,5)":0.0,"(4,7)":150.96995384584253,"(6,8)":0.5469711012579216,"(21,2)":0.0,"(12,20)":2.363045170852047,"(7,5)":0.0,"(2,9)":0.0,"(3,2)":1.9984368484708945,"(14,11)":0.0,"(10,15)":0.0,"(3,7)":12.578071718608074,"(15,10)":0.0,"(15,13)":0.0,"(18,8)":0.0,"(14,7)":378.4683705027803,"(18,11)":0.0,"(9,16)":0.0,"(4,16)":209.59133632759216,"(14,20)":0.0,"(22,5)":0.0,"(5,6)":1.9812061794390048,"(2,12)":0.0,"(12,3)":0.0,"(9,12)":0.0,"(13,10)":0.0,