{"(6,9)":0.0,"(18,3)":0.0,"(21,13)":2.674647333016022,"(22,16)":0.0,"(15,17)":4.50804015359076,"(22,14)":0.0,"(13,9)":0.0,"(8,9)":0.0,"(17,14)":308.5131896988992,"(9,1)":0.0,"(16,6)":0.0,"(16,12)":260.85167628256414,"(16,13)":504.62298283438076,"(22,2)":0.0,"(7,16)":403.3935737583084,"(1,12)":214.29969323852828,"(4,5)":0.0,"(11,8)":8.006700438028822,"(18,21)":0.0,"(19,4)":0.0,"(20,13)":2.4747968017307747,"(15,4)":7.537091793578996,"(6,18)":0.0,"(5,16)":0.0,"(4,9)":0.0,"(8,4)":0.855757783059852,"(1,22)":0.0,"(22,15)":0.0,"(1,2)":0.0,"(17,9)":0.0,"(19,20)":0.0,"(14,2)":0.0,"(6,11)":0.0,"(16,2)":0.0,"(8,21)":0.0,"(9,6)":0.0,"(8,2)":0.0,"(21,3)":0.0,"(13,19)":0.0,"(7,19)":0.0,"(8,12)":0.5954320127404708,"(11,4)":0.0,"(17,10)":0.0,"(1,17)":0.0,"(18,5)":0.0,"(2,5)":0.0,"(8,5)":0.6445715594059351,"(3,16)":0.0,"(14,13)":463.47861651811075,"(22,4)":0.0,"(3,9)":0.0,"(15,2)":0.0,"(19,6)":0.0,"(19,9)":0.0,"(18,12)":0.0,"(15,1)":0.0,"(14,6)":0.539961340827408,"(14,18)":0.0,"(21,4)":0.0,"(22,7)":0.0,"(13,4)":145.30524881130756,"(16,20)":0.0,"(7,12)":267.71618469517966,"(10,22)":0.0,"(12,19)":0.0,"(4,10)":0.0,"(10,8)":3.6306887792773046,"(7,2)":0.0,"(11,15)":0.0,"(10,17)":0.0,"(3,13)":0.0,"(20,8)":1.0125704751043731,"(6,3)":5.091242948566886,"(1,7)":121.24966902438986,"(19,13)":0.0,"(21,20)":3.7089466641911573,"(8,8)":0.0,"(1,3)":11.41116795365746,"(4,15)":4.150873034446352,"(22,10)":0.0,"(21,9)":0.0,"(11,11)":0.0,"(12,15)":4.780303744998697,"(9,10)":0.0,"(12,5)":0.7072172764464524,"(12,2)":0.0,"(20,4)":1.868328258164225,"(9,3)":0.0,"(16,4)":186.0761076614882,"(16,10)":0.0,"(17,19)":6.069434310698036,"(11,19)":0.0,"(16,19)":0.0,"(4,1)":301.9013282008011,"(13,20)":1.034299331175135,"(5,15)":5.233935607732994,"(16,9)":0.0,"(4,17)":0.0,"(5,12)":0.45363186273429656,"(5,14)":0.0,"(17,11)":0.0,"(6,16)":0.0,"(22,22)":0.0,"(2,14)":0.0,"(11,9)":0.0,"(17,6)":0.0,"(20,12)":0.9499247580638558,"(21,11)":0.5773369156569162,"(9,13)":0.0,"(20,15)":5.730228503062553,"(10,20)":0.0,"(11,10)":4.376011658751517,"(15,22)":0.0,"(2,17)":0.0,"(6,2)":0.0,"(21,14)":2.8435168037764145,"(8,7)":0.0,"(4,20)":1.7287460629588025,"(3,17)":0.0,"(2,15)":0.0,"(12,21)":0.0,"(1,8)":0.0,"(22,8)":0.0,"(21,5)":0.0,"(1,13)":160.6672680444861,"(3,12)":0.0,"(3,14)":0.0,"(5,11)":0.0,"(15,9)":0.0,"(9,11)":0.0,"(6,15)":0.0,"(1,14)":219.34699519018687,"(7,14)":796.7789738325971,"(12,1)":100.68367977140151,"(8,10)":2.347553528708599,"(14,10)":0.0,"(10,5)":0.0,"(15,8)":6.681334010519144,"(15,19)":2.3904144352461665,"(21,12)":0.0,"(22,20)":0.0,"(2,18)":0.0,"(20,10)":0.0,"(8,22)":0.0,"(16,15)":1.8567207628122882,"(1,15)":0.0,"(10,11)":4.534374985978711,"(12,16)":140.82071314593435,"(17,4)":4.474287607081351e-15,"(3,1)":9.191931594480193,"(20,5)":1.6571420345103083,"(15,15)":0.0,"(16,21)":0.0,"(21,8)":0.0,"(16,3)":0.0,"(17,16)":166.6163252772118,"(12,8)":0.06264571704051719,"(13,7)":292.58153585977,"(3,18)":0.0,"(6,17)":0.0,"(22,19)":0.0,"(6,5)":0.6876443694390003,"(16,17)":116.49660042890933,"(18,18)":0.0,"(13,11)":0.0,"(13,18)":0.0,"(16,11)":0.0,"(2,13)":0.0,"(9,8)":0.0,"(3,4)":9.229837911356839,"(5,17)":9.741975761323753,"(5,20)":2.8118086362454435,"(10,19)":0.0,"(2,3)":0.8899338177465842,"(21,17)":0.0,"(13,3)":0.0,"(4,11)":0.0,"(6,20)":0.0,"(5,4)":0.2111862236539168,"(17,1)":11.228982298917842,"(2,1)":0.0,"(20,6)":0.0,"(20,11)":0.0,"(5,9)":0.0,"(1,4)":200.41011971448057,"(13,22)":0.0,"(19,19)":0.0,"(18,19)":0.0,"(9,18)":0.0,"(20,16)":0.0,"(3,21)":0.0,"(16,5)":0.0,"(11,22)":0.0,"(19,1)":0.0,"(13,1)":137.81945013642533,"(18,17)":0.0,"(17,18)":0.0,"(14,15)":0.0,"(2,11)":0.0,"(20,2)":0.0,"(10,10)":0.0,"(4,12)":288.6470329456477,"(2,22)":0.0,"(5,22)":0.0,"(6,12)":0.0,"(18,2)":0.0,"(16,7)":350.81335734455064,"(19,7)":0.0,"(7,21)":0.0,"(4,13)":212.99370153320544,"(6,1)":14.283174543047078,"(7,11)":0.0,"(11,6)":1.3784863448449063,"(12,13)":166.99737827422229,"(18,22)":0.0,"(21,18)":0.0,"(22,11)":0.0,"(7,15)":0.0,"(7,6)":2.9488711934789054,"(15,16)":0.0,"(21,16)":0.0,"(20,19)":0.0,"(11,16)":0.0,"(11,7)":0.0,"(8,14)":0.0,"(5,5)":0.0,"(2,7)":0.0,"(8,3)":7.712938963111873,"(5,21)":0.0,"(4,3)":6.857181180052022,"(2,21)":0.0,"(9,7)":0.0,"(18,15)":0.0,"(14,3)":4.487393873750446,"(4,14)":331.6576507153063,"(18,7)":0.0,"(11,21)":0.0,"(2,10)":0.0,"(14,16)":445.50224445627566,"(14,8)":0.0,"(11,2)":0.0,"(15,6)":0.0,"(19,18)":0.0,"(8,13)":0.0,"(17,22)":0.0,"(1,19)":0.0,"(18,20)":0.0,"(20,1)":0.0,"(3,10)":0.0,"(7,20)":0.0,"(6,14)":0.0,"(9,21)":0.0,"(13,15)":0.0,"(21,21)":0.0,"(17,15)":3.679019875451871,"(17,20)":12.655884942441645,"(20,21)":5.2929592840951205,"(20,7)":0.0,"(11,1)":0.0,"(15,18)":0.0,"(19,17)":0.0,"(10,14)":0.0,"(1,10)":0.0,"(9,9)":0.0,"(13,16)":355.9585304377121,"(22,21)":0.0,"(12,17)":89.78506862298947,"(21,6)":0.0,"(12,14)":213.79647360249908,"(12,10)":0.0,"(19,14)":0.0,"(2,6)":0.0,"(13,14)":483.74674590017673,"(16,1)":143.25032273890602,"(16,14)":984.1951010049874,"(10,4)":0.0,"(1,20)":0.0,"(6,21)":0.0,"(10,12)":0.0,"(15,11)":0.0,"(16,16)":0.0,"(17,17)":0.0,"(16,22)":0.0,"(17,13)":211.39173168149244,"(19,8)":0.0,"(17,3)":0.0,"(2,8)":0.0,"(5,8)":0.0,"(13,21)":2.8181624823643445,"(17,12)":251.91977111803052,"(7,22)":0.0,"(5,19)":0.0,"(1,1)":0.0,"(22,12)":0.0,"(21,19)":0.0,"(17,8)":10.360353885971016,"(10,9)":0.0,"(10,21)":0.0,"(4,19)":0.0,"(11,5)":0.0,"(14,17)":140.657650776785,"(22,6)":0.0,"(14,14)":0.0,"(2,2)":0.0,"(17,21)":0.0,"(5,18)":0.0,"(15,12)":6.618688293478627,"(10,16)":0.0,"(20,9)":0.0,"(7,1)":161.24871585065543,"(3,11)":0.0,"(5,13)":0.0,"(10,13)":0.0,"(11,17)":0.0,"(14,12)":361.7202198532941,"(21,22)":0.0,"(14,5)":0.0,"(12,11)":0.0,"(15,14)":0.0,"(1,16)":132.00691309909817,"(11,18)":0.0,"(21,1)":0.0,"(22,13)":0.0,"(2,20)":0.0,"(6,6)":0.0,"(16,8)":0.0,"(20,3)":0.0,"(10,2)":0.0,"(4,2)":0.0,"(15,21)":1.019356197465221,"(1,6)":18.870298922288658,"(13,13)":0.0,"(19,10)":0.0,"(11,3)":5.6113105722122905,"(3,19)":0.0,"(22,17)":0.0,"(22,9)":0.0,"(9,20)":0.0,"(8,6)":2.621696014544986,"(4,6)":1.7659382314851344,"(15,5)":7.32590556992508,"(8,1)":0.0,"(13,2)":0.0,"(17,2)":0.0,"(14,9)":0.0,"(9,15)":0.0,"(15,7)":0.0,"(6,10)":0.0,"(6,4)":1.7707069427256414,"(10,7)":0.0,"(5,2)":0.0,"(21,7)":0.0,"(8,19)":0.0,"(7,3)":7.758933884976543,"(12,12)":0.0,"(14,1)":169.56909585470464,"(10,3)":0.0,"(13,6)":0.0,"(15,3)":0.0,"(20,14)":0.0,"(1,5)":0.0,"(3,5)":8.1467753380702,"(3,8)":8.004975188064023,"(9,5)":0.0,"(14,19)":0.0,"(3,6)":7.459130968631199,"(19,5)":0.0,"(7,17)":87.82616133561763,"(12,4)":104.0938933675004,"(4,21)":0.0,"(4,4)":0.0,"(13,17)":139.15762227962142,"(19,12)":0.0,"(9,4)":0.0,"(20,17)":10.238268656653313,"(22,3)":0.0,"(13,12)":262.86828258198346,"(8,11)":0.0,"(8,18)":0.0,"(6,19)":0.0,"(12,7)":96.88335854639226,"(12,18)":0.0,"(19,22)":0.0,"(20,22)":0.0,"(14,4)":248.23369458488685,"(3,15)":0.0,"(4,22)":0.0,"(2,4)":0.0,"(9,19)":0.0,"(18,16)":0.0,"(6,22)":0.0,"(19,2)":0.0,"(9,22)":0.0,"(22,1)":0.0,"(9,2)":0.0,"(14,21)":2.692052220629116,"(5,1)":0.0,"(15,20)":8.976865066989774,"(10,6)":0.0,"(11,12)":0.0,"(8,16)":0.0,"(1,18)":0.0,"(2,16)":0.0,"(7,13)":673.0310535424964,"(21,15)":0.0,"(8,15)":5.375735757739168,"(9,17)":0.0,"(19,16)":0.0,"(5,10)":0.0,"(18,10)":0.0,"(18,13)":0.0,"(21,10)":0.0,"(8,17)":9.883775911329927,"(8,20)":2.9536087862516176,"(4,8)":0.0,"(11,20)":0.0,"(12,9)":0.0,"(7,8)":0.0,"(14,22)":0.0,"(7,7)":0.0,"(18,1)":0.0,"(22,18)":0.0,"(7,9)":0.0,"(9,14)":0.0,"(4,18)":0.0,"(19,15)":0.0,"(20,20)":0.0,"(3,22)":0.0,"(5,7)":0.0,"(11,14)":0.0,"(12,6)":0.0,"(17,5)":11.004925445376948,"(18,6)":0.0,"(6,13)":0.0,"(11,13)":0.0,"(2,19)":0.0,"(19,11)":0.0,"(20,18)":0.0,"(13,5)":0.0,"(4,7)":150.65892224520925,"(6,8)":0.5458442194328261,"(21,2)":0.0,"(12,20)":2.358176773511147,"(7,5)":0.0,"(2,9)":0.0,"(3,2)":1.994319625169766,"(14,11)":0.0,"(10,15)":0.0,"(3,7)":12.552158100170372,"(15,10)":0.0,"(15,13)":0.0,"(18,8)":0.0,"(14,7)":377.68864168874927,"(18,11)":0.0,"(9,16)":0.0,"(4,16)":209.15953167271758,"(14,20)":0.0,"(22,5)":0.0,"(5,6)":1.9771244551390512,"(2,12)":0.0,"(12,3)":0.0,"(9,12)":0.0,"(13,10)":0.0,