{"(6,9)":0.0,"(18,3)":0.0,"(21,13)":24.276874055149747,"(22,16)":32.04182964260736,"(15,17)":0.0,"(22,14)":0.0,"(13,9)":4.107861145553633,"(8,9)":10.24268337815073,"(17,14)":527.1943172624218,"(9,1)":15.496928624849922,"(16,6)":0.0,"(16,12)":453.809489514693,"(16,13)":827.2174733935302,"(22,2)":24.183310008538026,"(7,16)":736.4786258016236,"(1,12)":368.85563919699194,"(4,5)":16.37087200420054,"(11,8)":36.772545148540246,"(18,21)":0.0,"(19,4)":0.0,"(20,13)":27.89360831332661,"(15,4)":24.31814849237302,"(6,18)":23.80077260418663,"(5,16)":0.0,"(4,9)":0.0,"(8,4)":8.524993846060072,"(1,22)":0.0,"(22,15)":0.0,"(1,2)":0.0,"(17,9)":0.0,"(19,20)":7.384614209002254,"(14,2)":35.81605897899164,"(6,11)":41.91779396712778,"(16,2)":0.0,"(8,21)":27.32209269200445,"(9,6)":13.856646366312983,"(8,2)":0.0,"(21,3)":42.24138156701636,"(13,19)":0.0,"(7,19)":0.0,"(8,12)":9.413885956941224,"(11,4)":26.01675252899519,"(17,10)":0.0,"(1,17)":0.0,"(18,5)":15.135812753349756,"(2,5)":0.0,"(8,5)":0.0,"(3,16)":0.0,"(14,13)":751.637632173022,"(22,4)":34.68386943086658,"(3,9)":0.0,"(15,2)":13.817589070044463,"(19,6)":15.397857437065994,"(19,9)":1.5412110707530142,"(18,12)":37.52455785025963,"(15,1)":3.681720575874971,"(14,6)":75.3437607752446,"(14,18)":47.55167765217099,"(21,4)":13.214239193091943,"(22,7)":37.316312179127586,"(13,4)":388.06024313794217,"(16,20)":0.0,"(7,12)":494.8559962321482,"(10,22)":47.439978895578506,"(12,19)":0.0,"(4,10)":0.0,"(10,8)":11.331269539634679,"(7,2)":0.0,"(11,15)":1.0646288306828882,"(10,17)":13.863519480285834,"(3,13)":0.0,"(20,8)":11.625506433273216,"(6,3)":0.0,"(1,7)":202.0029530988382,"(19,13)":0.0,"(21,20)":36.14344200807802,"(8,8)":0,"(1,3)":16.917816414125987,"(4,15)":54.233220945858264,"(22,10)":0.0,"(21,9)":28.384735200703386,"(11,11)":0,"(12,15)":15.473603844747846,"(9,10)":0.0,"(12,5)":0.0,"(12,2)":0.0,"(20,4)":20.15050027933329,"(9,3)":13.856646366312983,"(16,4)":478.65373053147243,"(16,10)":0.0,"(17,19)":32.52802429119431,"(11,19)":2.073780869783909,"(16,19)":0.0,"(4,1)":490.82116008350187,"(13,20)":11.866567952928262,"(5,15)":37.86234894165773,"(16,9)":0.0,"(4,17)":69.70459999349973,"(5,12)":22.388745096909876,"(5,14)":0.0,"(17,11)":0.0,"(6,16)":0.0,"(22,22)":0,"(2,14)":0.0,"(11,9)":0.0,"(17,6)":0.0,"(20,12)":11.771256060691478,"(21,11)":40.690978981790416,"(9,13)":0.0,"(20,15)":27.244859905439323,"(10,20)":3.435665553656366,"(11,10)":25.441275608905556,"(15,22)":66.79885099403593,"(2,17)":0.0,"(6,2)":12.963133038272936,"(21,14)":20.39111310946542,"(8,7)":0.0,"(4,20)":67.04195028744068,"(3,17)":1.5821102563609166,"(2,15)":26.867873163614384,"(12,21)":15.251092420021866,"(1,8)":0.0,"(22,8)":6.213776606314681,"(21,5)":29.58511119729248,"(1,13)":320.5926562098236,"(3,12)":0.0,"(3,14)":45.06614247864109,"(5,11)":0.0,"(15,9)":15.035830844739134,"(9,11)":4.181584606180495,"(6,15)":0.0,"(1,14)":414.905433762536,"(7,14)":1322.449324663698,"(12,1)":178.19666930214376,"(8,10)":15.490968096708773,"(14,10)":6.515256037133614,"(10,5)":-6.938893903907228e-18,"(15,8)":15.79315464631295,"(15,19)":13.49461977398612,"(21,12)":0.0,"(22,20)":0.0,"(2,18)":0.0,"(20,10)":37.24975417743828,"(8,22)":62.93094699228729,"(16,15)":36.68082370612762,"(1,15)":0.0,"(10,11)":7.8161467816345525,"(12,16)":271.86200111609264,"(17,4)":184.3127643798216,"(3,1)":1.8872726686386319,"(20,5)":11.138720620051961,"(15,15)":0,"(16,21)":0.0,"(21,8)":44.964289458896104,"(16,3)":0.0,"(17,16)":265.75500484834913,"(12,8)":0.0,"(13,7)":565.2988678862031,"(3,18)":36.494656317532886,"(6,17)":0.33364803583476094,"(22,19)":0.0,"(6,5)":39.83456446480204,"(16,17)":206.4365721889194,"(18,18)":0,"(13,11)":41.550412949777744,"(13,18)":0.0,"(16,11)":0.0,"(2,13)":0.0,"(9,8)":0.0,"(3,4)":36.15757617394776,"(5,17)":37.52952080439711,"(5,20)":50.67107828324013,"(10,19)":0.0,"(2,3)":2.4170770100064223,"(21,17)":46.57129593470748,"(13,3)":17.964507511866614,"(4,11)":0.0,"(6,20)":0.0,"(5,4)":9.011779659281324,"(17,1)":219.91034801228295,"(2,1)":0.0,"(20,6)":45.858115825193224,"(20,11)":69.44402126310433,"(5,9)":0.0,"(1,4)":307.0390040958815,"(13,22)":55.870881294850406,"(19,19)":0,"(18,19)":0.0,"(9,18)":0.0,"(20,16)":32.54061100396491,"(3,21)":0.0,"(16,5)":0.0,"(11,22)":21.057542278637758,"(19,1)":0.0,"(13,1)":393.93767277040354,"(18,17)":0.0,"(17,18)":0.0,"(14,15)":0.0,"(2,11)":0.0,"(20,2)":9.649940857004733,"(10,10)":0,"(4,12)":498.14736310111044,"(2,22)":0.0,"(5,22)":0.0,"(6,12)":0.0,"(18,2)":0.0,"(16,7)":683.6213732797333,"(19,7)":0.0,"(7,21)":0.0,"(4,13)":414.91390811394206,"(6,1)":1.88727266863863,"(7,11)":16.71963786553094,"(11,6)":55.04389490291961,"(12,13)":273.55802342545434,"(18,22)":4.587218867255788,"(21,18)":14.449298443942725,"(22,11)":8.667116901871385,"(7,15)":0.0,"(7,6)":26.394699625663424,"(15,16)":0.0,"(21,16)":28.92387674578805,"(20,19)":9.32697156094639,"(11,16)":53.09937192124511,"(11,7)":28.649195277256197,"(8,14)":32.32786951181657,"(5,5)":0,"(2,7)":0.0,"(8,3)":17.640669876086463,"(5,21)":0.0,"(4,3)":9.11567603002639,"(2,21)":0.0,"(9,7)":0.0,"(18,15)":52.99816169500748,"(14,3)":75.3437607752446,"(4,14)":604.4850976666546,"(18,7)":0.0,"(11,21)":15.658132699550618,"(2,10)":0.0,"(14,16)":797.7882891230781,"(14,8)":17.846525576768293,"(11,2)":15.516193106666638,"(15,6)":28.89247721105212,"(19,18)":0.0,"(8,13)":7.060065697436874,"(17,22)":0.0,"(1,19)":0.0,"(18,20)":0.0,"(20,1)":0.0,"(3,10)":0.0,"(7,20)":0.0,"(6,14)":32.37225876529483,"(9,21)":0.0,"(13,15)":0.0,"(21,21)":0,"(17,15)":19.03340451720819,"(17,20)":63.25464197726965,"(20,21)":48.15563530789418,"(20,7)":19.463416199529792,"(11,1)":56.684177161456546,"(15,18)":0.0,"(19,17)":0.0,"(10,14)":16.8369014151078,"(1,10)":0.0,"(9,9)":0,"(13,16)":605.1567576906383,"(22,21)":13.570918930929952,"(12,17)":142.97422770748724,"(21,6)":42.241381567016376,"(12,14)":382.53135423983406,"(12,10)":4.345211289565966,"(19,14)":22.701153739579077,"(2,6)":0.0,"(13,14)":802.8714578143797,"(16,1)":428.4092191639339,"(16,14)":1599.0576014140725,"(10,4)":0.0,"(1,20)":10.050391383322195,"(6,21)":0.0,"(10,12)":0.0,"(15,11)":52.478382648963255,"(16,16)":0,"(17,17)":0,"(16,22)":0.0,"(17,13)":362.70794524187943,"(19,8)":0.0,"(17,3)":0.0,"(2,8)":1.980383361925317,"(5,8)":12.974859139968649,"(13,21)":20.262026994567574,"(17,12)":418.6821117909394,"(7,22)":37.77718014416871,"(5,19)":19.944460597164788,"(1,1)":0,"(22,12)":0.0,"(21,19)":3.3852981536405276,"(17,8)":34.82655916352114,"(10,9)":0.0,"(10,21)":11.831124595295675,"(4,19)":36.31533260136533,"(11,5)":42.38762453319574,"(14,17)":335.1106893119974,"(22,6)":63.711011804791006,"(14,14)":0,"(2,2)":0,"(17,21)":0.0,"(5,18)":0.0,"(15,12)":15.938904273731211,"(10,16)":3.156589141942371,"(20,9)":32.00146945888024,"(7,1)":330.4822248842004,"(3,11)":54.61167768047405,"(5,13)":0.0,"(10,13)":0.9976946048438163,"(11,17)":70.74679111016454,"(14,12)":603.7543582941848,"(21,22)":50.99419058993612,"(14,5)":62.68749040552074,"(12,11)":36.539478375232044,"(15,14)":36.19577351356519,"(1,16)":314.95239090046186,"(11,18)":27.25181177984598,"(21,1)":43.881663825553325,"(22,13)":0.0,"(2,20)":39.676602505196804,"(6,6)":0,"(16,8)":0.0,"(20,3)":45.85811582519324,"(10,2)":0.0,"(4,2)":0.0,"(15,21)":31.189996693753073,"(1,6)":29.61170012747225,"(13,13)":0,"(19,10)":6.7894957893110535,"(11,3)":55.04389490291961,"(3,19)":0.0,"(22,17)":49.68924883152679,"(22,9)":0.0,"(9,20)":0.0,"(8,6)":17.64066987608646,"(4,6)":9.115676030026393,"(15,5)":15.306368833091694,"(8,1)":0.0,"(13,2)":0.0,"(17,2)":0.0,"(14,9)":2.459721579137983,"(9,15)":0.0,"(15,7)":2.4977775853886897,"(6,10)":0.0,"(6,4)":23.463692460601493,"(10,7)":0.0,"(5,2)":0.0,"(21,7)":15.846681941352939,"(8,19)":6.969601457196133,"(7,3)":26.394699625663428,"(12,12)":0,"(14,1)":401.11293803378163,"(10,3)":8.608361647754942,"(13,6)":17.964507511866614,"(15,3)":28.89247721105213,"(20,14)":53.1614121277063,"(1,5)":0.0,"(3,5)":52.528448178148295,"(3,8)":65.50330731811695,"(9,5)":1.2003759965891003,"(14,19)":0.0,"(3,6)":12.693883713346262,"(19,5)":0.0,"(7,17)":256.7725699905431,