{"(16,1)":0.40618622980974195,"(11,20)":34.372297700663616,"(2,8)":0.0,"(3,22)":110.38092357186342,"(20,1)":0.0,"(14,5)":0.0,"(19,5)":0.0,"(11,1)":0.0,"(9,6)":12.99799191248743,"(2,17)":0.0,"(15,20)":111.87563153853519,"(8,12)":3.7287597192082442,"(22,20)":0.0,"(8,9)":29.556736951803394,"(14,11)":47.31987741548453,"(15,22)":110.43618629319565,"(13,16)":465.5835678900839,"(19,2)":0.0,"(2,18)":0.0,"(11,17)":142.2955425464689,"(11,7)":61.92449360965777,"(3,3)":0.0,"(15,21)":81.5000843647301,"(4,1)":308.8082885750527,"(16,3)":0.0,"(13,7)":354.6538386319603,"(14,13)":631.9091515643827,"(5,3)":66.62951798021565,"(11,13)":20.570477466418016,"(17,7)":194.87145472507217,"(1,3)":99.01105299612851,"(15,18)":14.572274546729343,"(1,8)":0.0,"(20,12)":12.29673370026946,"(13,17)":196.12728295398898,"(17,11)":0.0,"(12,22)":60.44002236363587,"(21,12)":0.0,"(10,19)":0.0,"(6,8)":94.33288131383267,"(8,8)":0.0,"(7,15)":0.0,"(5,4)":13.440584153069802,"(18,19)":0.0,"(1,16)":-4.496403249731884e-17,"(6,14)":9.260352270045843,"(6,10)":0.0,"(15,4)":70.13476598993265,"(10,17)":0.0,"(17,15)":31.500679789476838,"(11,22)":17.5980606656544,"(11,8)":110.22607199133995,"(9,13)":0.0,"(16,22)":0.0,"(10,13)":0.0,"(2,3)":9.824169242217511,"(3,6)":41.79049434888526,"(5,12)":32.01327693698654,"(17,13)":213.55566217311187,"(15,17)":15.426731032180694,"(10,7)":0.0,"(14,4)":340.2996247473592,"(3,16)":0.0,"(1,13)":0.0,"(16,9)":0.0,"(11,15)":19.372212672478483,"(18,22)":0.0,"(19,1)":0.0,"(15,7)":0.0,"(18,3)":40.68261175820309,"(12,7)":61.83554931789331,"(17,18)":0.0,"(5,13)":0.0,"(3,1)":86.79961061627141,"(13,3)":25.132464627649757,"(15,11)":66.34406313585767,"(16,12)":274.19868680749886,"(20,9)":34.580707292149675,"(2,1)":0.0,"(3,12)":0.0,"(21,22)":150.1881743960702,"(1,9)":0.0,"(7,9)":0.0,"(19,16)":0.0,"(19,4)":0.0,"(9,15)":0.0,"(2,5)":0.0,"(9,17)":0.0,"(2,19)":0.0,"(2,11)":0.0,"(6,12)":0.0,"(9,14)":0.0,"(10,16)":0.0,"(17,9)":0.0,"(22,7)":32.722225361817344,"(1,2)":0.0,"(17,19)":57.31562778698255,"(22,6)":98.2789215728583,"(20,8)":3.9033586104921993,"(21,20)":80.66090294141391,"(5,8)":28.28451721777829,"(13,11)":68.262023020365,"(5,19)":7.832061004932512,"(4,17)":0.0,"(8,3)":81.72091097729603,"(17,21)":4.969885408813682,"(9,19)":0.0,"(7,2)":0.0,"(3,10)":0.0,"(12,2)":0.0,"(6,15)":0.0,"(11,21)":40.48527050242207,"(22,4)":0.0,"(15,2)":20.87188783986811,"(6,2)":18.139392819787748,"(5,11)":0.0,"(10,21)":34.154075792278505,"(21,19)":23.497429734601518,"(12,10)":0.0,"(13,18)":0.0,"(9,5)":0.0,"(1,18)":0.0,"(14,9)":26.656301226640746,"(22,16)":118.3434556469092,"(8,4)":28.53197715015017,"(17,4)":0.0,"(22,19)":0.0,"(17,2)":0.0,"(13,19)":0.0,"(10,4)":0.0,"(9,20)":0.0,"(20,17)":110.97708031518172,"(20,10)":47.70623344453488,"(10,9)":1.0483979725593464,"(3,2)":43.980191455773564,"(4,20)":92.53883767216412,"(1,20)":0.0,"(9,22)":0.0,"(7,16)":403.30647590904994,"(10,8)":49.25362137107299,"(16,18)":0.0,"(7,10)":0.0,"(17,17)":0.0,"(17,14)":278.95944363535955,"(8,16)":15.218247335990089,"(4,4)":0.0,"(12,4)":152.85600208037292,"(19,9)":0.0,"(21,11)":138.17797485862238,"(20,14)":109.85933513422323,"(22,2)":0.0,"(16,20)":0.0,"(9,16)":0.0,"(21,16)":43.40413555589068,"(14,21)":82.21728678969997,"(4,2)":0.0,"(14,1)":200.33504399235724,"(14,12)":467.941669651247,"(7,22)":4.908907460714122,"(10,2)":0.0,"(14,7)":601.9348114551422,"(3,19)":0.0,"(10,20)":0.0,"(13,2)":0.0,"(11,19)":3.9800447026160226,"(17,12)":392.30178414903656,"(7,12)":188.0035217258306,"(13,20)":21.051538333129535,"(22,8)":0.0,"(17,16)":184.22875008247746,"(9,21)":5.367356513800481,"(8,1)":0.0,"(22,5)":0.0,"(8,5)":15.091392997080373,"(16,6)":0.0,"(6,21)":11.987112257697381,"(4,11)":0.0,"(19,14)":25.29116134275762,"(15,10)":0.0,"(21,1)":0.0,"(4,13)":103.47138756641459,"(5,1)":0.0,"(6,19)":0.0,"(12,12)":0.0,"(11,12)":0.0,"(21,10)":51.3701079667727,"(11,5)":0.0,"(18,14)":0.0,"(14,10)":20.98289100423104,"(14,20)":41.833087077512154,"(18,13)":0.0,"(7,8)":0.0,"(13,13)":0.0,"(18,21)":0.0,"(11,10)":60.97245062026698,"(8,10)":51.752586670194646,"(12,19)":0.0,"(13,12)":305.0615957268645,"(21,9)":38.62186869340993,"(11,9)":1.9587530200670558,"(4,21)":0.0,"(22,3)":121.64340425777438,"(6,16)":0.0,"(7,7)":0.0,"(1,15)":5.069510445633175,"(12,21)":31.50392043517037,"(19,12)":0.0,"(3,17)":0.0,"(12,13)":173.72673216593293,"(3,13)":0.0,"(5,7)":0.4611643139267133,"(16,2)":0.0,"(1,21)":0.0,"(16,5)":0.0,"(4,9)":0.0,"(20,3)":63.62761682068763,"(13,14)":682.8830289647707,"(14,3)":198.1655499210993,"(9,3)":30.33062758260518,"(7,5)":0.0,"(9,1)":0.0,"(21,3)":67.63138025872831,"(22,9)":0.0,"(19,21)":55.6851363672244,"(12,1)":68.93386528542575,"(19,3)":1.7985612998927537e-16,"(10,15)":0.0,"(16,4)":94.27033950481166,"(14,17)":390.4304328637468,"(17,20)":143.376311328012,"(7,6)":65.55669621104093,"(18,4)":0.0,"(14,14)":0.0,"(4,6)":29.82445114222979,"(6,9)":6.749647322743178,"(10,5)":0.0,"(2,4)":0.0,"(18,12)":0.0,"(18,6)":23.28259370372598,"(7,14)":1010.9517603277815,"(8,21)":77.06275897919485,"(7,17)":6.80418739295492,"(22,22)":0.0,"(1,12)":235.35683547290154,"(1,7)":36.981006667161644,"(19,22)":84.62123829568993,"(15,12)":49.99616392955975,"(18,18)":0.0,"(19,10)":0.0,"(20,21)":140.25331015869,"(19,11)":40.52911513835194,"(9,10)":0.0,"(1,11)":0.0,"(15,16)":0.0,"(2,2)":0.0,"(8,15)":86.9823753019398,"(12,15)":83.25361558273153,"(9,8)":1.3840506856302313,"(19,6)":0.0,"(12,18)":0.0,"(18,5)":0.0,"(15,15)":0.0,"(8,2)":0.0,"(12,11)":16.34789920629793,"(8,6)":58.35642829237996,"(17,5)":88.19486162633967,"(5,18)":1.034480848316078,"(14,2)":0.0,"(8,14)":46.29815108772534,"(6,7)":63.68152176226403,"(18,2)":0.0,"(3,15)":0.0,"(2,12)":0.0,"(19,13)":0.0,"(15,6)":0.0,"(1,5)":0.0,"(13,10)":6.411310316402366,"(5,17)":130.69362355189878,"(6,20)":0.0,"(2,15)":63.38907858739025,"(13,4)":70.09458434417722,"(22,14)":0.0,"(12,3)":0.0,"(16,10)":0.0,"(2,20)":42.01493061363416,"(22,12)":0.0,"(20,11)":125.09728892981758,"(2,6)":1.3257485053998868,"(16,16)":0.0,"(5,10)":0.0,"(3,7)":105.4720161111493,"(21,2)":0.0,"(16,8)":8.926842900837144,"(10,12)":0.0,"(22,15)":0.0,"(4,5)":0.0,"(17,1)":0.0,"(5,21)":0.0,"(1,4)":186.02128082971305,"(19,7)":0.0,"(13,1)":21.689203279175253,"(5,14)":0.0,"(9,9)":0.0,"(13,21)":83.41804424923744,"(7,3)":88.92117889595696,"(6,6)":0.0,"(2,21)":0.0,"(18,11)":0.0,"(11,4)":0.0,"(16,17)":159.27324016390526,"(12,14)":294.5522782607035,"(4,15)":113.91298564592014,"(12,8)":0.0,"(7,4)":125.75101418221695,"(21,13)":59.60936460828437,"(18,17)":0.0,"(13,8)":43.0371609795713,"(15,8)":41.60278883978249,"(5,5)":0.0,"(12,9)":0.0,"(14,6)":174.80106723618326,"(6,1)":110.16409330118745,"(14,18)":37.63835365175823,"(19,20)":19.960043559522674,"(20,2)":0.0,"(8,18)":2.5883501628126284,"(17,6)":0.0,"(10,22)":47.008720673770114,"(3,9)":25.648664499585042,"(21,5)":0.0,"(4,10)":0.0,"(7,11)":0.0,"(11,2)":0.0,"(6,3)":23.36448268491605,"(20,15)":95.55034928300101,"(12,16)":147.75954825601661,"(1,1)":0.0,"(4,16)":106.24395459649828,"(5,2)":0.0,"(9,7)":0.0,"(21,18)":0.09408220049745392,"(1,10)":0.0,"(14,16)":773.1396720198416,"(4,19)":6.478154131134621,"(5,16)":0.0,"(3,18)":33.86599873776524,"(4,3)":53.18893382714584,"(8,17)":102.40910633412045,"(18,7)":0.0,"(21,6)":51.15280992450458,"(13,9)":4.438405000024724,"(8,13)":13.244153366951469,"(6,17)":0.0,"(14,8)":61.56366592053399,"(4,12)":402.7634443231887,"(14,19)":0.0,"(18,10)":0.0,"(3,14)":51.05084661893111,"(18,9)":0.0,"(12,17)":202.22544273491224,"(20,20)":0.0,"(4,22)":0.0,"(2,10)":0.0,"(22,21)":5.695141126375023,"(8,20)":65.60822732818367,"(7,21)":0.0,"(4,14)":365.43966360523046,"(19,15)":41.33419153327879,"(13,15)":5.222256659595922,"(20,6)":47.14119795311105,"(2,13)":0.0,"(20,5)":18.994751607572574,"(10,3)":19.21293321564707,"(21,7)":11.217716182322913,"(18,20)":0.0,"(7,1)":73.52853484721507,"(15,19)":25.814947997505712,"(17,8)":73.10346862925932,"(9,2)":0.0,"(16,13)":620.8411838206345,"(13,22)":112.35414617770296,"(11,6)":127.4811898206987,"(17,22)":0.0,"(10,18)":0.0,"(15,1)":0.0,"(3,21)":22.917649883379568,"(18,16)":0.0,"(5,22)":0.0,