{"(6,9)":0.3019216155880929,"(18,3)":8.345582428938924,"(21,13)":43.76706403671554,"(22,16)":34.610169980088436,"(15,17)":30.328357131938642,"(22,14)":0.0,"(13,9)":0.0,"(8,9)":0.0,"(17,14)":538.1369830899631,"(9,1)":0.0,"(16,6)":0.0,"(16,12)":484.0378179151555,"(16,13)":825.5008093301259,"(22,2)":168.71761403510783,"(7,16)":705.7834756392955,"(1,12)":444.9244597785109,"(4,5)":53.21307605395977,"(11,8)":75.79503601267038,"(18,21)":0.0,"(19,4)":137.1227232806874,"(20,13)":40.733278999645435,"(15,4)":197.3973650754623,"(6,18)":76.84201310704265,"(5,16)":0.0,"(4,9)":0.0,"(8,4)":119.19973040820402,"(1,22)":0.0,"(22,15)":77.29529477494502,"(1,2)":0.0,"(17,9)":0.0,"(19,20)":34.35683986642824,"(14,2)":180.44109151155027,"(6,11)":67.17783480673873,"(16,2)":0.0,"(8,21)":36.483870762726816,"(9,6)":0.0,"(8,2)":138.19308340835445,"(21,3)":0.0,"(13,19)":0.0,"(7,19)":0.0,"(8,12)":19.139206567437064,"(11,4)":124.86767105270884,"(17,10)":0.0,"(1,17)":0.0,"(18,5)":84.68955181505207,"(2,5)":32.30888489910253,"(8,5)":49.69239513269399,"(3,16)":0.0,"(14,13)":772.9383199544428,"(22,4)":149.7242610349574,"(3,9)":33.768446382417935,"(15,2)":216.39071807561274,"(19,6)":0.0,"(19,9)":0.0,"(18,12)":145.91737364837186,"(15,1)":208.56399761310797,"(14,6)":123.52624229586776,"(14,18)":129.97126275030757,"(21,4)":0.0,"(22,7)":87.30035985809,"(13,4)":350.0735870844704,"(16,20)":0.8710381456345608,"(7,12)":493.4878348867632,"(10,22)":89.63973257414347,"(12,19)":0.0,"(4,10)":0.0,"(10,8)":27.754270785419966,"(7,2)":81.41725417701781,"(11,15)":98.5672069690337,"(10,17)":12.257276031615216,"(3,13)":0.0,"(20,8)":43.72505289229248,"(6,3)":0.0,"(1,7)":228.40602883973156,"(19,13)":0.0,"(21,20)":65.85204423204983,"(8,8)":0,"(1,3)":36.601876547376044,"(4,15)":202.75991720325968,"(22,10)":0.0,"(21,9)":0.0,"(11,11)":0,"(12,15)":80.40327671191518,"(9,10)":0.0,"(12,5)":73.2115463764518,"(12,2)":161.71223465211227,"(20,4)":162.92478330049653,"(9,3)":0.0,"(16,4)":438.9504104145964,"(16,10)":0.0,"(17,19)":94.53668709914518,"(11,19)":23.760088628393,"(16,19)":0.0,"(4,1)":522.6242205376454,"(13,20)":22.0849801953343,"(5,15)":149.5468411492999,"(16,9)":0.0,"(4,17)":80.31811144107526,"(5,12)":69.1435644373847,"(5,14)":35.51341801270839,"(17,11)":8.178600548654241,"(6,16)":0.0,"(22,22)":0,"(2,14)":0.0,"(11,9)":16.131223798934027,"(17,6)":0.0,"(20,12)":20.20590164853465,"(21,11)":61.66697714234276,"(9,13)":0.0,"(20,15)":100.60917836044982,"(10,20)":2.0524476401729452,"(11,10)":48.04076522725044,"(15,22)":164.1010005888786,"(2,17)":0.0,"(6,2)":51.734918984228905,"(21,14)":25.086909683651673,"(8,7)":86.76131096076907,"(4,20)":162.30963872904715,"(3,17)":0.9611632438018102,"(2,15)":181.85572604840243,"(12,21)":24.538655999708272,"(1,8)":38.697672211073886,"(22,8)":12.439234870749868,"(21,5)":47.93084917514571,"(1,13)":313.68257814146517,"(3,12)":0.0,"(3,14)":78.52549464395864,"(5,11)":58.35216294354629,"(15,9)":0.0,"(9,11)":0.0,"(6,15)":0.0,"(1,14)":432.57890902436486,"(7,14)":1313.7197241846332,"(12,1)":344.33936718960763,"(8,10)":31.72799935425326,"(14,10)":0.0,"(10,5)":26.21514153110065,"(15,8)":78.19763466725828,"(15,19)":54.443632002982305,"(21,12)":33.922761621745,"(22,20)":28.82130067333468,"(2,18)":0.0,"(20,10)":18.681922606974954,"(8,22)":121.36773192839672,"(16,15)":65.1178573453778,"(1,15)":138.2401554904261,"(10,11)":30.220808109581046,"(12,16)":279.24119137363493,"(17,4)":153.24740109119332,"(3,1)":8.594924105237007,"(20,5)":93.41744802498648,"(15,15)":0,"(16,21)":1.032665600078294,"(21,8)":49.46997842946502,"(16,3)":0.0,"(17,16)":274.392961676597,"(12,8)":23.519151243757843,"(13,7)":462.25586790760303,"(3,18)":111.02841787510043,"(6,17)":0.0,"(22,19)":2.4881764343043016,"(6,5)":85.95464203803827,"(16,17)":213.81395524921496,"(18,18)":0,"(13,11)":109.90190170703708,"(13,18)":0.0,"(16,11)":16.561840872057296,"(2,13)":0.0,"(9,8)":0.0,"(3,4)":66.92797075213632,"(5,17)":179.87519828123845,"(5,20)":109.0965626750874,"(10,19)":0.0,"(2,3)":8.66178035749202,"(21,17)":76.05687262349208,"(13,3)":0.0,"(4,11)":0.07798686944563227,"(6,20)":0.0,"(5,4)":69.50733527551,"(17,1)":128.8509879808982,"(2,1)":0.0,"(20,6)":0.0,"(20,11)":150.6351807066825,"(5,9)":0.0,"(1,4)":299.5108012871665,"(13,22)":109.67226512930482,"(19,19)":0,"(18,19)":0.0,"(9,18)":0.0,"(20,16)":47.99828533720707,"(3,21)":0.0,"(16,5)":0.0,"(11,22)":8.88283995888893,"(19,1)":143.4565303766898,"(13,1)":295.9570199741752,"(18,17)":0.0,"(17,18)":0.0,"(14,15)":89.01877225138753,"(2,11)":0.0,"(20,2)":181.91813630064692,"(10,10)":0,"(4,12)":581.7443864913445,"(2,22)":0.0,"(5,22)":67.23500290243523,"(6,12)":0.0,"(18,2)":50.469828761242724,"(16,7)":578.8617092377289,"(19,7)":0.0,"(7,21)":0.0,"(4,13)":415.53203285429873,"(6,1)":8.59492410523701,"(7,11)":21.283247115471223,"(11,6)":86.94617483717666,"(12,13)":278.31921003607334,"(18,22)":14.00926454196386,"(21,18)":0.0,"(22,11)":24.856589982248583,"(7,15)":0.0,"(7,6)":24.502404961335227,"(15,16)":21.94511680853559,"(21,16)":51.032070374277154,"(20,19)":19.97105022801653,"(11,16)":43.493009938977366,"(11,7)":62.44376987584141,"(8,14)":89.64614703866991,"(5,5)":0,"(2,7)":0.0,"(8,3)":138.91784753680776,"(5,21)":0.0,"(4,3)":19.71811712860373,"(2,21)":0.0,"(9,7)":0.0,"(18,15)":226.32065036028706,"(14,3)":123.52624229586772,"(4,14)":629.6867757371983,"(18,7)":0.0,"(11,21)":22.0735139402874,"(2,10)":0.0,"(14,16)":801.4751368698153,"(14,8)":24.162712347192386,"(11,2)":143.8610240528592,"(15,6)":0.0,"(19,18)":0.0,"(8,13)":11.695466799091912,"(17,22)":0.0,"(1,19)":57.60202735799282,"(18,20)":0.0,"(20,1)":174.0914158381422,"(3,10)":0.0,"(7,20)":0.0,"(6,14)":44.33908987590084,"(9,21)":0.0,"(13,15)":70.55897429694464,"(21,21)":0,"(17,15)":40.09305509616288,"(17,20)":134.72453675736602,"(20,21)":65.52168296328036,"(20,7)":0.0,"(11,1)":95.54109894241367,"(15,18)":181.11576816042367,"(19,17)":105.13547547257934,"(10,14)":57.91814768441663,"(1,10)":0.0,"(9,9)":0,"(13,16)":607.7747613375618,"(22,21)":33.1887813946828,"(12,17)":238.56508584385378,"(21,6)":0.0,"(12,14)":439.9754172756514,"(12,10)":0.0,"(19,14)":77.93578369616947,"(2,6)":0.0,"(13,14)":855.5543342395781,"(16,1)":328.71190230430125,"(16,14)":1601.3623104133662,"(10,4)":0.0,"(1,20)":97.78987701621361,"(6,21)":0.0,"(10,12)":0.0,"(15,11)":164.33063716661084,"(16,16)":0,"(17,17)":0,"(16,22)":0.0,"(17,13)":369.62923800672297,"(19,8)":17.922992872483388,"(17,3)":0.0,"(2,8)":82.31324276905019,"(5,8)":50.004357869947626,"(13,21)":24.788403963634906,"(17,12)":478.4813415196633,"(7,22)":30.166087074360153,"(5,19)":68.9087130168666,"(1,1)":0,"(22,12)":0.0,"(21,19)":39.51891999301946,"(17,8)":118.29068976342114,"(10,9)":0.0,"(10,21)":4.755871408473561,"(4,19)":122.12178907082635,"(11,5)":178.08074710666858,"(14,17)":346.17492011903033,"(22,6)":111.80276481942522,"(14,14)":0,"(2,2)":0,"(17,21)":0.8926283782040771,"(5,18)":53.2257383604714,"(15,12)":54.678483423500424,"(10,16)":1.1028407229608268,"(20,9)":0.0,"(7,1)":335.54457206657224,"(3,11)":101.36423957479657,"(5,13)":0.0,"(10,13)":0.0,"(11,17)":68.51781218819235,"(14,12)":657.0000385394724,"(21,22)":56.8084945733785,"(14,5)":214.6608145653597,"(12,11)":109.65215374311042,"(15,14)":132.37941569915176,"(1,16)":310.6603164790268,"(11,18)":93.3911952916165,"(21,1)":0.0,"(22,13)":6.736320478000392,"(2,20)":141.40544757418996,"(6,6)":0,"(16,8)":0.0,"(20,3)":0.0,"(10,2)":0.0,"(4,2)":18.993353000150403,"(15,21)":79.21713942320868,"(1,6)":70.78828131543385,"(13,13)":0,"(19,10)":0.0,"(11,3)":86.94617483717661,"(3,19)":0.0,"(22,17)":59.63497222930338,"(22,9)":40.987813781182595,"(9,20)":0.0,"(8,6)":138.91784753680776,"(4,6)":19.71811712860373,"(15,5)":127.89002979995229,"(8,1)":130.36636294584972,"(13,2)":0.0,"(17,2)":0.0,"(14,9)":52.711291257625135,"(9,15)":0.0,"(15,7)":0.0,"(6,10)":0.0,"(6,4)":32.74156598407852,"(10,7)":0.0,"(5,2)":88.50068827566045,"(21,7)":0.0,"(8,19)":18.90435514691895,"(7,3)":24.50240496133522,"(12,12)":0,"(14,1)":456.25006140110474,"(10,3)":0.0,"(13,6)":0.0,"(15,3)":0.0,"(20,14)":118.68395923922344,