{"(6,9)":0.0,"(18,3)":4.914166237804927,"(21,13)":25.171303300063382,"(22,16)":42.788498040798025,"(15,17)":9.732671799386669,"(22,14)":0.0,"(13,9)":0.0,"(8,9)":5.969668805513198,"(17,14)":543.3026947245329,"(9,1)":28.9081470109332,"(16,6)":0.0,"(16,12)":464.21948597511135,"(16,13)":830.7984773938224,"(22,2)":2.215662868286223,"(7,16)":725.3999069743973,"(1,12)":395.74854781088175,"(4,5)":13.004537198355896,"(11,8)":37.51178739474855,"(18,21)":0.0,"(19,4)":7.909394520912344,"(20,13)":25.050495010900324,"(15,4)":42.58276294026639,"(6,18)":2.062826428149091,"(5,16)":0.0,"(4,9)":0.0,"(8,4)":18.63359541440217,"(1,22)":0.0,"(22,15)":0.0,"(1,2)":0.0,"(17,9)":0.0,"(19,20)":7.477077789525376,"(14,2)":6.519164721386476,"(6,11)":36.66502753230859,"(16,2)":0.0,"(8,21)":12.202672090926361,"(9,6)":6.133908855191463,"(8,2)":12.228287587961507,"(21,3)":35.13813154237721,"(13,19)":0.0,"(7,19)":0.0,"(8,12)":19.00940415162085,"(11,4)":0.0,"(17,10)":0.0,"(1,17)":0.0,"(18,5)":0.0,"(2,5)":0.0,"(8,5)":11.097090922979785,"(3,16)":0.0,"(14,13)":759.6550699067528,"(22,4)":8.620970694726884,"(3,9)":10.640501081118632,"(15,2)":36.17745511382572,"(19,6)":0.0,"(19,9)":0.0,"(18,12)":33.51320226196455,"(15,1)":29.200080364150764,"(14,6)":79.3143065098033,"(14,18)":34.12416979747549,"(21,4)":0.0,"(22,7)":51.051144867100994,"(13,4)":327.0521170756535,"(16,20)":0.0,"(7,12)":496.3049424924756,"(10,22)":45.72637003693389,"(12,19)":0.789425011590758,"(4,10)":0.0,"(10,8)":16.380640584103908,"(7,2)":0.0,"(11,15)":0.0,"(10,17)":2.964920800717479,"(3,13)":0.0,"(20,8)":19.371031820684706,"(6,3)":15.647755204684174,"(1,7)":209.94291100016332,"(19,13)":0.9752865762427589,"(21,20)":38.28798244739946,"(8,8)":0,"(1,3)":32.24937106417359,"(4,15)":72.13915150457575,"(22,10)":0.0,"(21,9)":13.35646748250157,"(11,11)":0,"(12,15)":17.42625199296285,"(9,10)":0.0,"(12,5)":17.898378367608984,"(12,2)":19.02957503259071,"(20,4)":38.00462723508688,"(9,3)":21.781664059875634,"(16,4)":421.22660846947576,"(16,10)":0.0,"(17,19)":39.554340036547565,"(11,19)":0.0,"(16,19)":0.0,"(4,1)":498.0749054238844,"(13,20)":13.116679147336058,"(5,15)":59.134614306219866,"(16,9)":0.0,"(4,17)":50.1593087184107,"(5,12)":41.708362313257005,"(5,14)":0.0,"(17,11)":0.0,"(6,16)":0.0,"(22,22)":0,"(2,14)":0.0,"(11,9)":0.48244610361433343,"(17,6)":0.0,"(20,12)":12.569744376055509,"(21,11)":40.85597635619817,"(9,13)":0.0,"(20,15)":29.995996369018357,"(10,20)":0.45933447455586296,"(11,10)":21.131146810644637,"(15,22)":91.14326554324707,"(2,17)":0.0,"(6,2)":16.079992074630223,"(21,14)":22.865816412103754,"(8,7)":0.0,"(4,20)":79.71546563925733,"(3,17)":2.024025231258964,"(2,15)":51.09218175278313,"(12,21)":24.451894480763016,"(1,8)":0.0,"(22,8)":15.488975049923049,"(21,5)":0.0,"(1,13)":323.1525679113499,"(3,12)":0.0,"(3,14)":53.67985790901227,"(5,11)":0.0,"(15,9)":7.097755851506723,"(9,11)":0.0,"(6,15)":0.0,"(1,14)":418.6402708591518,"(7,14)":1318.2442038589882,"(12,1)":202.50605328291576,"(8,10)":16.019793035241495,"(14,10)":3.411836318919396,"(10,5)":0.0,"(15,8)":23.94916752586422,"(15,19)":17.937305092825774,"(21,12)":0.0,"(22,20)":13.989725200988723,"(2,18)":0.0,"(20,10)":23.28578342306681,"(8,22)":61.74616307217538,"(16,15)":33.79754998684084,"(1,15)":26.08721880384457,"(10,11)":16.91925919412401,"(12,16)":272.93897465104413,"(17,4)":127.59824947151064,"(3,1)":17.314122609251314,"(20,5)":30.46812274366449,"(15,15)":0,"(16,21)":3.9826102867517976,"(21,8)":39.787232296333784,"(16,3)":0.0,"(17,16)":266.4676120020348,"(12,8)":6.8012874446291995,"(13,7)":544.0884732480274,"(3,18)":29.480399127297986,"(6,17)":0.0,"(22,19)":0.0,"(6,5)":35.489837099426786,"(16,17)":200.96966804311907,"(18,18)":0,"(13,11)":44.45301140004459,"(13,18)":0.0,"(16,11)":11.062994666592498,"(2,13)":0.0,"(9,8)":0.0,"(3,4)":49.90287260021978,"(5,17)":68.86728610560652,"(5,20)":66.7109284409014,"(10,19)":0.0,"(2,3)":1.4376630077822823,"(21,17)":36.30014840639305,"(13,3)":9.96682824231382,"(4,11)":0.0,"(6,20)":0.0,"(5,4)":7.536504491422384,"(17,1)":221.6924805892285,"(2,1)":0.0,"(20,6)":19.369568048529974,"(20,11)":69.5035064109449,"(5,9)":0.0,"(1,4)":317.97863029926873,"(13,22)":72.23067387417852,"(19,19)":0,"(18,19)":0.0,"(9,18)":0.0,"(20,16)":23.998825074110936,"(3,21)":1.5728141393839965,"(16,5)":0.0,"(11,22)":29.672888242098256,"(19,1)":0.0,"(13,1)":391.4261941933713,"(18,17)":0.0,"(17,18)":0.0,"(14,15)":0.0,"(2,11)":0.0,"(20,2)":31.599319408646217,"(10,10)":0,"(4,12)":514.1006455116128,"(2,22)":0.0,"(5,22)":0.0,"(6,12)":0.0,"(18,2)":0.0,"(16,7)":665.99198264185,"(19,7)":0.0,"(7,21)":0.0,"(4,13)":406.5341936120811,"(6,1)":32.96187781393548,"(7,11)":13.37172418143374,"(11,6)":61.32414656570886,"(12,13)":280.3336695878335,"(18,22)":8.35136366705073,"(21,18)":0.0,"(22,11)":13.686658090994168,"(7,15)":0.0,"(7,6)":23.959659789602014,"(15,16)":0.0,"(21,16)":24.11963336327399,"(20,19)":13.359169387646261,"(11,16)":72.46138628289627,"(11,7)":37.364486776106844,"(8,14)":21.670532507631904,"(5,5)":0,"(2,7)":0.0,"(8,3)":43.92824022517707,"(5,21)":0.0,"(4,3)":25.29464481077489,"(2,21)":0.0,"(9,7)":0.0,"(18,15)":50.93945425492741,"(14,3)":94.96206171448745,"(4,14)":597.2803085598831,"(18,7)":0.0,"(11,21)":15.641706768087289,"(2,10)":0.0,"(14,16)":818.0075106053415,"(14,8)":19.792476903023303,"(11,2)":0.0,"(15,6)":13.231664706698183,"(19,18)":0.0,"(8,13)":1.088412277183025,"(17,22)":0.0,"(1,19)":9.450391822472476,"(18,20)":0.0,"(20,1)":24.621944658971255,"(3,10)":0.0,"(7,20)":0.0,"(6,14)":26.26228520986336,"(9,21)":0.0,"(13,15)":0.0,"(21,21)":0,"(17,15)":21.617034943721787,"(17,20)":63.76748115260119,"(20,21)":47.737677903829834,"(20,7)":0.0,"(11,1)":84.0983847214506,"(15,18)":7.906645397642159,"(19,17)":9.633435454230492,"(10,14)":5.650739472390414,"(1,10)":0.0,"(9,9)":0,"(13,16)":599.4580850632107,"(22,21)":21.740947237432255,"(12,17)":154.99237579234952,"(21,6)":19.490376337693032,"(12,14)":396.1942398974686,"(12,10)":0.0,"(19,14)":33.130329885877806,"(2,6)":0.0,"(13,14)":809.7586973096348,"(16,1)":429.47874458719366,"(16,14)":1614.4533717224983,"(10,4)":0.0,"(1,20)":33.66353293852612,"(6,21)":0.0,"(10,12)":0.0,"(15,11)":63.3656030691131,"(16,16)":0,"(17,17)":0,"(16,22)":0.0,"(17,13)":367.001556395857,"(19,8)":0.0,"(17,3)":0.0,"(2,8)":14.656525608199432,"(5,8)":22.69895816163616,"(13,21)":22.687182892929496,"(17,12)":422.4747180249568,"(7,22)":43.044612423532,"(5,19)":42.497787324847764,"(1,1)":0,"(22,12)":0.0,"(21,19)":7.736489219471477,"(17,8)":45.566202469586,"(10,9)":0.0,"(10,21)":2.5137097088425113,"(4,19)":55.50232452320366,"(11,5)":7.938849802088622,"(14,17)":349.86300664846055,"(22,6)":75.01080465670304,"(14,14)":0,"(2,2)":0,"(17,21)":0.0,"(5,18)":0.0,"(15,12)":17.14788008123502,"(10,16)":0.0,"(20,9)":13.235659193338511,"(7,1)":349.1811409453437,"(3,11)":64.08260023145748,"(5,13)":0.0,"(10,13)":0.0,"(11,17)":84.64190132601536,"(14,12)":618.600788488042,"(21,22)":62.94144697664724,"(14,5)":25.929009746183034,"(12,11)":46.21772298787808,"(15,14)":51.06763497870359,"(1,16)":311.8136299745604,"(11,18)":16.134009853381077,"(21,1)":42.26461449343477,"(22,13)":0.8730460536526585,"(2,20)":58.66849588746469,"(6,6)":0,"(16,8)":0.0,"(20,3)":35.01732325321415,"(10,2)":0.0,"(4,2)":0.0,"(15,21)":41.59977456199803,"(1,6)":59.666943763322486,"(13,13)":0,"(19,10)":0.0,"(11,3)":76.97190177039303,"(3,19)":0.0,"(22,17)":54.9690130839171,"(22,9)":10.980769898195893,"(9,20)":0.0,"(8,6)":28.280485020492893,"(4,6)":9.646889606090722,"(15,5)":35.04625844884401,"(8,1)":5.250912838286545,"(13,2)":0.0,"(17,2)":0.0,"(14,9)":15.284271751296146,"(9,15)":0.0,"(15,7)":0.0,"(6,10)":0.0,"(6,4)":22.48529990107089,"(10,7)":0.0,"(5,2)":1.1311966649817211,"(21,7)":0.0,"(8,19)":19.798829163211607,"(7,3)":39.607414994286195,"(12,12)":0,"(14,1)":426.217439665545,"(10,3)":11.731539830147335,"(13,6)":0.0,"(15,3)":28.879419911382364,"(20,14)":57.205538320535375,"(1,5)":0.0,"(3,5)":62.907409798575685,"(3,8)":85.60636796021183,"(9,5)":0.0,"(14,19)":0.0,"(3,6)":27.417572699148888,"(19,5)":0.37289002948996075,