{"(6,9)":4.520218662753524,"(18,3)":0.0,"(21,13)":24.628727799573312,"(22,16)":33.73814409208564,"(15,17)":0.0,"(22,14)":0.0,"(13,9)":0.0,"(8,9)":0.0,"(17,14)":525.1107356804831,"(9,1)":0.0,"(16,6)":0.0,"(16,12)":458.9344215337808,"(16,13)":833.8648548094485,"(22,2)":96.13887174692238,"(7,16)":736.5914689809181,"(1,12)":398.4043664445286,"(4,5)":32.09768454239229,"(11,8)":34.193867284169194,"(18,21)":0.0,"(19,4)":29.86694591192079,"(20,13)":22.872699331847137,"(15,4)":61.6167175209601,"(6,18)":47.794023241500405,"(5,16)":0.0,"(4,9)":0.0,"(8,4)":50.25512745381061,"(1,22)":0.0,"(22,15)":0.0,"(1,2)":0.0,"(17,9)":0.0,"(19,20)":1.0818978518727709,"(14,2)":104.39236623943863,"(6,11)":56.82935290372544,"(16,2)":0.0,"(8,21)":0.9013292698790571,"(9,6)":0.0,"(8,2)":71.2262000728184,"(21,3)":1.3659068717325242,"(13,19)":0.0,"(7,19)":0.0,"(8,12)":14.126506911121831,"(11,4)":67.62313969207877,"(17,10)":0.0,"(1,17)":0.0,"(18,5)":45.93581524915078,"(2,5)":20.034221015683368,"(8,5)":6.248826464973585,"(3,16)":0.4403302357794447,"(14,13)":752.8475097785549,"(22,4)":75.16779912791456,"(3,9)":25.078261737501506,"(15,2)":82.5877901399679,"(19,6)":0.0,"(19,9)":0.0,"(18,12)":72.4970470834092,"(15,1)":72.32632476095704,"(14,6)":73.18500825388288,"(14,18)":69.58316291367233,"(21,4)":18.9662291156945,"(22,7)":47.48372529697791,"(13,4)":393.46037931612113,"(16,20)":0.0,"(7,12)":491.6929222992636,"(10,22)":26.996587908201256,"(12,19)":0.0,"(4,10)":0.0,"(10,8)":16.29257703058201,"(7,2)":48.655146449944475,"(11,15)":0.0,"(10,17)":0.8338007769612672,"(3,13)":0.0,"(20,8)":10.924502229541865,"(6,3)":0.0,"(1,7)":222.44063581022763,"(19,13)":0.0,"(21,20)":34.49316373147054,"(8,8)":0,"(1,3)":17.50976052344814,"(4,15)":65.46241462615997,"(22,10)":0.0,"(21,9)":10.49124106968091,"(11,11)":0,"(12,15)":6.8034982495092375,"(9,10)":0.0,"(12,5)":7.585664989774342,"(12,2)":72.56303859761915,"(20,4)":61.17962968335246,"(9,3)":0.0,"(16,4)":490.7012481255697,"(16,10)":0.0,"(17,19)":24.31414726130902,"(11,19)":0.0,"(16,19)":0.0,"(4,1)":522.1671952399969,"(13,20)":9.864435931897221,"(5,15)":33.36473008376769,"(16,9)":0.0,"(4,17)":66.96711536517603,"(5,12)":26.561231834258443,"(5,14)":5.186117078810211,"(17,11)":0.0,"(6,16)":0.0,"(22,22)":0,"(2,14)":0.0,"(11,9)":10.511204406573395,"(17,6)":0.0,"(20,12)":9.587663704741109,"(21,11)":30.896786583188188,"(9,13)":0.0,"(20,15)":16.39116195425034,"(10,20)":0.0,"(11,10)":17.901290253587188,"(15,22)":65.7415861310553,"(2,17)":0.0,"(6,2)":40.75446072388738,"(21,14)":15.098632654836111,"(8,7)":0.0,"(4,20)":81.46583429521408,"(3,17)":0.9770309108481328,"(2,15)":53.39895109945104,"(12,21)":14.263111219907115,"(1,8)":0.0,"(22,8)":6.7907243964491615,"(21,5)":51.06391365808678,"(1,13)":339.3897143851589,"(3,12)":0.0,"(3,14)":71.26738253969353,"(5,11)":11.306130517590105,"(15,9)":0.0,"(9,11)":3.6721870014801543,"(6,15)":0.0,"(1,14)":444.9302731578509,"(7,14)":1332.0364813476233,"(12,1)":252.75542621860828,"(8,10)":9.752335150547975,"(14,10)":0.0,"(10,5)":26.052531778685037,"(15,8)":11.361590067149512,"(15,19)":9.577314139167271,"(21,12)":0.0,"(22,20)":0.0,"(2,18)":0.0,"(20,10)":23.255353411675582,"(8,22)":36.748923058749234,"(16,15)":18.745669764049754,"(1,15)":18.12028369403773,"(10,11)":13.32838295240693,"(12,16)":277.80585956057934,"(17,4)":187.75191873440474,"(3,1)":0.0,"(20,5)":17.173328694515455,"(15,15)":0,"(16,21)":0.24140368132166917,"(21,8)":41.30395890998378,"(16,3)":0.0,"(17,16)":257.14664160883507,"(12,8)":1.3368385248007568,"(13,7)":540.3824874851845,"(3,18)":68.35206631624841,"(6,17)":0.0,"(22,19)":0.0,"(6,5)":51.881072647271864,"(16,17)":192.797989641908,"(18,18)":0,"(13,11)":38.711312003293095,"(13,18)":0.0,"(16,11)":6.938893903907228e-18,"(2,13)":0.0,"(9,8)":0.0,"(3,4)":40.34143117962755,"(5,17)":33.032024331181844,"(5,20)":49.36814975282177,"(10,19)":0.0,"(2,3)":8.785662999008537,"(21,17)":35.038034847468225,"(13,3)":0.0,"(4,11)":0.0,"(6,20)":0.0,"(5,4)":44.006300988837005,"(17,1)":173.12460425805574,"(2,1)":0.0,"(20,6)":6.973915281420385,"(20,11)":61.58401133514024,"(5,9)":0.0,"(1,4)":316.6884320678777,"(13,22)":56.53737843411418,"(19,19)":0,"(18,19)":0.0,"(9,18)":0.0,"(20,16)":29.273169737834063,"(3,21)":0.27867584002946433,"(16,5)":10.796990667961952,"(11,22)":26.787854960357958,"(19,1)":40.576553151917715,"(13,1)":349.1129108397722,"(18,17)":0.0,"(17,18)":0.0,"(14,15)":0.0,"(2,11)":0.0,"(20,2)":82.15070230236024,"(10,10)":0,"(4,12)":518.0466623766506,"(2,22)":0.0,"(5,22)":38.093985477948074,"(6,12)":0.0,"(18,2)":34.80920332576628,"(16,7)":665.3523742946329,"(19,7)":0.0,"(7,21)":0.0,"(4,13)":424.061538317281,"(6,1)":0.0,"(7,11)":22.881272786403233,"(11,6)":57.38685432553082,"(12,13)":277.74841415459247,"(18,22)":21.921092075107016,"(21,18)":5.128098408936015,"(22,11)":7.544659435835816,"(7,15)":0.0,"(7,6)":17.447788464388726,"(15,16)":0.0,"(21,16)":31.029198205560245,"(20,19)":9.140226301559622,"(11,16)":60.52599905244359,"(11,7)":39.93906586114208,"(8,14)":3.8410546596113795,"(5,5)":0,"(2,7)":0.0,"(8,3)":51.29751237270235,"(5,21)":0.0,"(4,3)":1.0423849188917416,"(2,21)":0.0,"(9,7)":0.0,"(18,15)":79.30054533291846,"(14,3)":65.82097137646888,"(4,14)":624.8605090899731,"(18,7)":0.0,"(11,21)":18.81599189194057,"(2,10)":0.0,"(14,16)":801.7893944912234,"(14,8)":15.044218888965428,"(11,2)":88.59421231108658,"(15,6)":0.0,"(19,18)":0.0,"(8,13)":0.0,"(17,22)":0.0,"(1,19)":10.869348041347001,"(18,20)":0.0,"(20,1)":71.88923692334939,"(3,10)":0.1432301338868658,"(7,20)":0.0,"(6,14)":50.70933946494556,"(9,21)":0.0,"(13,15)":0.0,"(21,21)":0,"(17,15)":14.736833122141757,"(17,20)":47.56850258305385,"(20,21)":37.95635439716189,"(20,7)":0.0,"(11,1)":48.065666215729784,"(15,18)":33.78330993496413,"(19,17)":0.0,"(10,14)":0.41787757259761754,"(1,10)":0.0,"(9,9)":0,"(13,16)":606.910225405987,"(22,21)":16.682510838204188,"(12,17)":134.3042444969234,"(21,6)":8.729943749146555,"(12,14)":385.0834511895688,"(12,10)":0.0,"(19,14)":23.256403592750203,"(2,6)":0.0,"(13,14)":801.2331640349765,"(16,1)":390.2318386492208,"(16,14)":1605.5823830716479,"(10,4)":0.0,"(1,20)":34.12370336309183,"(6,21)":0.0,"(10,12)":0.0,"(15,11)":47.91551970023421,"(16,16)":0,"(17,17)":0,"(16,22)":0.0,"(17,13)":360.74696341828366,"(19,8)":0.0,"(17,3)":0.0,"(2,8)":32.46894593881997,"(5,8)":12.434724923136615,"(13,21)":15.083655065314751,"(17,12)":408.4713876644905,"(7,22)":49.6691277467612,"(5,19)":26.113794431076947,"(1,1)":0,"(22,12)":0.0,"(21,19)":3.042003590596206,"(17,8)":26.098423189291275,"(10,9)":0.0,"(10,21)":0.13544570614259852,"(4,19)":58.21147897346925,"(11,5)":99.72082423447105,"(14,17)":325.4732121331315,"(22,6)":64.93151376136663,"(14,14)":0,"(2,2)":0,"(17,21)":0.0,"(5,18)":16.172893402841048,"(15,12)":10.024751542348756,"(10,16)":0.29710010189257896,"(20,9)":8.735212601954736,"(7,1)":310.5738433545876,"(3,11)":77.38739597847344,"(5,13)":0.0,"(10,13)":0.0,"(11,17)":64.5348356943516,"(14,12)":603.4417865028872,"(21,22)":48.006501053973956,"(14,5)":115.51897816282312,"(12,11)":37.890768157885454,"(15,14)":32.83371773191746,"(1,16)":335.5029167911459,"(11,18)":53.785008985320275,"(21,1)":0.0,"(22,13)":0.0,"(2,20)":69.40237076850516,"(6,6)":0,"(16,8)":1.0370359198589227,"(20,3)":0.0,"(10,2)":14.925919855300547,"(4,2)":20.971072619007792,"(15,21)":24.287862762255866,"(1,6)":38.06780359819613,"(13,13)":0,"(19,10)":0.009547637602297331,"(11,3)":50.02281744811679,"(3,19)":0.0,"(22,17)":37.74698073399363,"(22,9)":18.055863842409213,"(9,20)":0.0,"(8,6)":58.66154925011638,"(4,6)":8.406421796305773,"(15,5)":17.610416532123097,"(8,1)":60.96473469380753,"(13,2)":15.308573935128994,"(17,2)":0.0,"(14,9)":26.30935833492547,"(9,15)":0.0,"(15,7)":0.0,"(6,10)":0.0,"(6,4)":19.783388104879574,"(10,7)":0.0,"(5,2)":64.97737360784481,"(21,7)":0.0,"(8,19)":13.679069507940339,"(7,3)":10.08375158697469,"(12,12)":0,"(14,1)":387.99271514408184,"(10,3)":0.0,"(13,6)":0.0,"(15,3)":0.0,"(20,14)":46.502209366823486,"(1,5)":0.0,"(3,5)":72.43911572201982,"(3,8)":84.87384064515645,"(9,5)":40.57267258840588,"(14,19)":0.0,