{"(6,9)":0.0,"(18,3)":0.0,"(21,13)":2.6334466356517923,"(22,16)":0.0,"(15,17)":4.438597578571178,"(22,14)":0.0,"(13,9)":0.0,"(8,9)":0.0,"(17,14)":303.7608029431753,"(9,1)":0.0,"(16,6)":0.0,"(16,12)":256.8334751392564,"(16,13)":496.8496893081087,"(22,2)":0.0,"(7,16)":397.17963431816924,"(1,12)":210.99858632346758,"(4,5)":0.0,"(11,8)":7.88336393771299,"(18,21)":0.0,"(19,4)":0.0,"(20,13)":2.4366746340687313,"(15,4)":7.4209892202937535,"(6,18)":0.0,"(5,16)":0.0,"(4,9)":0.0,"(8,4)":0.8425755526395238,"(1,22)":0.0,"(22,15)":0.0,"(1,2)":0.0,"(17,9)":0.0,"(19,20)":0.0,"(14,2)":0.0,"(6,11)":0.0,"(16,2)":0.0,"(8,21)":0.0,"(9,6)":0.0,"(8,2)":0.0,"(21,3)":0.0,"(13,19)":0.0,"(7,19)":0.0,"(8,12)":0.5862598823234744,"(11,4)":0.0,"(17,10)":0.0,"(1,17)":0.0,"(18,5)":0.0,"(2,5)":0.0,"(8,5)":0.6346424755148161,"(3,16)":0.0,"(14,13)":456.33911742294526,"(22,4)":0.0,"(3,9)":0.0,"(15,2)":0.0,"(19,6)":0.0,"(19,9)":0.0,"(18,12)":0.0,"(15,1)":0.0,"(14,6)":0.5316436895553326,"(14,18)":0.0,"(21,4)":0.0,"(22,7)":0.0,"(13,4)":143.06694340640095,"(16,20)":0.0,"(7,12)":263.5922415610789,"(10,22)":0.0,"(12,19)":0.0,"(4,10)":0.0,"(10,8)":3.5747610658280586,"(7,2)":0.0,"(11,15)":0.0,"(10,17)":0.0,"(3,13)":0.0,"(20,8)":0.9969726767741961,"(6,3)":5.012816623966125,"(1,7)":119.38191963652804,"(19,13)":0.0,"(21,20)":3.6518134537057603,"(8,8)":0.0,"(1,3)":11.235388488593973,"(4,15)":4.086932319130916,"(22,10)":0.0,"(21,9)":0.0,"(11,11)":0.0,"(12,15)":4.706667177861192,"(9,10)":0.0,"(12,5)":0.6963231878621573,"(12,2)":0.0,"(20,4)":1.83954822941372,"(9,3)":0.0,"(16,4)":183.20976139450957,"(16,10)":0.0,"(17,19)":5.9759397691484555,"(11,19)":0.0,"(16,19)":0.0,"(4,1)":297.2507916221958,"(13,20)":1.018366818053968,"(5,15)":5.153311222478095,"(16,9)":0.0,"(4,17)":0.0,"(5,12)":0.44664404461690305,"(5,14)":0.0,"(17,11)":0.0,"(6,16)":0.0,"(22,22)":0.0,"(2,14)":0.0,"(11,9)":0.0,"(17,6)":0.0,"(20,12)":0.9352919644268549,"(21,11)":0.5684435250234843,"(9,13)":0.0,"(20,15)":5.641959142288046,"(10,20)":0.0,"(11,10)":4.30860287188493,"(15,22)":0.0,"(2,17)":0.0,"(6,2)":0.0,"(21,14)":2.799714813945334,"(8,7)":0.0,"(4,20)":1.7021161807756988,"(3,17)":0.0,"(2,15)":0.0,"(12,21)":0.0,"(1,8)":0.0,"(22,8)":0.0,"(21,5)":0.0,"(1,13)":158.19232362645923,"(3,12)":0.0,"(3,14)":0.0,"(5,11)":0.0,"(15,9)":0.0,"(9,11)":0.0,"(6,15)":0.0,"(1,14)":215.9681388247036,"(7,14)":784.5052624681756,"(12,1)":99.13273218718268,"(8,10)":2.3113914368736403,"(14,10)":0.0,"(10,5)":0.0,"(15,8)":6.578413667654231,"(15,19)":2.3535921071186645,"(21,12)":0.0,"(22,20)":0.0,"(2,18)":0.0,"(20,10)":0.0,"(8,22)":0.0,"(16,15)":1.8281195377856418,"(1,15)":0.0,"(10,11)":4.464526744968715,"(12,16)":138.6514882491334,"(17,4)":4.405364961712621e-15,"(3,1)":9.050337602950165,"(20,5)":1.6316151522890123,"(15,15)":0.0,"(16,21)":0.0,"(21,8)":0.0,"(16,3)":0.0,"(17,16)":164.04974062549041,"(12,8)":0.06168071234734104,"(13,7)":288.0745628601832,"(3,18)":0.0,"(6,17)":0.0,"(22,19)":0.0,"(6,5)":0.6770517850598383,"(16,17)":114.70206807356485,"(18,18)":0.0,"(13,11)":0.0,"(13,18)":0.0,"(16,11)":0.0,"(2,13)":0.0,"(9,8)":0.0,"(3,4)":9.087660004829663,"(5,17)":9.591908801049271,"(5,20)":2.7684950841228755,"(10,19)":0.0,"(2,3)":0.8762251341954617,"(21,17)":0.0,"(13,3)":0.0,"(4,11)":0.0,"(6,20)":0.0,"(5,4)":0.20793307712470763,"(17,1)":11.056009250959283,"(2,1)":0.0,"(20,6)":0.0,"(20,11)":0.0,"(5,9)":0.0,"(1,4)":197.3229700221978,"(13,22)":0.0,"(19,19)":0.0,"(18,19)":0.0,"(9,18)":0.0,"(20,16)":0.0,"(3,21)":0.0,"(16,5)":0.0,"(11,22)":0.0,"(19,1)":0.0,"(13,1)":135.69645717736017,"(18,17)":0.0,"(17,18)":0.0,"(14,15)":0.0,"(2,11)":0.0,"(20,2)":0.0,"(10,10)":0.0,"(4,12)":284.20066766126973,"(2,22)":0.0,"(5,22)":0.0,"(6,12)":0.0,"(18,2)":0.0,"(16,7)":345.4093720082919,"(19,7)":0.0,"(7,21)":0.0,"(4,13)":209.71271232426136,"(6,1)":14.063154226916291,"(7,11)":0.0,"(11,6)":1.357251919650376,"(12,13)":164.42492382089537,"(18,22)":0.0,"(21,18)":0.0,"(22,11)":0.0,"(7,15)":0.0,"(7,6)":2.903446307697191,"(15,16)":0.0,"(21,16)":0.0,"(20,19)":0.0,"(11,16)":0.0,"(11,7)":0.0,"(8,14)":0.0,"(5,5)":0.0,"(2,7)":0.0,"(8,3)":7.594127611766494,"(5,21)":0.0,"(4,3)":6.75155205912697,"(2,21)":0.0,"(9,7)":0.0,"(18,15)":0.0,"(14,3)":4.418269337343618,"(4,14)":326.5487429625058,"(18,7)":0.0,"(11,21)":0.0,"(2,10)":0.0,"(14,16)":438.6396562853595,"(14,8)":0.0,"(11,2)":0.0,"(15,6)":0.0,"(19,18)":0.0,"(8,13)":0.0,"(17,22)":0.0,"(1,19)":0.0,"(18,20)":0.0,"(20,1)":0.0,"(3,10)":0.0,"(7,20)":0.0,"(6,14)":0.0,"(9,21)":0.0,"(13,15)":0.0,"(21,21)":0.0,"(17,15)":3.6223476620297914,"(17,20)":12.460931656842654,"(20,21)":5.211425688643758,"(20,7)":0.0,"(11,1)":0.0,"(15,18)":0.0,"(19,17)":0.0,"(10,14)":0.0,"(1,10)":0.0,"(9,9)":0.0,"(13,16)":350.4752880282381,"(22,21)":0.0,"(12,17)":88.40200499643238,"(21,6)":0.0,"(12,14)":210.5031183635849,"(12,10)":0.0,"(19,14)":0.0,"(2,6)":0.0,"(13,14)":476.2950332826895,"(16,1)":141.04367174546886,"(16,14)":969.0344014976848,"(10,4)":0.0,"(1,20)":0.0,"(6,21)":0.0,"(10,12)":0.0,"(15,11)":0.0,"(16,16)":0.0,"(17,17)":0.0,"(16,22)":0.0,"(17,13)":208.13541947359903,"(19,8)":0.0,"(17,3)":0.0,"(2,8)":0.0,"(5,8)":0.0,"(13,21)":2.7747510545750256,"(17,12)":248.03915847733668,"(7,22)":0.0,"(5,19)":0.0,"(1,1)":0.0,"(22,12)":0.0,"(21,19)":0.0,"(17,8)":10.200761329684022,"(10,9)":0.0,"(10,21)":0.0,"(4,19)":0.0,"(11,5)":0.0,"(14,17)":138.49093771892439,"(22,6)":0.0,"(14,14)":0.0,"(2,2)":0.0,"(17,21)":0.0,"(5,18)":0.0,"(15,12)":6.516732955306889,"(10,16)":0.0,"(20,9)":0.0,"(7,1)":158.764814717177,"(3,11)":0.0,"(5,13)":0.0,"(10,13)":0.0,"(11,17)":0.0,"(14,12)":356.14822345409294,"(21,22)":0.0,"(14,5)":0.0,"(12,11)":0.0,"(15,14)":0.0,"(1,16)":129.97345739469725,"(11,18)":0.0,"(21,1)":0.0,"(22,13)":0.0,"(2,20)":0.0,"(6,6)":0.0,"(16,8)":0.0,"(20,3)":0.0,"(10,2)":0.0,"(4,2)":0.0,"(15,21)":1.0036538707772542,"(1,6)":18.57961780501662,"(13,13)":0.0,"(19,10)":0.0,"(11,3)":5.524873042356075,"(3,19)":0.0,"(22,17)":0.0,"(22,9)":0.0,"(9,20)":0.0,"(8,6)":2.581310987800367,"(4,6)":1.7387354351608437,"(15,5)":7.213056143169048,"(8,1)":0.0,"(13,2)":0.0,"(17,2)":0.0,"(14,9)":0.0,"(9,15)":0.0,"(15,7)":0.0,"(6,10)":0.0,"(6,4)":1.7434306884070156,"(10,7)":0.0,"(5,2)":0.0,"(21,7)":0.0,"(8,19)":0.0,"(7,3)":7.63941402046285,"(12,12)":0.0,"(14,1)":166.9570262504635,"(10,3)":0.0,"(13,6)":0.0,"(15,3)":0.0,"(20,14)":0.0,"(1,5)":0.0,"(3,5)":8.021281101482488,"(3,8)":7.881665263775917,"(9,5)":0.0,"(14,19)":0.0,"(3,6)":7.344229316422651,"(19,5)":0.0,"(7,17)":86.47327303173404,"(12,4)":102.49041430498688,"(4,21)":0.0,"(4,4)":0.0,"(13,17)":137.01401590180288,"(19,12)":0.0,"(9,4)":0.0,"(20,17)":10.080556720859224,"(22,3)":0.0,"(13,12)":258.8190173111478,"(8,11)":0.0,"(8,18)":0.0,"(6,19)":0.0,"(12,7)":95.39095172107861,"(12,18)":0.0,"(19,22)":0.0,"(20,22)":0.0,"(14,4)":244.40986285950427,"(3,15)":0.0,"(4,22)":0.0,"(2,4)":0.0,"(9,19)":0.0,"(18,16)":0.0,"(6,22)":0.0,"(19,2)":0.0,"(9,22)":0.0,"(22,1)":0.0,"(9,2)":0.0,"(14,21)":2.6505834155789296,"(5,1)":0.0,"(15,20)":8.838583994812861,"(10,6)":0.0,"(11,12)":0.0,"(8,16)":0.0,"(1,18)":0.0,"(2,16)":0.0,"(7,13)":662.6635750299313,"(21,15)":0.0,"(8,15)":5.292927060184666,"(9,17)":0.0,"(19,16)":0.0,"(5,10)":0.0,"(18,10)":0.0,"(18,13)":0.0,"(21,10)":0.0,"(8,17)":9.731524638755843,"(8,20)":2.908110921829447,"(4,8)":0.0,"(11,20)":0.0,"(12,9)":0.0,"(7,8)":0.0,"(14,22)":0.0,"(7,7)":0.0,"(18,1)":0.0,"(22,18)":0.0,"(7,9)":0.0,"(9,14)":0.0,"(4,18)":0.0,"(19,15)":0.0,"(20,20)":0.0,"(3,22)":0.0,"(5,7)":0.0,"(11,14)":0.0,"(12,6)":0.0,"(17,5)":10.835403805198837,"(18,6)":0.0,"(6,13)":0.0,"(11,13)":0.0,"(2,19)":0.0,"(19,11)":0.0,"(20,18)":0.0,"(13,5)":0.0,"(4,7)":148.3381479943302,"(6,8)":0.5374359473532669,"(21,2)":0.0,"(12,20)":2.321851039505973,"(7,5)":0.0,"(2,9)":0.0,"(3,2)":1.9635988051536521,"(14,11)":0.0,"(10,15)":0.0,"(3,7)":12.35880263951982,"(15,10)":0.0,"(15,13)":0.0,"(18,8)":0.0,"(14,7)":371.87066515328655,"(18,11)":0.0,"(9,16)":0.0,"(4,16)":205.93760463249941,"(14,20)":0.0,"(22,5)":0.0,"(5,6)":1.9466685122855514,"(2,12)":0.0,"(12,3)":0.0,"(9,12)":0.0,"(13,10)":0.0,