{"(6,9)":0.0,"(18,3)":0.0,"(21,13)":24.59062912172048,"(22,16)":35.958352123409185,"(15,17)":1.7762746821588304,"(22,14)":0.0,"(13,9)":5.7929169394922395,"(8,9)":20.542155826321846,"(17,14)":526.6036335412789,"(9,1)":20.267740609629413,"(16,6)":3.5374558460397543,"(16,12)":454.64095613563876,"(16,13)":828.6282888752717,"(22,2)":4.157118758827787,"(7,16)":729.4303347382171,"(1,12)":392.3225952302136,"(4,5)":18.069085315429955,"(11,8)":35.79313213411471,"(18,21)":0.0,"(19,4)":0.0,"(20,13)":23.532779127001934,"(15,4)":28.451275678575445,"(6,18)":8.323464398875592,"(5,16)":0.0,"(4,9)":0.0,"(8,4)":12.839228257664299,"(1,22)":0.0,"(22,15)":0.0,"(1,2)":0.0,"(17,9)":0.0,"(19,20)":2.601147762700439,"(14,2)":13.281385717469622,"(6,11)":37.4610105891717,"(16,2)":0.0,"(8,21)":10.067172120882821,"(9,6)":18.61930003127579,"(8,2)":15.18213971076312,"(21,3)":52.27968952183096,"(13,19)":0.0,"(7,19)":0.0,"(8,12)":13.076293649035907,"(11,4)":0.0,"(17,10)":0.0,"(1,17)":0.0,"(18,5)":3.7257019824395243,"(2,5)":1.2004523871939679,"(8,5)":2.7826252589694036,"(3,16)":0.0,"(14,13)":752.7824329333966,"(22,4)":1.814207305728973,"(3,9)":2.7656362545203415,"(15,2)":30.794187131674263,"(19,6)":25.132716320427495,"(19,9)":6.5134162891516985,"(18,12)":35.16575739117714,"(15,1)":23.16961217799508,"(14,6)":62.28423180995812,"(14,18)":25.28185759736124,"(21,4)":0.0,"(22,7)":30.52189900780336,"(13,4)":372.1893374251807,"(16,20)":0.0,"(7,12)":492.0244092843156,"(10,22)":34.6388013022551,"(12,19)":0.7797849396791099,"(4,10)":0.0,"(10,8)":13.317081241384953,"(7,2)":0.0,"(11,15)":0.0,"(10,17)":2.116878781883269,"(3,13)":0.0,"(20,8)":10.282930382465189,"(6,3)":3.2768434293424544,"(1,7)":214.97380121878356,"(19,13)":0.7204993496594574,"(21,20)":33.89601759699712,"(8,8)":0,"(1,3)":20.966085391177995,"(4,15)":59.19627681384969,"(22,10)":0.0,"(21,9)":30.383546061212716,"(11,11)":0,"(12,15)":9.687136089682113,"(9,10)":0.0,"(12,5)":3.9790405066439027,"(12,2)":16.37855495843761,"(20,4)":23.122158640129488,"(9,3)":21.896143460618248,"(16,4)":464.1936403004524,"(16,10)":0.0,"(17,19)":34.11122531753485,"(11,19)":0.0,"(16,19)":0.0,"(4,1)":506.1759244994197,"(13,20)":9.30538847527664,"(5,15)":41.127191498419734,"(16,9)":0.0,"(4,17)":55.22460834255487,"(5,12)":31.44005540873762,"(5,14)":0.0,"(17,11)":0.0,"(6,16)":0.0,"(22,22)":0,"(2,14)":0.0,"(11,9)":0.0,"(17,6)":0.0,"(20,12)":9.086515134790693,"(21,11)":31.468998648213958,"(9,13)":0.0,"(20,15)":18.773651224472804,"(10,20)":0.016239762899830132,"(11,10)":22.47605089272975,"(15,22)":75.32049165398189,"(2,17)":0.0,"(6,2)":25.209913289599687,"(21,14)":17.624044560883974,"(8,7)":0.0,"(4,20)":73.29362330873167,"(3,17)":0.14130999544912543,"(2,15)":42.3276438856137,"(12,21)":19.032510408162054,"(1,8)":0.0,"(22,8)":5.048206220521109,"(21,5)":15.726173862331141,"(1,13)":331.31126624273213,"(3,12)":0.0,"(3,14)":48.04434486411628,"(5,11)":0.0,"(15,9)":21.70883340206746,"(9,11)":10.754472008975007,"(6,15)":0.0,"(1,14)":427.4730595628949,"(7,14)":1322.0461023441112,"(12,1)":199.20783300475844,"(8,10)":17.300719891210935,"(14,10)":0.8553919377779928,"(10,5)":0.0,"(15,8)":15.612047420911146,"(15,19)":15.19541711291576,"(21,12)":0.0,"(22,20)":0.0,"(2,18)":0.0,"(20,10)":26.084260131383264,"(8,22)":51.93952119346603,"(16,15)":28.87811109621932,"(1,15)":14.92215031989573,"(10,11)":11.72697584636771,"(12,16)":273.5771670036071,"(17,4)":164.5356476293096,"(3,1)":5.408015289081936,"(20,5)":13.065555641434594,"(15,15)":0,"(16,21)":0.0,"(21,8)":40.45919136748677,"(16,3)":6.814299275382208,"(17,16)":260.4379783288572,"(12,8)":1.1964152476744987,"(13,7)":575.5032111272553,"(3,18)":26.90915615092098,"(6,17)":0.0,"(22,19)":0.0,"(6,5)":40.93608715193083,"(16,17)":198.75145589160022,"(18,18)":0,"(13,11)":38.49015716098924,"(13,18)":0.0,"(16,11)":0.0,"(2,13)":0.0,"(9,8)":0.0,"(3,4)":41.45269358854625,"(5,17)":42.90346618057856,"(5,20)":55.224537993301695,"(10,19)":0.0,"(2,3)":2.8351490186443886,"(21,17)":34.403881727589265,"(13,3)":27.68906040011049,"(4,11)":0.0,"(6,20)":0.0,"(5,4)":10.056602998694894,"(17,1)":222.4600047532506,"(2,1)":0.0,"(20,6)":47.94499609776996,"(20,11)":62.022936287991165,"(5,9)":0.0,"(1,4)":319.756436506046,"(13,22)":59.4045751914067,"(19,19)":0,"(18,19)":0.0,"(9,18)":0.0,"(20,16)":23.38372884127048,"(3,21)":0.0,"(16,5)":0.0,"(11,22)":26.40471438942782,"(19,1)":0.0,"(13,1)":400.3935405491217,"(18,17)":0.0,"(17,18)":0.0,"(14,15)":0.0,"(2,11)":0.0,"(20,2)":25.465070093228306,"(10,10)":0,"(4,12)":508.8968867241676,"(2,22)":0.0,"(5,22)":0.0,"(6,12)":0.0,"(18,2)":0.0,"(16,7)":695.2365320025267,"(19,7)":2.494650476914546,"(7,21)":0.0,"(4,13)":412.91508573668614,"(6,1)":8.68485871842439,"(7,11)":14.773237821212156,"(11,6)":48.439277722628155,"(12,13)":280.0692422893386,"(18,22)":8.110883692269192,"(21,18)":12.000471879891615,"(22,11)":4.720687128688146,"(7,15)":0.0,"(7,6)":22.638065843512944,"(15,16)":0.0,"(21,16)":24.441578835989034,"(20,19)":9.8663000744698,"(11,16)":62.36306651283701,"(11,7)":25.80121187911521,"(8,14)":17.532449326937414,"(5,5)":0,"(2,7)":0.0,"(8,3)":23.122018432426803,"(5,21)":0.0,"(4,3)":10.282790174762503,"(2,21)":0.0,"(9,7)":0.0,"(18,15)":44.85289348085926,"(14,3)":65.56107523930058,"(4,14)":604.3352910568489,"(18,7)":0.0,"(11,21)":17.492476387476593,"(2,10)":0.0,"(14,16)":805.5088059899379,"(14,8)":14.172473179162944,"(11,2)":0.0,"(15,6)":40.32813343334325,"(19,18)":0.0,"(8,13)":1.2365426308977066,"(17,22)":0.0,"(1,19)":6.014799169892723,"(18,20)":0.0,"(20,1)":17.840495139549127,"(3,10)":0.0,"(7,20)":0.0,"(6,14)":29.458653112070902,"(9,21)":0.0,"(13,15)":0.0,"(21,21)":0,"(17,15)":18.915808204619086,"(17,20)":57.115922962419816,"(20,21)":41.065005245825425,"(20,7)":25.30693025425702,"(11,1)":50.08771830098177,"(15,18)":0.0,"(19,17)":0.0,"(10,14)":1.3233543314822818,"(1,10)":0.0,"(9,9)":0,"(13,16)":600.3607047142686,"(22,21)":16.37056690593556,"(12,17)":139.29686277184095,"(21,6)":49.002846092488504,"(12,14)":388.77227261421666,"(12,10)":4.051765293719898,"(19,14)":25.718002674537537,"(2,6)":0.0,"(13,14)":802.601157324878,"(16,1)":436.2759024243934,"(16,14)":1603.7839442124218,"(10,4)":0.0,"(1,20)":29.01949681477769,"(6,21)":0.0,"(10,12)":0.0,"(15,11)":54.40607362356447,"(16,16)":0,"(17,17)":0,"(16,22)":0.0,"(17,13)":358.80173420412893,"(19,8)":0.0,"(17,3)":0.0,"(2,8)":19.564214146895683,"(5,8)":18.363761759701713,"(13,21)":17.53222611882349,"(17,12)":417.0412433778558,"(7,22)":41.177952210639965,"(5,19)":32.21984034841674,"(1,1)":0,"(22,12)":0.0,"(21,19)":3.4053202039511494,"(17,8)":34.527855625530236,"(10,9)":3.2414359351109088,"(10,21)":1.224696113294675,"(4,19)":50.28892566384668,"(11,5)":15.162605492470783,"(14,17)":335.14608988153805,"(22,6)":53.15996485131629,"(14,14)":0,"(2,2)":0,"(17,21)":0.0,"(5,18)":0.0,"(15,12)":14.41563217323665,"(10,16)":0.06475687333156505,"(20,9)":29.32569606649417,"(7,1)":326.73374942186666,"(3,11)":56.046702341217085,"(5,13)":0.0,"(10,13)":0.0,"(11,17)":72.32536940443724,"(14,12)":604.3198101937636,"(21,22)":52.0311164274126,"(14,5)":29.00755957980076,"(12,11)":39.990441450327815,"(15,14)":40.9134197874533,"(1,16)":320.8749479570007,"(11,18)":11.436903510031255,"(21,1)":50.65128667084214,"(22,13)":0.0,"(2,20)":56.42499038049567,"(6,6)":0,"(16,8)":0.0,"(20,3)":51.22183952711242,"(10,2)":0.0,"(4,2)":2.342911453098816,"(15,21)":33.44814258139871,"(1,6)":39.55177714322338,"(13,13)":0,"(19,10)":3.271980354040788,"(11,3)":51.71612115197061,"(3,19)":0.0,"(22,17)":45.92065501500942,"(22,9)":0.0,"(9,20)":0.0,"(8,6)":19.845175003084346,"(4,6)":7.005946745420049,"(15,5)":18.39467267988055,"(8,1)":7.557564757083935,"(13,2)":0.0,"(17,2)":0.0,"(14,9)":1.1383377009606026,"(9,15)":0.0,"(15,7)":17.690067589830306,"(6,10)":0.0,"(6,4)":22.867001836500865,"(10,7)":0.0,"(5,2)":12.399514451793712,"(21,7)":26.364780248975563,"(8,19)":13.856078588715016,"(7,3)":25.914909272855393,"(12,12)":0,"(14,1)":388.0615673883117,"(10,3)":25.137579395729155,"(13,6)":24.41221697076803,"(15,3)":43.604976862685696,"(20,14)":48.530282451880005,