{"(6,9)":0.0,"(18,3)":0.0,"(21,13)":22.246043813510706,"(22,16)":24.303224302475922,"(15,17)":1.3194195999270881,"(22,14)":0.0,"(13,9)":1.6850175496323148,"(8,9)":8.46137216700912,"(17,14)":546.6229424916298,"(9,1)":3.180647933016329,"(16,6)":0.0,"(16,12)":465.8727043402082,"(16,13)":829.1033773719773,"(22,2)":54.26730653707925,"(7,16)":722.2698162101641,"(1,12)":398.17435521099475,"(4,5)":33.194723116548104,"(11,8)":33.755039480791226,"(18,21)":0.0,"(19,4)":19.685920018689664,"(20,13)":25.364003194512094,"(15,4)":48.42096784211798,"(6,18)":33.491668207177796,"(5,16)":0.0,"(4,9)":0.0,"(8,4)":37.73651113566281,"(1,22)":0.0,"(22,15)":0.0,"(1,2)":0.0,"(17,9)":0.0,"(19,20)":9.537791188304833,"(14,2)":58.2292312682612,"(6,11)":46.13526646548511,"(16,2)":0.0,"(8,21)":1.4765171390782945,"(9,6)":7.264005979598962,"(8,2)":45.30411798368117,"(21,3)":28.088961176086737,"(13,19)":0.0,"(7,19)":0.0,"(8,12)":11.50454206282551,"(11,4)":37.874187211015716,"(17,10)":0.0,"(1,17)":0.0,"(18,5)":39.543901022866606,"(2,5)":17.493227262795134,"(8,5)":0.653529534400189,"(3,16)":0.0,"(14,13)":758.4445755145604,"(22,4)":46.69969968906087,"(3,9)":4.000715486768118,"(15,2)":55.98857469013634,"(19,6)":4.515164627229698,"(19,9)":0.0,"(18,12)":61.42763835970455,"(15,1)":46.01907882317719,"(14,6)":58.22036818155462,"(14,18)":44.31244651392436,"(21,4)":23.636323581430215,"(22,7)":33.9853414012356,"(13,4)":400.51315776791955,"(16,20)":0.0,"(7,12)":496.0063242629459,"(10,22)":11.0990523016126,"(12,19)":0.0,"(4,10)":0.0,"(10,8)":13.789356486418272,"(7,2)":20.28196513584365,"(11,15)":0.0,"(10,17)":1.1023816896596048,"(3,13)":0.0,"(20,8)":5.817397999252885,"(6,3)":0.0,"(1,7)":226.06671266250044,"(19,13)":0.0,"(21,20)":30.47510360368307,"(8,8)":0,"(1,3)":12.535242543107302,"(4,15)":73.12756725240322,"(22,10)":3.2452487747318974,"(21,9)":23.93106136314303,"(11,11)":0,"(12,15)":18.049106799017164,"(9,10)":0.0,"(12,5)":0.0,"(12,2)":43.1127114241044,"(20,4)":43.55390913491569,"(9,3)":4.157899812943718,"(16,4)":492.99254913989677,"(16,10)":0.0,"(17,19)":19.943641475376403,"(11,19)":0.0,"(16,19)":0.0,"(4,1)":509.05569898105915,"(13,20)":8.229059790172363,"(5,15)":39.93284413585513,"(16,9)":0.0,"(4,17)":60.18777066536566,"(5,12)":21.883737336837967,"(5,14)":0.8583859015688814,"(17,11)":0.0,"(6,16)":0.0,"(22,22)":0,"(2,14)":0.0,"(11,9)":0.0,"(17,6)":0.0,"(20,12)":8.008804558829656,"(21,11)":30.18734176438377,"(9,13)":0.0,"(20,15)":26.057911357846812,"(10,20)":0.0,"(11,10)":19.96568299437295,"(15,22)":44.55633162068526,"(2,17)":0.0,"(6,2)":29.188104469369534,"(21,14)":17.39990455515662,"(8,7)":0.0,"(4,20)":80.47543619908727,"(3,17)":0.0,"(2,15)":57.426071398650265,"(12,21)":8.429093530045431,"(1,8)":0.0,"(22,8)":17.03460526115017,"(21,5)":56.831046697978316,"(1,13)":335.62943295721533,"(3,12)":0.0,"(3,14)":58.211203912312286,"(5,11)":1.736456491469072,"(15,9)":5.611857286432987,"(9,11)":5.999682570276005,"(6,15)":0.0,"(1,14)":447.2472129308936,"(7,14)":1330.7273442683932,"(12,1)":223.59706855714526,"(8,10)":10.017474608730273,"(14,10)":7.20717350591386,"(10,5)":31.34388289311414,"(15,8)":10.684456706455181,"(15,19)":8.360698638802255,"(21,12)":0.0,"(22,20)":8.233188573550793,"(2,18)":0.0,"(20,10)":28.60512318586556,"(8,22)":21.11652691034287,"(16,15)":22.85845538688393,"(1,15)":29.13588101001177,"(10,11)":10.014573747550148,"(12,16)":262.74208538621775,"(17,4)":203.001784918723,"(3,1)":0.0,"(20,5)":6.470927533653073,"(15,15)":0,"(16,21)":0.0,"(21,8)":39.27652029128245,"(16,3)":0.0,"(17,16)":270.1052067788262,"(12,8)":0.0,"(13,7)":562.4049814800943,"(3,18)":49.12426202542582,"(6,17)":0.0,"(22,19)":0.0,"(6,5)":54.81522073789927,"(16,17)":200.06466555030977,"(18,18)":0,"(13,11)":28.454597675498093,"(13,18)":0.0,"(16,11)":5.542924922030738,"(2,13)":0.0,"(9,8)":0.0,"(3,4)":37.253091439599196,"(5,17)":41.252263735782215,"(5,20)":47.28071308253917,"(10,19)":0.0,"(2,3)":5.6706379924935355,"(21,17)":32.986732279269575,"(13,3)":5.842917362576032,"(4,11)":0.0,"(6,20)":0.0,"(5,4)":37.08298160126262,"(17,1)":211.4073296334521,"(2,1)":0.0,"(20,6)":34.31302672374336,"(20,11)":53.81860087001018,"(5,9)":0.0,"(1,4)":320.03887675760853,"(13,22)":40.62949188388458,"(19,19)":0,"(18,19)":0.0,"(9,18)":0.0,"(20,16)":24.829179109961185,"(3,21)":0.0,"(16,5)":14.18533025644493,"(11,22)":20.015230728059333,"(19,1)":17.28403099974885,"(13,1)":379.1985484826487,"(18,17)":0.0,"(17,18)":0.0,"(14,15)":0.0,"(2,11)":0.0,"(20,2)":51.121515982934035,"(10,10)":0,"(4,12)":514.4662064533859,"(2,22)":0.0,"(5,22)":20.801179874027916,"(6,12)":0.0,"(18,2)":13.916784754336858,"(16,7)":682.6133908520713,"(19,7)":0.0,"(7,21)":0.0,"(4,13)":416.95081219960684,"(6,1)":0.0,"(7,11)":19.0087786398141,"(11,6)":45.43293097232748,"(12,13)":269.61993447076867,"(18,22)":11.397147742658397,"(21,18)":17.287145675111717,"(22,11)":8.825512478045182,"(7,15)":0.0,"(7,6)":20.273102049137055,"(15,16)":0.0,"(21,16)":21.711219728959797,"(20,19)":3.4936399315999593,"(11,16)":44.318455030535254,"(11,7)":25.15982892319042,"(8,14)":1.1293672036748184,"(5,5)":0,"(2,7)":0.0,"(8,3)":44.27111667532472,"(5,21)":0.0,"(4,3)":6.534605539661912,"(2,21)":0.0,"(9,7)":0.0,"(18,15)":79.47674515872176,"(14,3)":55.114262014899374,"(4,14)":623.8270041732851,"(18,7)":0.0,"(11,21)":19.237989206769296,"(2,10)":0.0,"(14,16)":783.0184934019561,"(14,8)":20.996529992332132,"(11,2)":45.441794059034066,"(15,6)":12.875863266031951,"(19,18)":0.0,"(8,13)":0.0,"(17,22)":0.0,"(1,19)":6.571609583764913,"(18,20)":0.0,"(20,1)":41.15202011597488,"(3,10)":0.0,"(7,20)":0.0,"(6,14)":42.57861009406427,"(9,21)":0.0,"(13,15)":0.0,"(21,21)":0,"(17,15)":11.58294283657415,"(17,20)":49.8557818483073,"(20,21)":42.742120253788805,"(20,7)":14.039924674606315,"(11,1)":41.34957292574485,"(15,18)":20.742018372224887,"(19,17)":3.5093418415478723,"(10,14)":0.032555219509415145,"(1,10)":0.0,"(9,9)":0,"(13,16)":599.9749309154491,"(22,21)":18.832720847008172,"(12,17)":147.20197839894428,"(21,6)":31.195067342741986,"(12,14)":370.3830662551733,"(12,10)":0.0,"(19,14)":12.623745882402842,"(2,6)":0.0,"(13,14)":794.6612587844044,"(16,1)":415.55599885462595,"(16,14)":1614.1360247128036,"(10,4)":0.0,"(1,20)":36.483749956695824,"(6,21)":0.0,"(10,12)":0.0,"(15,11)":32.381437412298766,"(16,16)":0,"(17,17)":0,"(16,22)":0.0,"(17,13)":368.9440511508036,"(19,8)":0.0,"(17,3)":0.0,"(2,8)":27.872422536807587,"(5,8)":10.37919527401246,"(13,21)":17.37811705927671,"(17,12)":408.1686091026061,"(7,22)":39.02400936787343,"(5,19)":17.368572709608273,"(1,1)":0,"(22,12)":0.0,"(21,19)":6.493244339138004,"(17,8)":22.267399543029335,"(10,9)":0.0,"(10,21)":0.37970515491289114,"(4,19)":50.56329582615638,"(11,5)":71.06891032756381,"(14,17)":313.9689869522659,"(22,6)":54.25844345037267,"(14,14)":0,"(2,2)":0,"(17,21)":0.0,"(5,18)":9.404032131369515,"(15,12)":12.875863266031953,"(10,16)":0.0,"(20,9)":27.049020744144407,"(7,1)":318.6369870025544,"(3,11)":61.767860283733114,"(5,13)":0.0,"(10,13)":0.0,"(11,17)":55.593967580845025,"(14,12)":620.7386124827912,"(21,22)":40.97179165463679,"(14,5)":83.85634753679095,"(12,11)":19.505574146266817,"(15,14)":20.9844445212051,"(1,16)":324.8073408726643,"(11,18)":31.525009304697214,"(21,1)":27.111709296159347,"(22,13)":0.004128783378431422,"(2,20)":64.77394034533431,"(6,6)":0,"(16,8)":0.0,"(20,3)":31.206920557088125,"(10,2)":5.716766624584396,"(4,2)":7.567606848018359,"(15,21)":21.304956796077384,"(1,6)":28.167836361355317,"(13,13)":0,"(19,10)":0.0,"(11,3)":42.326824805672246,"(3,19)":0.0,"(22,17)":35.57873685278569,"(22,9)":0.0,"(9,20)":0.0,"(8,6)":47.377222841979965,"(4,6)":9.640711706317155,"(15,5)":11.337986240855368,"(8,1)":35.334622116722,"(13,2)":8.957886615937863,"(17,2)":0.0,"(14,9)":0.0,"(9,15)":0.0,"(15,7)":0.0,"(6,10)":0.0,"(6,4)":21.620497621351177,"(10,7)":0.0,"(5,2)":44.65058844928098,"(21,7)":10.921965293604929,"(8,19)":6.989377435595815,"(7,3)":17.16699588248181,"(12,12)":0,"(14,1)":378.2659051349719,"(10,3)":2.601797371222566,"(13,6)":8.949023529231278,"(15,3)":9.769757099376703,