{"(6,9)":0.0,"(18,3)":0.0,"(21,13)":2.67604900622532,"(22,16)":0.0,"(15,17)":4.510402632947096,"(22,14)":0.0,"(13,9)":0.0,"(8,9)":0.0,"(17,14)":308.67486883594955,"(9,1)":0.0,"(16,6)":0.0,"(16,12)":260.98837797094467,"(16,13)":504.8874350883673,"(22,2)":0.0,"(7,16)":403.60497582173576,"(1,12)":214.41199893770045,"(4,5)":0.0,"(11,8)":8.010896422060185,"(18,21)":0.0,"(19,4)":0.0,"(20,13)":2.4760937414553594,"(15,4)":7.5410416749381834,"(6,18)":0.0,"(5,16)":0.0,"(4,9)":0.0,"(8,4)":0.8562062506927084,"(1,22)":0.0,"(22,15)":0.0,"(1,2)":0.0,"(17,9)":0.0,"(19,20)":0.0,"(14,2)":0.0,"(6,11)":0.0,"(16,2)":0.0,"(8,21)":0.0,"(9,6)":0.0,"(8,2)":0.0,"(21,3)":0.0,"(13,19)":0.0,"(7,19)":0.0,"(8,12)":0.5957440542907396,"(11,4)":0.0,"(17,10)":0.0,"(1,17)":0.0,"(18,5)":0.0,"(2,5)":0.0,"(8,5)":0.6449093529816122,"(3,16)":0.0,"(14,13)":463.7215066935132,"(22,4)":0.0,"(3,9)":0.0,"(15,2)":0.0,"(19,6)":0.0,"(19,9)":0.0,"(18,12)":0.0,"(15,1)":0.0,"(14,6)":0.5402443124686229,"(14,18)":0.0,"(21,4)":0.0,"(22,7)":0.0,"(13,4)":145.3813973457013,"(16,20)":0.0,"(7,12)":267.8564837914944,"(10,22)":0.0,"(12,19)":0.0,"(4,10)":0.0,"(10,8)":3.6325914746833092,"(7,2)":0.0,"(11,15)":0.0,"(10,17)":0.0,"(3,13)":0.0,"(20,8)":1.0131011218516883,"(6,3)":5.093911060640932,"(1,7)":121.31321101387381,"(19,13)":0.0,"(21,20)":3.7108903713520003,"(8,8)":0.0,"(1,3)":11.417148079788484,"(4,15)":4.153048337132341,"(22,10)":0.0,"(21,9)":0.0,"(11,11)":0.0,"(12,15)":4.782808906561107,"(9,10)":0.0,"(12,5)":0.7075879000787015,"(12,2)":0.0,"(20,4)":1.8693073725443967,"(9,3)":0.0,"(16,4)":186.1736225344885,"(16,10)":0.0,"(17,19)":6.072615052833228,"(11,19)":0.0,"(16,19)":0.0,"(4,1)":302.0595423318258,"(13,20)":1.0348413651266797,"(5,15)":5.23667849919012,"(16,9)":0.0,"(4,17)":0.0,"(5,12)":0.453869592629012,"(5,14)":0.0,"(17,11)":0.0,"(6,16)":0.0,"(22,22)":0.0,"(2,14)":0.0,"(11,9)":0.0,"(17,6)":0.0,"(20,12)":0.950422574754599,"(21,11)":0.577639474307332,"(9,13)":0.0,"(20,15)":5.7332314813157055,"(10,20)":0.0,"(11,10)":4.378304947376876,"(15,22)":0.0,"(2,17)":0.0,"(6,2)":0.0,"(21,14)":2.845006974564482,"(8,7)":0.0,"(4,20)":1.7296520280227636,"(3,17)":0.0,"(2,15)":0.0,"(12,21)":0.0,"(1,8)":0.0,"(22,8)":0.0,"(21,5)":0.0,"(1,13)":160.75146718448082,"(3,12)":0.0,"(3,14)":0.0,"(5,11)":0.0,"(15,9)":0.0,"(9,11)":0.0,"(6,15)":0.0,"(1,14)":219.46194597375484,"(7,14)":797.196533085201,"(12,1)":100.73644396756565,"(8,10)":2.348783785441128,"(14,10)":0.0,"(10,5)":0.0,"(15,8)":6.684835424245476,"(15,19)":2.3916671536257614,"(21,12)":0.0,"(22,20)":0.0,"(2,18)":0.0,"(20,10)":0.0,"(8,22)":0.0,"(16,15)":1.857693794179174,"(1,15)":0.0,"(10,11)":4.536751266342968,"(12,16)":140.8945115187121,"(17,4)":4.476632398109359e-15,"(3,1)":9.196748709655957,"(20,5)":1.6580104748333007,"(15,15)":0.0,"(16,21)":0.0,"(21,8)":0.0,"(16,3)":0.0,"(17,16)":166.7036420746415,"(12,8)":0.06267854709708916,"(13,7)":292.73486586903425,"(3,18)":0.0,"(6,17)":0.0,"(22,19)":0.0,"(6,5)":0.6880047357116934,"(16,17)":116.55765152965816,"(18,18)":0.0,"(13,11)":0.0,"(13,18)":0.0,"(16,11)":0.0,"(2,13)":0.0,"(9,8)":0.0,"(3,4)":9.234674891681989,"(5,17)":9.747081132137213,"(5,20)":2.8132821900805407,"(10,19)":0.0,"(2,3)":0.8904001956405915,"(21,17)":0.0,"(13,3)":0.0,"(4,11)":0.0,"(6,20)":0.0,"(5,4)":0.21129689771109603,"(17,1)":11.234866949003028,"(2,1)":0.0,"(20,6)":0.0,"(20,11)":0.0,"(5,9)":0.0,"(1,4)":200.51514645658915,"(13,22)":0.0,"(19,19)":0.0,"(18,19)":0.0,"(9,18)":0.0,"(20,16)":0.0,"(3,21)":0.0,"(16,5)":0.0,"(11,22)":0.0,"(19,1)":0.0,"(13,1)":137.89167567008425,"(18,17)":0.0,"(17,18)":0.0,"(14,15)":0.0,"(2,11)":0.0,"(20,2)":0.0,"(10,10)":0.0,"(4,12)":288.79830104295127,"(2,22)":0.0,"(5,22)":0.0,"(6,12)":0.0,"(18,2)":0.0,"(16,7)":350.9972042683615,"(19,7)":0.0,"(7,21)":0.0,"(4,13)":213.10532281557158,"(6,1)":14.290659770296887,"(7,11)":0.0,"(11,6)":1.3792087531247201,"(12,13)":167.0848947659334,"(18,22)":0.0,"(21,18)":0.0,"(22,11)":0.0,"(7,15)":0.0,"(7,6)":2.9504165761910666,"(15,16)":0.0,"(21,16)":0.0,"(20,19)":0.0,"(11,16)":0.0,"(11,7)":0.0,"(8,14)":0.0,"(5,5)":0.0,"(2,7)":0.0,"(8,3)":7.7169809987762,"(5,21)":0.0,"(4,3)":6.860774748083492,"(2,21)":0.0,"(9,7)":0.0,"(18,15)":0.0,"(14,3)":4.489745533236451,"(4,14)":331.8314589172057,"(18,7)":0.0,"(11,21)":0.0,"(2,10)":0.0,"(14,16)":445.73571395075004,"(14,8)":0.0,"(11,2)":0.0,"(15,6)":0.0,"(19,18)":0.0,"(8,13)":0.0,"(17,22)":0.0,"(1,19)":0.0,"(18,20)":0.0,"(20,1)":0.0,"(3,10)":0.0,"(7,20)":0.0,"(6,14)":0.0,"(9,21)":0.0,"(13,15)":0.0,"(21,21)":0.0,"(17,15)":3.680947899207467,"(17,20)":12.662517373807383,"(20,21)":5.295733107445527,"(20,7)":0.0,"(11,1)":0.0,"(15,18)":0.0,"(19,17)":0.0,"(10,14)":0.0,"(1,10)":0.0,"(9,9)":0.0,"(13,16)":356.14507373617874,"(22,21)":0.0,"(12,17)":89.8321213030682,"(21,6)":0.0,"(12,14)":213.90851558485386,"(12,10)":0.0,"(19,14)":0.0,"(2,6)":0.0,"(13,14)":484.0002577727304,"(16,1)":143.3253943706415,"(16,14)":984.710877379978,"(10,4)":0.0,"(1,20)":0.0,"(6,21)":0.0,"(10,12)":0.0,"(15,11)":0.0,"(16,16)":0.0,"(17,17)":0.0,"(16,22)":0.0,"(17,13)":211.5025134370187,"(19,8)":0.0,"(17,3)":0.0,"(2,8)":0.0,"(5,8)":0.0,"(13,21)":2.8196393659901666,"(17,12)":252.05179196044585,"(7,22)":0.0,"(5,19)":0.0,"(1,1)":0.0,"(22,12)":0.0,"(21,19)":0.0,"(17,8)":10.365783323452943,"(10,9)":0.0,"(10,21)":0.0,"(4,19)":0.0,"(11,5)":0.0,"(14,17)":140.7313636952483,"(22,6)":0.0,"(14,14)":0.0,"(2,2)":0.0,"(17,21)":0.0,"(5,18)":0.0,"(15,12)":6.622156877148386,"(10,16)":0.0,"(20,9)":0.0,"(7,1)":161.33321970365003,"(3,11)":0.0,"(5,13)":0.0,"(10,13)":0.0,"(11,17)":0.0,"(14,12)":361.9097826173906,"(21,22)":0.0,"(14,5)":0.0,"(12,11)":0.0,"(15,14)":0.0,"(1,16)":132.07609251996954,"(11,18)":0.0,"(21,1)":0.0,"(22,13)":0.0,"(2,20)":0.0,"(6,6)":0.0,"(16,8)":0.0,"(20,3)":0.0,"(10,2)":0.0,"(4,2)":0.0,"(15,21)":1.019890400331925,"(1,6)":18.880188073701003,"(13,13)":0.0,"(19,10)":0.0,"(11,3)":5.614251230444512,"(3,19)":0.0,"(22,17)":0.0,"(22,9)":0.0,"(9,20)":0.0,"(8,6)":2.6230699381352665,"(4,6)":1.7668636874425587,"(15,5)":7.329744777227089,"(8,1)":0.0,"(13,2)":0.0,"(17,2)":0.0,"(14,9)":0.0,"(9,15)":0.0,"(15,7)":0.0,"(6,10)":0.0,"(6,4)":1.771634897769471,"(10,7)":0.0,"(5,2)":0.0,"(21,7)":0.0,"(8,19)":0.0,"(7,3)":7.763000024697111,"(12,12)":0.0,"(14,1)":169.65796007835408,"(10,3)":0.0,"(13,6)":0.0,"(15,3)":0.0,"(20,14)":0.0,"(1,5)":0.0,"(3,5)":8.151044729624212,"(3,8)":8.009170267962485,"(9,5)":0.0,"(14,19)":0.0,"(3,6)":7.4630399939125205,"(19,5)":0.0,"(7,17)":87.87218743255386,"(12,4)":104.14844471704981,"(4,21)":0.0,"(4,4)":0.0,"(13,17)":139.23054909453688,"(19,12)":0.0,"(9,4)":0.0,"(20,17)":10.2436341142628,"(22,3)":0.0,"(13,12)":263.00604109119746,"(8,11)":0.0,"(8,18)":0.0,"(6,19)":0.0,"(12,7)":96.93413114972766,"(12,18)":0.0,"(19,22)":0.0,"(20,22)":0.0,"(14,4)":248.36378370544108,"(3,15)":0.0,"(4,22)":0.0,"(2,4)":0.0,"(9,19)":0.0,"(18,16)":0.0,"(6,22)":0.0,"(19,2)":0.0,"(9,22)":0.0,"(22,1)":0.0,"(9,2)":0.0,"(14,21)":2.6934630150277306,"(5,1)":0.0,"(15,20)":8.981569474599915,"(10,6)":0.0,"(11,12)":0.0,"(8,16)":0.0,"(1,18)":0.0,"(2,16)":0.0,"(7,13)":673.383761574367,"(21,15)":0.0,"(8,15)":5.378552960851847,"(9,17)":0.0,"(19,16)":0.0,"(5,10)":0.0,"(18,10)":0.0,"(18,13)":0.0,"(21,10)":0.0,"(8,17)":9.888955593798942,"(8,20)":2.9551566517422687,"(4,8)":0.0,"(11,20)":0.0,"(12,9)":0.0,"(7,8)":0.0,"(14,22)":0.0,"(7,7)":0.0,"(18,1)":0.0,"(22,18)":0.0,"(7,9)":0.0,"(9,14)":0.0,"(4,18)":0.0,"(19,15)":0.0,"(20,20)":0.0,"(3,22)":0.0,"(5,7)":0.0,"(11,14)":0.0,"(12,6)":0.0,"(17,5)":11.010692676434553,"(18,6)":0.0,"(6,13)":0.0,"(11,13)":0.0,"(2,19)":0.0,"(19,11)":0.0,"(20,18)":0.0,"(13,5)":0.0,"(4,7)":150.73787642075462,"(6,8)":0.5461302740499657,"(21,2)":0.0,"(12,20)":2.359412597451529,"(7,5)":0.0,"(2,9)":0.0,"(3,2)":1.995364766469283,"(14,11)":0.0,"(10,15)":0.0,"(3,7)":12.558736172543018,"(15,10)":0.0,"(15,13)":0.0,"(18,8)":0.0,"(14,7)":377.886572849234,"(18,11)":0.0,"(9,16)":0.0,"(4,16)":209.26914362357033,"(14,20)":0.0,"(22,5)":0.0,"(5,6)":1.9781605851536548,"(2,12)":0.0,"(12,3)":0.0,"(9,12)":0.0,"(13,10)":0.0,