{"(16,1)":0.0,"(11,20)":45.36517872499828,"(2,8)":0.0,"(3,22)":46.01321257889488,"(20,1)":0.0,"(14,5)":0.0,"(19,5)":0.0,"(11,1)":0.0,"(9,6)":0.40031981827487595,"(2,17)":0.0,"(15,20)":88.96034191569649,"(8,12)":16.188268364069327,"(22,20)":0.0,"(8,9)":12.745359307439562,"(14,11)":72.19090591448851,"(15,22)":69.24856161516622,"(13,16)":861.6046914587888,"(19,2)":0.0,"(2,18)":17.770018264046676,"(11,17)":294.37301936358546,"(11,7)":0.0,"(3,3)":0.0,"(15,21)":65.1457327562329,"(4,1)":512.2199453753977,"(16,3)":0.0,"(13,7)":441.6506873169745,"(14,13)":928.3628803681992,"(5,3)":111.19911249164298,"(11,13)":18.77630936446757,"(17,7)":128.13032027805085,"(1,3)":85.15411029544748,"(15,18)":45.93043385946043,"(1,8)":0.0,"(20,12)":36.81671984632323,"(13,17)":364.5975627660111,"(17,11)":0.0,"(12,22)":45.65303365716943,"(21,12)":0.0,"(10,19)":0.0,"(6,8)":27.88433794482021,"(8,8)":0.0,"(7,15)":0.0,"(5,4)":11.317145947838242,"(18,19)":0.0,"(1,16)":0.0,"(6,14)":0.0,"(6,10)":0.0,"(15,4)":53.3243967400042,"(10,17)":0.0,"(17,15)":74.61279253962911,"(11,22)":70.96724061866466,"(11,8)":192.21211262230938,"(9,13)":0.0,"(16,22)":0.0,"(10,13)":0.0,"(2,3)":19.453143472225452,"(3,6)":48.012451201989045,"(5,12)":0.0,"(17,13)":331.7552681610764,"(15,17)":6.254770805374819,"(10,7)":0.0,"(14,4)":523.5874602490125,"(3,16)":0.0,"(1,13)":0.0,"(16,9)":0.0,"(11,15)":0.0,"(18,22)":0.0,"(19,1)":0.0,"(15,7)":0.0,"(18,3)":134.3304553871237,"(12,7)":0.0,"(17,18)":0.0,"(5,13)":0.0,"(3,1)":122.32038400638254,"(13,3)":0.0,"(15,11)":0.0,"(16,12)":360.64623662091884,"(20,9)":0.0,"(2,1)":0.0,"(3,12)":0.0,"(21,22)":317.12532372613157,"(1,9)":0.0,"(7,9)":0.0,"(19,16)":11.08661692002265,"(19,4)":0.0,"(9,15)":0.0,"(2,5)":0.0,"(9,17)":0.0,"(2,19)":0.0,"(2,11)":0.06651613453281939,"(6,12)":0.0,"(9,14)":0.0,"(10,16)":1.026954516911341,"(17,9)":0.0,"(22,7)":0.0,"(1,2)":0.0,"(17,19)":55.80594721419256,"(22,6)":1.554312234475219e-16,"(20,8)":56.558756842464696,"(21,20)":157.49899419698707,"(5,8)":0.0,"(13,11)":27.58718701636866,"(5,19)":0.0,"(4,17)":0.0,"(8,3)":109.86879832967062,"(17,21)":0.7961730919987258,"(9,19)":0.0,"(7,2)":0.0,"(3,10)":0.0,"(12,2)":0.0,"(6,15)":0.0,"(11,21)":17.88092724265152,"(22,4)":0.0,"(15,2)":0.0,"(6,2)":5.901274972509097,"(5,11)":0.676228063232389,"(10,21)":22.93717126226927,"(21,19)":0.0,"(12,10)":0.0,"(13,18)":0.0,"(9,5)":0.0,"(1,18)":0.0,"(14,9)":0.0,"(22,16)":243.70372763769814,"(8,4)":9.986831785865899,"(17,4)":0.0,"(22,19)":0.0,"(17,2)":0.0,"(13,19)":0.0,"(10,4)":0.0,"(9,20)":0.0,"(20,17)":96.27508784426104,"(20,10)":12.041737741272813,"(10,9)":0.0,"(3,2)":48.31378659854905,"(4,20)":40.79972381096108,"(1,20)":0.0,"(9,22)":0.0,"(7,16)":505.44560284027347,"(10,8)":72.67230691385186,"(16,18)":0.0,"(7,10)":0.0,"(17,17)":0.0,"(17,14)":403.8570622676397,"(8,16)":23.071073830322916,"(4,4)":0.0,"(12,4)":259.1169675820075,"(19,9)":0.0,"(21,11)":203.02787582546654,"(20,14)":12.100748242122437,"(22,2)":0.0,"(16,20)":13.983993168424954,"(9,16)":0.0,"(21,16)":134.69611275625368,"(14,21)":133.2020404391405,"(4,2)":0.0,"(14,1)":196.89574043922315,"(14,12)":499.17749412971455,"(7,22)":0.0,"(10,2)":0.0,"(14,7)":899.6673161786489,"(3,19)":0.0,"(10,20)":0.0,"(13,2)":0.0,"(11,19)":0.0,"(17,12)":635.4020446976259,"(7,12)":0.0,"(13,20)":49.87816194744283,"(22,8)":0.0,"(17,16)":248.55939750167295,"(9,21)":0.0,"(8,1)":0.0,"(22,5)":0.0,"(8,5)":0.0,"(16,6)":0.0,"(6,21)":0.0,"(4,11)":3.098756230835429,"(19,14)":0.0,"(15,10)":0.0,"(21,1)":0.0,"(4,13)":97.36010654328308,"(5,1)":0.0,"(6,19)":0.0,"(12,12)":0.0,"(11,12)":0.0,"(21,10)":43.05232093564341,"(11,5)":0.0,"(18,14)":0.0,"(14,10)":0.0,"(14,20)":0.0,"(18,13)":0.0,"(7,8)":0.0,"(13,13)":0.0,"(18,21)":0.0,"(11,10)":119.53980570845756,"(8,10)":59.040477040462704,"(12,19)":0.0,"(13,12)":381.48215536151537,"(21,9)":18.56924524436671,"(11,9)":0.0,"(4,21)":0.0,"(22,3)":58.58172747261402,"(6,16)":0.0,"(7,7)":0.0,"(1,15)":0.0,"(12,21)":41.55020479823605,"(19,12)":0.0,"(3,17)":0.0,"(12,13)":297.5214891921536,"(3,13)":0.0,"(5,7)":60.49381011727496,"(16,2)":0.0,"(1,21)":0.0,"(16,5)":0.0,"(4,9)":0.0,"(20,3)":14.939057071536016,"(13,14)":1040.4848474498624,"(14,3)":178.6555552489984,"(9,3)":33.28576883366333,"(7,5)":0.0,"(9,1)":0.0,"(21,3)":42.868733475839925,"(22,9)":0.0,"(19,21)":83.95257808166944,"(12,1)":92.54358515740496,"(19,3)":0.0,"(10,15)":0.0,"(16,4)":100.24162264674165,"(14,17)":766.4398407600745,"(17,20)":163.5731344553256,"(7,6)":70.81446761954967,"(18,4)":0.0,"(14,14)":0.0,"(4,6)":40.14447089300481,"(6,9)":0.0,"(10,5)":0.0,"(2,4)":0.0,"(18,12)":0.0,"(18,6)":78.89686826683224,"(7,14)":1610.1391594908691,"(8,21)":59.034379552458724,"(7,17)":0.0,"(22,22)":0.0,"(1,12)":346.3410681751464,"(1,7)":248.06620088368302,"(19,22)":88.0554069406028,"(15,12)":23.595527957996847,"(18,18)":0.0,"(19,10)":0.0,"(20,21)":194.2862731983427,"(19,11)":1.646946573482432,"(9,10)":0.0,"(1,11)":0.0,"(15,16)":0.0,"(2,2)":0.0,"(8,15)":69.39186555663228,"(12,15)":53.20359719256294,"(9,8)":0.0,"(19,6)":0.0,"(12,18)":33.19205412549128,"(18,5)":0.0,"(15,15)":0.0,"(8,2)":0.0,"(12,11)":0.0,"(8,6)":50.131302678870725,"(17,5)":116.62004333179509,"(5,18)":32.17007591922753,"(14,2)":0.0,"(8,14)":0.0,"(6,7)":42.95855887088245,"(18,2)":0.0,"(3,15)":0.0,"(2,12)":0.0,"(19,13)":0.0,"(15,6)":0.0,"(1,5)":0.0,"(13,10)":0.0,"(5,17)":52.70281513093492,"(6,20)":0.0,"(2,15)":0.0,"(13,4)":25.94898618733835,"(22,14)":0.0,"(12,3)":0.0,"(16,10)":0.0,"(2,20)":-1.9428902930940238e-17,"(22,12)":0.0,"(20,11)":62.65436441354028,"(2,6)":4.51394973062901,"(16,16)":0.0,"(5,10)":0.0,"(3,7)":90.9710100728715,"(21,2)":0.0,"(16,8)":11.656975419799243,"(10,12)":0.0,"(22,15)":0.0,"(4,5)":0.0,"(17,1)":0.0,"(5,21)":0.0,"(1,4)":338.6263331218846,"(19,7)":0.0,"(13,1)":0.0,"(5,14)":0.0,"(9,9)":0.0,"(13,21)":134.02525680608247,"(7,3)":130.55196327034955,"(6,6)":0.0,"(2,21)":0.0,"(18,11)":0.0,"(11,4)":0.0,"(16,17)":244.0068653072225,"(12,14)":366.54895884201585,"(4,15)":28.638507045824415,"(12,8)":19.742036996141444,"(7,4)":293.4765406703638,"(21,13)":107.62083224954421,"(18,17)":0.0,"(13,8)":23.24645530558952,"(15,8)":43.33756495413828,"(5,5)":0.0,"(12,9)":0.0,"(14,6)":118.91805959819844,"(6,1)":182.0578796571825,"(14,18)":5.557892734190839,"(19,20)":0.0,"(20,2)":0.0,"(8,18)":24.31497938387051,"(17,6)":0.0,"(10,22)":0.0,"(3,9)":0.0,"(21,5)":0.0,"(4,10)":0.0,"(7,11)":0.0,"(11,2)":0.0,"(6,3)":59.73749565079992,"(20,15)":90.02031703888618,"(12,16)":309.53228865094206,"(1,1)":0.0,"(4,16)":159.0445496020716,"(5,2)":0.0,"(9,7)":0.0,"(21,18)":0.0,"(1,10)":0.0,"(14,16)":1459.1928162528513,"(4,19)":0.0,"(5,16)":0.0,"(3,18)":29.44411703386275,"(4,3)":99.8819665438047,"(8,17)":75.64663636200707,"(18,7)":28.32373419804744,"(21,6)":18.969565062641582,"(13,9)":0.0,"(8,13)":0.0,"(6,17)":0.0,"(14,8)":0.0,"(4,12)":618.5777542532613,"(14,19)":0.0,"(18,10)":0.0,"(3,14)":0.0,"(18,9)":0.0,"(12,17)":238.42520079793778,"(20,20)":0.0,"(4,22)":7.1754802637700275,"(2,10)":0.0,"(22,21)":10.775011871426594,"(8,20)":81.55308232176895,"(7,21)":0.0,"(4,14)":661.4795808526676,"(19,15)":0.0,"(13,15)":0.0,"(20,6)":0.0,"(2,13)":0.0,"(20,5)":55.22844268049233,"(10,3)":3.1098453138672655,"(21,7)":0.0,"(18,20)":0.0,"(7,1)":118.43783566057456,"(15,19)":0.0,"(17,8)":117.95035749376738,"(9,2)":0.0,"(16,13)":1105.566216859403,"(13,22)":138.12808566501585,"(11,6)":46.9265777329224,"(17,22)":0.0,"(10,18)":0.0,"(15,1)":0.0,"(3,21)":0.0,"(18,16)":0.0,"(5,22)":6.691837139657309,"(10,6)":0.0,"(22,18)":0.0,"(17,10)":0.0,"(20,13)":60.26101639226022,"(21,4)":0.0,"(2,14)":0.0,"(1,19)":0.0,"(15,3)":0.0,"(7,13)":1034.7165891814852,"(11,14)":0.0,"(1,14)":304.8397787745526,"(17,3)":0.0,"(5,6)":51.46161684084308,"(11,11)":0.0,"(4,18)":31.598389961481235,"(20,16)":90.49821739907449,"(19,8)":0.0,"(5,15)":46.448044325560105,"(6,18)":8.287284840091125,"(9,11)":0.0,"(16,21)":68.70062063694371,"(10,10)":0.0,"(21,17)":117.90140819590076,"(1,17)":0.0,"(16,11)":0.0,"(19,18)":0.0,"(8,7)":52.63871358191794,"(22,1)":0.0,"(11,16)":314.67096825636287,"(22,17)":223.40577874492072,