{"(6,9)":0.0,"(18,3)":95.95032527651692,"(21,13)":76.87202303538872,"(22,16)":174.0740911697844,"(15,17)":4.467693432410585,"(22,14)":0.0,"(13,9)":0.0,"(8,9)":9.103828076742545,"(17,14)":288.46933019117125,"(9,1)":0.0,"(16,6)":0.0,"(16,12)":257.60445472922777,"(16,13)":789.6901548995737,"(22,2)":0.0,"(7,16)":361.03257345733823,"(1,12)":247.38647726796174,"(4,5)":0.0,"(11,8)":137.29436615879243,"(18,21)":0.0,"(19,4)":0.0,"(20,13)":43.04358313732873,"(15,4)":38.088854814288716,"(6,18)":5.919489171493661,"(5,16)":0.0,"(4,9)":0.0,"(8,4)":7.1334512756185,"(1,22)":0.0,"(22,15)":0.0,"(1,2)":0.0,"(17,9)":0.0,"(19,20)":0.0,"(14,2)":0.0,"(6,11)":0.0,"(16,2)":0.0,"(8,21)":42.16741396604195,"(9,6)":0.2859427273391971,"(8,2)":0.0,"(21,3)":30.620523911314233,"(13,19)":0.0,"(7,19)":0.0,"(8,12)":11.563048831478092,"(11,4)":0.0,"(17,10)":0.0,"(1,17)":0.0,"(18,5)":0.0,"(2,5)":0.0,"(8,5)":0.0,"(3,16)":0.0,"(14,13)":663.1163431201423,"(22,4)":0.0,"(3,9)":0.0,"(15,2)":0.0,"(19,6)":0.0,"(19,9)":0.0,"(18,12)":0.0,"(15,1)":0.0,"(14,6)":84.94147114157032,"(14,18)":3.969923381564885,"(21,4)":0.0,"(22,7)":0.0,"(13,4)":18.534990133813107,"(16,20)":9.988566548874967,"(7,12)":0.0,"(10,22)":0.0,"(12,19)":0.0,"(4,10)":0.0,"(10,8)":51.90879065275133,"(7,2)":0.0,"(11,15)":0.0,"(10,17)":0.0,"(3,13)":0.0,"(20,8)":40.39911203033193,"(6,3)":42.66963975057138,"(1,7)":177.19014348834503,"(19,13)":0.0,"(21,20)":112.49928156927649,"(8,8)":0.0,"(1,3)":60.8243644967482,"(4,15)":20.456076461303155,"(22,10)":0.0,"(21,9)":13.263746603119078,"(11,11)":0.0,"(12,15)":38.002569423259246,"(9,10)":0.0,"(12,5)":13.151230595835079,"(12,2)":0.0,"(20,4)":47.53256330595042,"(9,3)":23.775549166902383,"(16,4)":71.60115903338689,"(16,10)":0.0,"(17,19)":39.8613908672804,"(11,19)":0.0,"(16,19)":0.0,"(4,1)":365.8713895538555,"(13,20)":35.62725853388773,"(5,15)":33.17717451825722,"(16,9)":0.0,"(4,17)":0.0,"(5,12)":0.0,"(5,14)":0.0,"(17,11)":0.0,"(6,16)":0.0,"(22,22)":0.0,"(2,14)":0.0,"(11,9)":0.0,"(17,6)":0.0,"(20,12)":26.297657033088022,"(21,11)":145.01991130390468,"(9,13)":0.0,"(20,15)":64.30022645634727,"(10,20)":0.0,"(11,10)":85.38557550604112,"(15,22)":49.46325829654731,"(2,17)":0.0,"(6,2)":4.2151964089350695,"(21,14)":93.45497850784145,"(8,7)":37.59908112994139,"(4,20)":29.142659864972202,"(3,17)":0.0,"(2,15)":0.0,"(12,21)":29.678717713025755,"(1,8)":0.0,"(22,8)":0.0,"(21,5)":0.0,"(1,13)":0.0,"(3,12)":0.0,"(3,14)":0.0,"(5,11)":0.4830200451659922,"(15,9)":0.0,"(9,11)":0.0,"(6,15)":0.0,"(1,14)":217.74269912468046,"(7,14)":1150.0993996363352,"(12,1)":66.10256082671783,"(8,10)":42.17176931461622,"(14,10)":0.0,"(10,5)":0.0,"(15,8)":30.955403538670204,"(15,19)":0.0,"(21,12)":0.0,"(22,20)":0.0,"(2,18)":12.69287018860477,"(20,10)":8.601241243766296,"(8,22)":22.98987909013978,"(16,15)":38.796316890608345,"(1,15)":0.0,"(10,11)":53.45292653684694,"(12,16)":221.09449189353006,"(17,4)":0.0,"(3,1)":87.37170286170182,"(20,5)":39.448887628923096,"(15,15)":0.0,"(16,21)":49.07187188353122,"(21,8)":69.43795566721448,"(16,3)":0.0,"(17,16)":177.54242678690926,"(12,8)":14.10145499724389,"(13,7)":315.4647766549818,"(3,18)":21.031512167044824,"(6,17)":0.0,"(22,19)":0.0,"(6,5)":36.30582798278027,"(16,17)":174.29061807658752,"(18,18)":0.0,"(13,11)":19.70513358312047,"(13,18)":0.0,"(16,11)":0.0,"(2,13)":0.0,"(9,8)":0.0,"(3,4)":83.32153404115508,"(5,17)":37.6448679506678,"(5,20)":41.86375792192626,"(10,19)":0.0,"(2,3)":13.895102480161038,"(21,17)":84.21529156850055,"(13,3)":0.0,"(4,11)":2.213397307739592,"(6,20)":0.0,"(5,4)":8.083675677027315,"(17,1)":0.0,"(2,1)":0.0,"(20,6)":0.0,"(20,11)":44.75311743824306,"(5,9)":0.0,"(1,4)":241.8759522299176,"(13,22)":98.66291833215418,"(19,19)":0.0,"(18,19)":0.0,"(9,18)":0.0,"(20,16)":64.64158385648179,"(3,21)":0.0,"(16,5)":0.0,"(11,22)":50.690886156189045,"(19,1)":0.0,"(13,1)":0.0,"(18,17)":0.0,"(17,18)":0.0,"(14,15)":0.0,"(2,11)":0.04751152466629957,"(20,2)":0.0,"(10,10)":0.0,"(4,12)":441.8412530380439,"(2,22)":0.0,"(5,22)":4.779883671183793,"(6,12)":0.0,"(18,2)":0.0,"(16,7)":396.2599635545555,"(19,7)":0.0,"(7,21)":0.0,"(4,13)":69.5429332452022,"(6,1)":130.0413426122732,"(7,11)":0.0,"(11,6)":33.51898409494457,"(12,13)":212.51534942296686,"(18,22)":0.0,"(21,18)":0.0,"(22,11)":0.0,"(7,15)":0.0,"(7,6)":50.581762585392624,"(15,16)":0.0,"(21,16)":96.21150911160979,"(20,19)":0.0,"(11,16)":224.7649773259735,"(11,7)":0.0,"(8,14)":0.0,"(5,5)":0.0,"(2,7)":31.869608413726834,"(8,3)":78.47771309262188,"(5,21)":0.0,"(4,3)":71.34426181700336,"(2,21)":0.0,"(9,7)":0.0,"(18,15)":0.0,"(14,3)":127.61111089214174,"(4,14)":472.4854148947626,"(18,7)":20.23123871289103,"(11,21)":12.772090887608229,"(2,10)":0.0,"(14,16)":1042.280583037751,"(14,8)":0.0,"(11,2)":0.0,"(15,6)":0.0,"(19,18)":0.0,"(8,13)":0.0,"(17,22)":0.0,"(1,19)":0.0,"(18,20)":0.0,"(20,1)":0.0,"(3,10)":0.0,"(7,20)":0.0,"(6,14)":0.0,"(9,21)":0.0,"(13,15)":0.0,"(21,21)":0.0,"(17,15)":53.2948518140208,"(17,20)":116.83795318237543,"(20,21)":138.77590942738766,"(20,7)":0.0,"(11,1)":0.0,"(15,18)":32.80745275675745,"(19,17)":0.0,"(10,14)":0.0,"(1,10)":0.0,"(9,9)":0.0,"(13,16)":615.4319224705634,"(22,21)":7.6964370510189966,"(12,17)":170.30371485566985,"(21,6)":13.549689330458275,"(12,14)":261.8206848871542,"(12,10)":0.0,"(19,14)":0.0,"(2,6)":3.22424980759215,"(13,14)":743.2034624641874,"(16,1)":0.0,"(16,14)":1448.5451924042625,"(10,4)":0.0,"(1,20)":0.0,"(6,21)":0.0,"(10,12)":0.0,"(15,11)":0.0,"(16,16)":0.0,"(17,17)":0.0,"(16,22)":0.0,"(17,13)":236.96804868648317,"(19,8)":0.0,"(17,3)":0.0,"(2,8)":0.0,"(5,8)":0.0,"(13,21)":95.73232629005891,"(17,12)":453.85860335544714,"(7,22)":0.0,"(5,19)":0.0,"(1,1)":0.0,"(22,12)":0.0,"(21,19)":0.0,"(17,8)":84.250255352691,"(10,9)":0.0,"(10,21)":16.383693758763766,"(4,19)":0.0,"(11,5)":0.0,"(14,17)":547.457029114339,"(22,6)":1.1102230246251565e-16,"(14,14)":0.0,"(2,2)":0.0,"(17,21)":0.5686950657133756,"(5,18)":22.978625656591092,"(15,12)":16.85394854142632,"(10,16)":0.7335389406509578,"(20,9)":0.0,"(7,1)":84.59845404326755,"(3,11)":0.0,"(5,13)":0.0,"(10,13)":0.0,"(11,17)":210.26644240256104,"(14,12)":356.55535294979614,"(21,22)":226.51808837580828,"(14,5)":0.0,"(12,11)":0.0,"(15,14)":0.0,"(1,16)":0.0,"(11,18)":0.0,"(21,1)":0.0,"(22,13)":0.0,"(2,20)":-1.3877787807814457e-17,"(6,6)":0.0,"(16,8)":8.326411014142318,"(20,3)":10.670755051097155,"(10,2)":0.0,"(4,2)":0.0,"(15,21)":46.532666254452074,"(1,6)":95.11897249816894,"(13,13)":0.0,"(19,10)":0.0,"(11,3)":76.04617809607848,"(3,19)":0.0,"(22,17)":159.57555624637195,"(22,9)":0.0,"(9,20)":0.0,"(8,6)":35.80807334205052,"(4,6)":28.674622066432008,"(15,5)":30.005179137261397,"(8,1)":0.0,"(13,2)":0.0,"(17,2)":0.0,"(14,9)":0.0,"(9,15)":0.0,"(15,7)":0.0,"(6,10)":0.0,"(6,4)":49.026926039734334,"(10,7)":0.0,"(5,2)":0.0,"(21,7)":0.0,"(8,19)":0.0,"(7,3)":93.25140233596397,"(12,12)":0.0,"(14,1)":140.63981459944512,"(10,3)":2.221318081333761,"(13,6)":0.0,"(15,3)":0.0,"(20,14)":8.643391601516027,"(1,5)":0.0,"(3,5)":70.60043598420103,"(3,8)":54.21199224772089,"(9,5)":0.0,"(14,19)":0.0,"(3,6)":34.29460800142075,"(19,5)":0.0,"(7,17)":0.0,"(12,4)":185.0835482728625,"(4,21)":0.0,"(4,4)":0.0,"(13,17)":260.4268305471508,"(19,12)":0.0,"(9,4)":0.0,"(20,17)":68.76791988875789,"(22,3)":41.84409105186716,"(13,12)":272.48725382965387,"(8,11)":0.0,"(8,18)":17.367842417050365,"(6,19)":0.0,"(12,7)":0.0,"(12,18)":23.70861008963663,"(19,22)":62.89671924328771,"(20,22)":141.70650146948293,"(14,4)":373.99104303500894,"(3,15)":0.0,"(4,22)":5.12534304555002,"(2,4)":0.0,"(9,19)":0.0,"(18,16)":0.0,"(6,22)":0.0,"(19,2)":0.0,"(9,22)":0.0,"(22,1)":0.0,"(9,2)":0.0,"(14,21)":95.14431459938608,"(5,1)":0.0,"(15,20)":63.543101368354634,"(10,6)":0.0,"(11,12)":0.0,"(8,16)":16.479338450230657,"(1,18)":0.0,"(2,16)":0.0,"(7,13)":739.0832779867752,"(21,15)":0.0,"(8,15)":49.56561825473735,"(9,17)":0.0,"(19,16)":7.919012085730465,"(5,10)":0.0,"(18,10)":0.0,"(18,13)":0.0,"(21,10)":30.751657811173864,"(8,17)":54.033311687147915,"(8,20)":58.2522016584064,"(4,8)":0.0,"(11,20)":32.40369908928449,"(12,9)":0.0,"(7,8)":0.0,