{"(6,9)":0.0,"(18,3)":0.0,"(21,13)":2.6760914811710568,"(22,16)":0.0,"(15,17)":4.510474223230622,"(22,14)":0.0,"(13,9)":0.0,"(8,9)":0.0,"(17,14)":308.679768203739,"(9,1)":0.0,"(16,6)":0.0,"(16,12)":260.99252044635017,"(16,13)":504.89544879303355,"(22,2)":0.0,"(7,16)":403.61138194486995,"(1,12)":214.41540214070568,"(4,5)":0.0,"(11,8)":8.011023573091439,"(18,21)":0.0,"(19,4)":0.0,"(20,13)":2.476133042659135,"(15,4)":7.541161368312705,"(6,18)":0.0,"(5,16)":0.0,"(4,9)":0.0,"(8,4)":0.8562198406209768,"(1,22)":0.0,"(22,15)":0.0,"(1,2)":0.0,"(17,9)":0.0,"(19,20)":0.0,"(14,2)":0.0,"(6,11)":0.0,"(16,2)":0.0,"(8,21)":0.0,"(9,6)":0.0,"(8,2)":0.0,"(21,3)":0.0,"(13,19)":0.0,"(7,19)":0.0,"(8,12)":0.5957535100952933,"(11,4)":0.0,"(17,10)":0.0,"(1,17)":0.0,"(18,5)":0.0,"(2,5)":0.0,"(8,5)":0.6449195891505722,"(3,16)":0.0,"(14,13)":463.7288670018588,"(22,4)":0.0,"(3,9)":0.0,"(15,2)":0.0,"(19,6)":0.0,"(19,9)":0.0,"(18,12)":0.0,"(15,1)":0.0,"(14,6)":0.5402528873668416,"(14,18)":0.0,"(21,4)":0.0,"(22,7)":0.0,"(13,4)":145.38370487704657,"(16,20)":0.0,"(7,12)":267.8607352792615,"(10,22)":0.0,"(12,19)":0.0,"(4,10)":0.0,"(10,8)":3.6326491321198553,"(7,2)":0.0,"(11,15)":0.0,"(10,17)":0.0,"(3,13)":0.0,"(20,8)":1.0131172020561525,"(6,3)":5.093991912521965,"(1,7)":121.31513652870667,"(19,13)":0.0,"(21,20)":3.7109492715689956,"(8,8)":0.0,"(1,3)":11.41732929573185,"(4,15)":4.153114255395553,"(22,10)":0.0,"(21,9)":0.0,"(11,11)":0.0,"(12,15)":4.782884820547848,"(9,10)":0.0,"(12,5)":0.7075991310978607,"(12,2)":0.0,"(20,4)":1.8693370426771294,"(9,3)":0.0,"(16,4)":186.17657753064003,"(16,10)":0.0,"(17,19)":6.072711438958537,"(11,19)":0.0,"(16,19)":0.0,"(4,1)":302.06433669943266,"(13,20)":1.0348577903979388,"(5,15)":5.236761617113063,"(16,9)":0.0,"(4,17)":0.0,"(5,12)":0.4538767965652155,"(5,14)":0.0,"(17,11)":0.0,"(6,16)":0.0,"(22,22)":0.0,"(2,14)":0.0,"(11,9)":0.0,"(17,6)":0.0,"(20,12)":0.9504376601088641,"(21,11)":0.577648642751284,"(9,13)":0.0,"(20,15)":5.733322480656711,"(10,20)":0.0,"(11,10)":4.378374440971584,"(15,22)":0.0,"(2,17)":0.0,"(6,2)":0.0,"(21,14)":2.84505213125503,"(8,7)":0.0,"(4,20)":1.7296794815095506,"(3,17)":0.0,"(2,15)":0.0,"(12,21)":0.0,"(1,8)":0.0,"(22,8)":0.0,"(21,5)":0.0,"(1,13)":160.75401867357158,"(3,12)":0.0,"(3,14)":0.0,"(5,11)":0.0,"(15,9)":0.0,"(9,11)":0.0,"(6,15)":0.0,"(1,14)":219.46542933083268,"(7,14)":797.2091863958861,"(12,1)":100.73804288260094,"(8,10)":2.348821065948175,"(14,10)":0.0,"(10,5)":0.0,"(15,8)":6.684941527691729,"(15,19)":2.39170511478878,"(21,12)":0.0,"(22,20)":0.0,"(2,18)":0.0,"(20,10)":0.0,"(8,22)":0.0,"(16,15)":1.8577232799781707,"(1,15)":0.0,"(10,11)":4.536823274838855,"(12,16)":140.89674783303872,"(17,4)":4.4767034523829355e-15,"(3,1)":9.196894682843102,"(20,5)":1.6580367912067249,"(15,15)":0.0,"(16,21)":0.0,"(21,8)":0.0,"(16,3)":0.0,"(17,16)":166.70628803819997,"(12,8)":0.06267954194728831,"(13,7)":292.73951223295137,"(3,18)":0.0,"(6,17)":0.0,"(22,19)":0.0,"(6,5)":0.688015655901775,"(16,17)":116.5595015630142,"(18,18)":0.0,"(13,11)":0.0,"(13,18)":0.0,"(16,11)":0.0,"(2,13)":0.0,"(9,8)":0.0,"(3,4)":9.234821466843359,"(5,17)":9.747235840343683,"(5,20)":2.8133268432270593,"(10,19)":0.0,"(2,3)":0.8904143283040463,"(21,17)":0.0,"(13,3)":0.0,"(4,11)":0.0,"(6,20)":0.0,"(5,4)":0.21130025147040452,"(17,1)":11.235045271732883,"(2,1)":0.0,"(20,6)":0.0,"(20,11)":0.0,"(5,9)":0.0,"(1,4)":200.51832908513794,"(13,22)":0.0,"(19,19)":0.0,"(18,19)":0.0,"(9,18)":0.0,"(20,16)":0.0,"(3,21)":0.0,"(16,5)":0.0,"(11,22)":0.0,"(19,1)":0.0,"(13,1)":137.89386432261938,"(18,17)":0.0,"(17,18)":0.0,"(14,15)":0.0,"(2,11)":0.0,"(20,2)":0.0,"(10,10)":0.0,"(4,12)":288.80288492468776,"(2,22)":0.0,"(5,22)":0.0,"(6,12)":0.0,"(18,2)":0.0,"(16,7)":351.0027753872649,"(19,7)":0.0,"(7,21)":0.0,"(4,13)":213.1087052786736,"(6,1)":14.290886595365066,"(7,11)":0.0,"(11,6)":1.3792306442847146,"(12,13)":167.08754678083375,"(18,22)":0.0,"(21,18)":0.0,"(22,11)":0.0,"(7,15)":0.0,"(7,6)":2.9504634059702233,"(15,16)":0.0,"(21,16)":0.0,"(20,19)":0.0,"(11,16)":0.0,"(11,7)":0.0,"(8,14)":0.0,"(5,5)":0.0,"(2,7)":0.0,"(8,3)":7.717103484705422,"(5,21)":0.0,"(4,3)":6.8608836440844465,"(2,21)":0.0,"(9,7)":0.0,"(18,15)":0.0,"(14,3)":4.489816795645118,"(4,14)":331.8367258324148,"(18,7)":0.0,"(11,21)":0.0,"(2,10)":0.0,"(14,16)":445.742788783916,"(14,8)":0.0,"(11,2)":0.0,"(15,6)":0.0,"(19,18)":0.0,"(8,13)":0.0,"(17,22)":0.0,"(1,19)":0.0,"(18,20)":0.0,"(20,1)":0.0,"(3,10)":0.0,"(7,20)":0.0,"(6,14)":0.0,"(9,21)":0.0,"(13,15)":0.0,"(21,21)":0.0,"(17,15)":3.681006324169758,"(17,20)":12.662718356576043,"(20,21)":5.295817162698571,"(20,7)":0.0,"(11,1)":0.0,"(15,18)":0.0,"(19,17)":0.0,"(10,14)":0.0,"(1,10)":0.0,"(9,9)":0.0,"(13,16)":356.15072656340504,"(22,21)":0.0,"(12,17)":89.83354714185849,"(21,6)":0.0,"(12,14)":213.9119107964404,"(12,10)":0.0,"(19,14)":0.0,"(2,6)":0.0,"(13,14)":484.00793995068665,"(16,1)":143.32766926857292,"(16,14)":984.726506967099,"(10,4)":0.0,"(1,20)":0.0,"(6,21)":0.0,"(10,12)":0.0,"(15,11)":0.0,"(16,16)":0.0,"(17,17)":0.0,"(16,22)":0.0,"(17,13)":211.50587045991347,"(19,8)":0.0,"(17,3)":0.0,"(2,8)":0.0,"(5,8)":0.0,"(13,21)":2.819684120039434,"(17,12)":252.05579259203424,"(7,22)":0.0,"(5,19)":0.0,"(1,1)":0.0,"(22,12)":0.0,"(21,19)":0.0,"(17,8)":10.365947851861486,"(10,9)":0.0,"(10,21)":0.0,"(4,19)":0.0,"(11,5)":0.0,"(14,17)":140.73359742005022,"(22,6)":0.0,"(14,14)":0.0,"(2,2)":0.0,"(17,21)":0.0,"(5,18)":0.0,"(15,12)":6.62226198574444,"(10,16)":0.0,"(20,9)":0.0,"(7,1)":161.33578042646806,"(3,11)":0.0,"(5,13)":0.0,"(10,13)":0.0,"(11,17)":0.0,"(14,12)":361.9155269435754,"(21,22)":0.0,"(14,5)":0.0,"(12,11)":0.0,"(15,14)":0.0,"(1,16)":132.07818886605654,"(11,18)":0.0,"(21,1)":0.0,"(22,13)":0.0,"(2,20)":0.0,"(6,6)":0.0,"(16,8)":0.0,"(20,3)":0.0,"(10,2)":0.0,"(4,2)":0.0,"(15,21)":1.0199065882975826,"(1,6)":18.880487744955925,"(13,13)":0.0,"(19,10)":0.0,"(11,3)":5.614340341300035,"(3,19)":0.0,"(22,17)":0.0,"(22,9)":0.0,"(9,20)":0.0,"(8,6)":2.6231115721834573,"(4,6)":1.7668917315624808,"(15,5)":7.329861116842302,"(8,1)":0.0,"(13,2)":0.0,"(17,2)":0.0,"(14,9)":0.0,"(9,15)":0.0,"(15,7)":0.0,"(6,10)":0.0,"(6,4)":1.771663017619284,"(10,7)":0.0,"(5,2)":0.0,"(21,7)":0.0,"(8,19)":0.0,"(7,3)":7.763123241052281,"(12,12)":0.0,"(14,1)":169.66065293361618,"(10,3)":0.0,"(13,6)":0.0,"(15,3)":0.0,"(20,14)":0.0,"(1,5)":0.0,"(3,5)":8.15117410512585,"(3,8)":8.009297391595773,"(9,5)":0.0,"(14,19)":0.0,"(3,6)":7.463158449224077,"(19,5)":0.0,"(7,17)":87.87358216276405,"(12,4)":104.15009778824829,"(4,21)":0.0,"(4,4)":0.0,"(13,17)":139.23275899801916,"(19,12)":0.0,"(9,4)":0.0,"(20,17)":10.243796703887332,"(22,3)":0.0,"(13,12)":263.0102155914767,"(8,11)":0.0,"(8,18)":0.0,"(6,19)":0.0,"(12,7)":96.9356697134651,"(12,18)":0.0,"(19,22)":0.0,"(20,22)":0.0,"(14,4)":248.36772580000334,"(3,15)":0.0,"(4,22)":0.0,"(2,4)":0.0,"(9,19)":0.0,"(18,16)":0.0,"(6,22)":0.0,"(19,2)":0.0,"(9,22)":0.0,"(22,1)":0.0,"(9,2)":0.0,"(14,21)":2.693505766373143,"(5,1)":0.0,"(15,20)":8.981712032406284,"(10,6)":0.0,"(11,12)":0.0,"(8,16)":0.0,"(1,18)":0.0,"(2,16)":0.0,"(7,13)":673.394449696545,"(21,15)":0.0,"(8,15)":5.378638330643141,"(9,17)":0.0,"(19,16)":0.0,"(5,10)":0.0,"(18,10)":0.0,"(18,13)":0.0,"(21,10)":0.0,"(8,17)":9.889112553873762,"(8,20)":2.9552035567571373,"(4,8)":0.0,"(11,20)":0.0,"(12,9)":0.0,"(7,8)":0.0,"(14,22)":0.0,"(7,7)":0.0,"(18,1)":0.0,"(22,18)":0.0,"(7,9)":0.0,"(9,14)":0.0,"(4,18)":0.0,"(19,15)":0.0,"(20,20)":0.0,"(3,22)":0.0,"(5,7)":0.0,"(11,14)":0.0,"(12,6)":0.0,"(17,5)":11.010867441012058,"(18,6)":0.0,"(6,13)":0.0,"(11,13)":0.0,"(2,19)":0.0,"(19,11)":0.0,"(20,18)":0.0,"(13,5)":0.0,"(4,7)":150.74026897152874,"(6,8)":0.5461389423716972,"(21,2)":0.0,"(12,20)":2.359450046661844,"(7,5)":0.0,"(2,9)":0.0,"(3,2)":1.9953964374177535,"(14,11)":0.0,"(10,15)":0.0,"(3,7)":12.558935508069464,"(15,10)":0.0,"(15,13)":0.0,"(18,8)":0.0,"(14,7)":377.8925707631882,"(18,11)":0.0,"(9,16)":0.0,"(4,16)":209.2724651978386,"(14,20)":0.0,"(22,5)":0.0,"(5,6)":1.9781919830328853,"(2,12)":0.0,"(12,3)":0.0,"(9,12)":0.0,"(13,10)":0.0,