{"(16,1)":147.22313597546358,"(11,20)":164.85991780840664,"(2,8)":44.28744255973662,"(3,22)":60.71379636595083,"(20,1)":78.33099346729485,"(14,5)":181.90216053823872,"(19,5)":0.0,"(11,1)":65.48532245506264,"(9,6)":11.081538285813954,"(2,17)":3.1159287108767844,"(15,20)":166.74754822282125,"(8,12)":0.0,"(22,20)":19.945315915517988,"(8,9)":17.82380271096333,"(14,11)":21.01276820569334,"(15,22)":135.1415290803047,"(13,16)":532.1676814623552,"(19,2)":7.282334015251568,"(2,18)":6.199546409125748,"(11,17)":52.415381003660286,"(11,7)":73.83346314682484,"(3,3)":0.0,"(15,21)":37.890482923021196,"(4,1)":399.2493012416505,"(16,3)":0.0,"(13,7)":288.832671673003,"(14,13)":654.9787347171477,"(5,3)":67.51863402753166,"(11,13)":107.72066204378437,"(17,7)":229.55652154093406,"(1,3)":139.00451895459702,"(15,18)":115.84969027641017,"(1,8)":0.0,"(20,12)":28.006189068894287,"(13,17)":322.1982595380161,"(17,11)":0.0,"(12,22)":70.60778669923205,"(21,12)":14.17016433091262,"(10,19)":0.0,"(6,8)":146.21551630618293,"(8,8)":0.0,"(7,15)":0.0,"(5,4)":74.81867560460724,"(18,19)":0.0,"(1,16)":141.01551864402882,"(6,14)":24.88355387092716,"(6,10)":0.2626122722707934,"(15,4)":124.77531593782288,"(10,17)":73.13912039886542,"(17,15)":95.47179944707784,"(11,22)":0.0,"(11,8)":228.95803833675,"(9,13)":0.0,"(16,22)":0.0,"(10,13)":0.0,"(2,3)":35.56705402902548,"(3,6)":37.466665136735,"(5,12)":0.0,"(17,13)":309.45278426793107,"(15,17)":54.11796309735385,"(10,7)":0.0,"(14,4)":529.4191842623017,"(3,16)":0.9724657718825395,"(1,13)":97.48545558167389,"(16,9)":0.0,"(11,15)":158.2670080429354,"(18,22)":0.0,"(19,1)":0.0,"(15,7)":0.0,"(18,3)":5.210737475087019,"(12,7)":0.0,"(17,18)":0.0,"(5,13)":0.0,"(3,1)":9.517966493041037,"(13,3)":0.0,"(15,11)":87.64407092220979,"(16,12)":303.1147408529046,"(20,9)":5.782069834432925,"(2,1)":0.0,"(3,12)":0.0,"(21,22)":87.85935424678439,"(1,9)":0.0880936566828024,"(7,9)":0.2873254901943969,"(19,16)":0.0,"(19,4)":3.1641784121379812,"(9,15)":0.0,"(2,5)":0.25943808892380565,"(9,17)":0.0,"(2,19)":-1.7763568394002506e-16,"(2,11)":47.44869225731707,"(6,12)":0.0,"(9,14)":0.0,"(10,16)":21.82748130601765,"(17,9)":0.0,"(22,7)":6.25637438626658,"(1,2)":0.0,"(17,19)":118.0066905751736,"(22,6)":42.920221408846906,"(20,8)":0.0,"(21,20)":163.35201623685305,"(5,8)":46.554973102375165,"(13,11)":120.18466623552986,"(5,19)":0.0,"(4,17)":65.13694888697235,"(8,3)":89.36640627237057,"(17,21)":65.08092303409119,"(9,19)":0.0,"(7,2)":69.12715731289676,"(3,10)":0.0,"(12,2)":64.35972915986368,"(6,15)":0.0,"(11,21)":62.27759178418902,"(22,4)":71.26537609604968,"(15,2)":128.89347154093633,"(6,2)":81.73177133098392,"(5,11)":118.8686651082637,"(10,21)":29.374497497190603,"(21,19)":71.24755947552477,"(12,10)":0.0,"(13,18)":0.0,"(9,5)":31.014325575963223,"(1,18)":0.0,"(14,9)":39.60231374322689,"(22,16)":105.37787665062538,"(8,4)":96.6664478494461,"(17,4)":70.44517285071706,"(22,19)":0.0,"(17,2)":0.0,"(13,19)":0.0,"(10,4)":0.0,"(9,20)":0.0,"(20,17)":224.71309430671727,"(20,10)":52.813546322148184,"(10,9)":0.0,"(3,2)":0.0,"(4,20)":118.56853465945136,"(1,20)":0.9735128921688496,"(9,22)":0.0,"(7,16)":491.4065865693342,"(10,8)":80.18079555381495,"(16,18)":0.0,"(7,10)":0.0,"(17,17)":0.0,"(17,14)":349.45266278017533,"(8,16)":90.33194468658442,"(4,4)":0.0,"(12,4)":191.32048715675006,"(19,9)":0.0,"(21,11)":110.50854509418907,"(20,14)":260.5596135767797,"(22,2)":75.38353169916331,"(16,20)":40.225349665663174,"(9,16)":0.0,"(21,16)":157.9726379345859,"(14,21)":176.03948846510377,"(4,2)":4.118155603113569,"(14,1)":345.801206660756,"(14,12)":478.06095537582917,"(7,22)":0.0,"(10,2)":0.0,"(14,7)":581.4540737525182,"(3,19)":0.0,"(10,20)":16.08267502547161,"(13,2)":0.0,"(11,19)":72.75546104707844,"(17,12)":466.97338422815056,"(7,12)":191.45504736566122,"(13,20)":57.13925576462226,"(22,8)":4.559335485415357,"(17,16)":233.21212247370818,"(9,21)":0.0,"(8,1)":86.7496786910965,"(22,5)":93.3123035719871,"(8,5)":21.847772244838833,"(16,6)":0.0,"(6,21)":1.4421647199413579,"(4,11)":53.05396638880053,"(19,14)":114.24306059392039,"(15,10)":0.0,"(21,1)":1.4142547703490957,"(4,13)":244.94423174895624,"(5,1)":64.90190644625766,"(6,19)":0.0,"(12,12)":0.0,"(11,12)":15.67806590246628,"(21,10)":67.7852402529354,"(11,5)":160.8893923325453,"(18,14)":0.0,"(14,10)":17.287208588107024,"(14,20)":108.53517288176957,"(18,13)":0.0,"(7,8)":133.61090228809573,"(13,13)":0.0,"(18,21)":0.0,"(11,10)":148.77724278293502,"(8,10)":79.62864796337995,"(12,19)":0.0,"(13,12)":286.32081585868207,"(21,9)":16.26106915469091,"(11,9)":18.589545537533567,"(4,21)":0.0,"(22,3)":0.0,"(6,16)":0.1870334849343606,"(7,7)":0.0,"(1,15)":41.348649190889546,"(12,21)":0.0,"(19,12)":0.0,"(3,17)":43.74160881553425,"(12,13)":125.78082870560723,"(3,13)":0.0,"(5,7)":80.55461184658428,"(16,2)":0.0,"(1,21)":0.0,"(16,5)":0.0,"(4,9)":18.03075422818707,"(20,3)":0.0,"(13,14)":791.4014702353363,"(14,3)":76.9801241677149,"(9,3)":0.0,"(7,5)":87.05592918572057,"(9,1)":0.0,"(21,3)":0.0,"(22,9)":0.0,"(19,21)":15.355591794925452,"(12,1)":202.68788679840065,"(19,3)":0.0,"(10,15)":9.489765260000402,"(16,4)":285.3098271770089,"(14,17)":370.03196808457517,"(17,20)":262.21934766989915,"(7,6)":36.66384702258034,"(18,4)":35.19293755511344,"(14,14)":0.0,"(4,6)":47.229912630308014,"(6,9)":45.66483124232969,"(10,5)":0.0,"(2,4)":4.574521208217884,"(18,12)":44.14703883259821,"(18,6)":51.32540892596999,"(7,14)":976.7723341807649,"(8,21)":109.00314546057052,"(7,17)":155.95963024499537,"(22,22)":0.0,"(1,12)":208.42977185042042,"(1,7)":148.4322824746947,"(19,22)":112.60663795220898,"(15,12)":64.53374238107268,"(18,18)":0.0,"(19,10)":0.0,"(20,21)":161.67214477778467,"(19,11)":65.109179794114,"(9,10)":0.0,"(1,11)":3.75263171668071,"(15,16)":61.109123971062104,"(2,2)":0.0,"(8,15)":90.34177037985951,"(12,15)":142.58894214046921,"(9,8)":0.0,"(19,6)":0.0,"(12,18)":51.315947895337494,"(18,5)":57.239865031050776,"(15,15)":0.0,"(8,2)":100.78460345255962,"(12,11)":23.11032854113706,"(8,6)":143.89636047975412,"(17,5)":145.4284397802934,"(5,18)":65.8930499431946,"(14,2)":163.97338866541494,"(8,14)":207.89061425956544,"(6,7)":100.33139729016244,"(18,2)":39.31109315822701,"(3,15)":0.0,"(2,12)":0.0,"(19,13)":0.0,"(15,6)":0.0,"(1,5)":0.0,"(13,10)":0.0,"(5,17)":191.01470657958862,"(6,20)":0.0,"(2,15)":134.62921293959616,"(13,4)":214.15672778278613,"(22,14)":0.0,"(12,3)":0.0,"(16,10)":0.0,"(2,20)":94.25407664087544,"(22,12)":0.0,"(20,11)":211.42573277697326,"(2,6)":26.750558652969445,"(16,16)":0.0,"(5,10)":0.0,"(3,7)":137.79806242689742,"(21,2)":12.393129981539637,"(16,8)":37.87103458612188,"(10,12)":0.0,"(22,15)":13.352406150046784,"(4,5)":22.046927475937366,"(17,1)":1.032157649171795,"(5,21)":0.0,"(1,4)":173.62942863271758,"(19,7)":0.0,"(13,1)":120.9675893812409,"(5,14)":5.106768427349005,"(9,9)":0.0,"(13,21)":70.43107823634129,"(7,3)":0.0,"(6,6)":0.0,"(2,21)":0.0,"(18,11)":52.97561516506914,"(11,4)":138.84246485660796,"(16,17)":213.46714607566105,"(12,14)":362.0637973409435,"(4,15)":158.9436709581721,"(12,8)":0.0,"(7,4)":330.5687657097832,"(21,13)":106.21276047223071,"(18,17)":0.0,"(13,8)":41.75327533451966,"(15,8)":28.108868088376756,"(5,5)":0.0,"(12,9)":0.0,"(14,6)":131.51007837509852,"(6,1)":0.0,"(14,18)":124.66229550718786,"(19,20)":45.136410697136355,"(20,2)":92.36591822875808,"(8,18)":87.74082218803346,"(17,6)":0.9928918946973568,"(10,22)":126.62554365447414,"(3,9)":82.55414481760617,"(21,5)":23.118113330954234,"(4,10)":0.0,"(7,11)":38.3140532616795,"(11,2)":142.9606204597216,"(6,3)":-8.881784197001253e-17,"(20,15)":170.59513120936344,"(12,16)":172.4662861679624,"(1,1)":0.0,"(4,16)":320.0146284113114,"(5,2)":78.93683120772079,"(9,7)":0.0,"(21,18)":8.984319774454638,"(1,10)":0.0,"(14,16)":691.8561596089138,"(4,19)":0.0,"(5,16)":0.0,"(3,18)":167.61412658156712,"(4,3)":0.0,"(8,17)":144.45973347721335,"(18,7)":27.575742960892587,"(21,6)":24.484508196437982,"(13,9)":0.0,"(8,13)":38.57206722422931,"(6,17)":32.757853033500346,"(14,8)":93.14919245166693,"(4,12)":383.8649256177029,"(14,19)":16.430716120441343,