{"(6,9)":0.0,"(18,3)":0.0,"(21,13)":2.673797834101295,"(22,16)":0.0,"(15,17)":4.5066083479202526,"(22,14)":0.0,"(13,9)":0.0,"(8,9)":0.0,"(17,14)":308.41520234311105,"(9,1)":0.0,"(16,6)":0.0,"(16,12)":260.7688267744546,"(16,13)":504.46270874105545,"(22,2)":0.0,"(7,16)":403.26545129562504,"(1,12)":214.2316291784239,"(4,5)":0.0,"(11,8)":8.004157417403754,"(18,21)":0.0,"(19,4)":0.0,"(20,13)":2.4740107776552684,"(15,4)":7.534697926088577,"(6,18)":0.0,"(5,16)":0.0,"(4,9)":0.0,"(8,4)":0.8554859844944842,"(1,22)":0.0,"(22,15)":0.0,"(1,2)":0.0,"(17,9)":0.0,"(19,20)":0.0,"(14,2)":0.0,"(6,11)":0.0,"(16,2)":0.0,"(8,21)":0.0,"(9,6)":0.0,"(8,2)":0.0,"(21,3)":0.0,"(13,19)":0.0,"(7,19)":0.0,"(8,12)":0.5952428966493986,"(11,4)":0.0,"(17,10)":0.0,"(1,17)":0.0,"(18,5)":0.0,"(2,5)":0.0,"(8,5)":0.6443668360267367,"(3,16)":0.0,"(14,13)":463.3314103512,"(22,4)":0.0,"(3,9)":0.0,"(15,2)":0.0,"(19,6)":0.0,"(19,9)":0.0,"(18,12)":0.0,"(15,1)":0.0,"(14,6)":0.5397898428630352,"(14,18)":0.0,"(21,4)":0.0,"(22,7)":0.0,"(13,4)":145.25909818440223,"(16,20)":0.0,"(7,12)":267.6311549398373,"(10,22)":0.0,"(12,19)":0.0,"(4,10)":0.0,"(10,8)":3.6295356305463917,"(7,2)":0.0,"(11,15)":0.0,"(10,17)":0.0,"(3,13)":0.0,"(20,8)":1.012248871015091,"(6,3)":5.089625910946251,"(1,7)":121.2111587277329,"(19,13)":0.0,"(21,20)":3.7077686598512516,"(8,8)":0.0,"(1,3)":11.40754363479017,"(4,15)":4.149554669182116,"(22,10)":0.0,"(21,9)":0.0,"(11,11)":0.0,"(12,15)":4.778785465263903,"(9,10)":0.0,"(12,5)":0.7069926560632709,"(12,2)":0.0,"(20,4)":1.8677348555095752,"(9,3)":0.0,"(16,4)":186.0170077384577,"(16,10)":0.0,"(17,19)":6.067506588191859,"(11,19)":0.0,"(16,19)":0.0,"(4,1)":301.8054408486649,"(13,20)":1.0339708257499562,"(5,15)":5.2322732492741295,"(16,9)":0.0,"(4,17)":0.0,"(5,12)":0.45348778401022655,"(5,14)":0.0,"(17,11)":0.0,"(6,16)":0.0,"(22,22)":0.0,"(2,14)":0.0,"(11,9)":0.0,"(17,6)":0.0,"(20,12)":0.9496230509785567,"(21,11)":0.5771535467778763,"(9,13)":0.0,"(20,15)":5.728408516242459,"(10,20)":0.0,"(11,10)":4.374621786857361,"(15,22)":0.0,"(2,17)":0.0,"(6,2)":0.0,"(21,14)":2.842613669965464,"(8,7)":0.0,"(4,20)":1.7281969932230683,"(3,17)":0.0,"(2,15)":0.0,"(12,21)":0.0,"(1,8)":0.0,"(22,8)":0.0,"(21,5)":0.0,"(1,13)":160.6162382626711,"(3,12)":0.0,"(3,14)":0.0,"(5,11)":0.0,"(15,9)":0.0,"(9,11)":0.0,"(6,15)":0.0,"(1,14)":219.2773280486305,"(7,14)":796.5259076188976,"(12,1)":100.65170147069595,"(8,10)":2.346807918567672,"(14,10)":0.0,"(10,5)":0.0,"(15,8)":6.679211941594093,"(15,19)":2.389655211985805,"(21,12)":0.0,"(22,20)":0.0,"(2,18)":0.0,"(20,10)":0.0,"(8,22)":0.0,"(16,15)":1.856131046832357,"(1,15)":0.0,"(10,11)":4.532934816060978,"(12,16)":140.77598685940237,"(17,4)":4.47286652160983e-15,"(3,1)":9.189012130737305,"(20,5)":1.6566157070418277,"(15,15)":0.0,"(16,21)":0.0,"(21,8)":0.0,"(16,3)":0.0,"(17,16)":166.56340600604227,"(12,8)":0.06262582003653416,"(13,7)":292.48860858142797,"(3,18)":0.0,"(6,17)":0.0,"(22,19)":0.0,"(6,5)":0.687425965637368,"(16,17)":116.45959976178881,"(18,18)":0.0,"(13,11)":0.0,"(13,18)":0.0,"(16,11)":0.0,"(2,13)":0.0,"(9,8)":0.0,"(3,4)":9.226906408129473,"(5,17)":9.73888159719438,"(5,20)":2.810915573315081,"(10,19)":0.0,"(2,3)":0.8896511644774888,"(21,17)":0.0,"(13,3)":0.0,"(4,11)":0.0,"(6,20)":0.0,"(5,4)":0.21111914846774749,"(17,1)":11.225415844320755,"(2,1)":0.0,"(20,6)":0.0,"(20,11)":0.0,"(5,9)":0.0,"(1,4)":200.34646714350566,"(13,22)":0.0,"(19,19)":0.0,"(18,19)":0.0,"(9,18)":0.0,"(20,16)":0.0,"(3,21)":0.0,"(16,5)":0.0,"(11,22)":0.0,"(19,1)":0.0,"(13,1)":137.77567708572295,"(18,17)":0.0,"(17,18)":0.0,"(14,15)":0.0,"(2,11)":0.0,"(20,2)":0.0,"(10,10)":0.0,"(4,12)":288.55535531091823,"(2,22)":0.0,"(5,22)":0.0,"(6,12)":0.0,"(18,2)":0.0,"(16,7)":350.7019349664834,"(19,7)":0.0,"(7,21)":0.0,"(4,13)":212.92605227116533,"(6,1)":14.278638041683555,"(7,11)":0.0,"(11,6)":1.378048521645019,"(12,13)":166.94433797621554,"(18,22)":0.0,"(21,18)":0.0,"(22,11)":0.0,"(7,15)":0.0,"(7,6)":2.947934597895777,"(15,16)":0.0,"(21,16)":0.0,"(20,19)":0.0,"(11,16)":0.0,"(11,7)":0.0,"(8,14)":0.0,"(5,5)":0.0,"(2,7)":0.0,"(8,3)":7.710489244527431,"(5,21)":0.0,"(4,3)":6.855003260032947,"(2,21)":0.0,"(9,7)":0.0,"(18,15)":0.0,"(14,3)":4.485968625577109,"(4,14)":331.55231241112483,"(18,7)":0.0,"(11,21)":0.0,"(2,10)":0.0,"(14,16)":445.36074779295774,"(14,8)":0.0,"(11,2)":0.0,"(15,6)":0.0,"(19,18)":0.0,"(8,13)":0.0,"(17,22)":0.0,"(1,19)":0.0,"(18,20)":0.0,"(20,1)":0.0,"(3,10)":0.0,"(7,20)":0.0,"(6,14)":0.0,"(9,21)":0.0,"(13,15)":0.0,"(21,21)":0.0,"(17,15)":3.6778513762060543,"(17,20)":12.651865287068468,"(20,21)":5.291278179034267,"(20,7)":0.0,"(11,1)":0.0,"(15,18)":0.0,"(19,17)":0.0,"(10,14)":0.0,"(1,10)":0.0,"(9,9)":0.0,"(13,16)":355.84547389318686,"(22,21)":0.0,"(12,17)":89.75655184718416,"(21,6)":0.0,"(12,14)":213.72856937076884,"(12,10)":0.0,"(19,14)":0.0,"(2,6)":0.0,"(13,14)":483.5931023410532,"(16,1)":143.20482478027844,"(16,14)":983.8825092625686,"(10,4)":0.0,"(1,20)":0.0,"(6,21)":0.0,"(10,12)":0.0,"(15,11)":0.0,"(16,16)":0.0,"(17,17)":0.0,"(16,22)":0.0,"(17,13)":211.3245912235977,"(19,8)":0.0,"(17,3)":0.0,"(2,8)":0.0,"(5,8)":0.0,"(13,21)":2.8172674013789973,"(17,12)":251.8397584862636,"(7,22)":0.0,"(5,19)":0.0,"(1,1)":0.0,"(22,12)":0.0,"(21,19)":0.0,"(17,8)":10.357063317800147,"(10,9)":0.0,"(10,21)":0.0,"(4,19)":0.0,"(11,5)":0.0,"(14,17)":140.6129762807466,"(22,6)":0.0,"(14,14)":0.0,"(2,2)":0.0,"(17,21)":0.0,"(5,18)":0.0,"(15,12)":6.6165861215575585,"(10,16)":0.0,"(20,9)":0.0,"(7,1)":161.19750139429502,"(3,11)":0.0,"(5,13)":0.0,"(10,13)":0.0,"(11,17)":0.0,"(14,12)":361.6053333295992,"(21,22)":0.0,"(14,5)":0.0,"(12,11)":0.0,"(15,14)":0.0,"(1,16)":131.96498617735793,"(11,18)":0.0,"(21,1)":0.0,"(22,13)":0.0,"(2,20)":0.0,"(6,6)":0.0,"(16,8)":0.0,"(20,3)":0.0,"(10,2)":0.0,"(4,2)":0.0,"(15,21)":1.0190324381520668,"(1,6)":18.864305497190262,"(13,13)":0.0,"(19,10)":0.0,"(11,3)":5.609528355101853,"(3,19)":0.0,"(22,17)":0.0,"(22,9)":0.0,"(9,20)":0.0,"(8,6)":2.620863333581179,"(4,6)":1.7653773490866953,"(15,5)":7.323578777620831,"(8,1)":0.0,"(13,2)":0.0,"(17,2)":0.0,"(14,9)":0.0,"(9,15)":0.0,"(15,7)":0.0,"(6,10)":0.0,"(6,4)":1.770144545729381,"(10,7)":0.0,"(5,2)":0.0,"(21,7)":0.0,"(8,19)":0.0,"(7,3)":7.756469557873166,"(12,12)":0.0,"(14,1)":169.51523874946253,"(10,3)":0.0,"(13,6)":0.0,"(15,3)":0.0,"(20,14)":0.0,"(1,5)":0.0,"(3,5)":8.144187828037461,"(3,8)":8.002432715398289,"(9,5)":0.0,"(14,19)":0.0,"(3,6)":7.456761862400095,"(19,5)":0.0,"(7,17)":87.79826673141382,"(12,4)":104.06083194353103,"(4,21)":0.0,"(4,4)":0.0,"(13,17)":139.11342420997565,"(19,12)":0.0,"(9,4)":0.0,"(20,17)":10.235016864162711,"(22,3)":0.0,"(13,12)":262.7847925763992,"(8,11)":0.0,"(8,18)":0.0,"(6,19)":0.0,"(12,7)":96.85258727164351,"(12,18)":0.0,"(19,22)":0.0,"(20,22)":0.0,"(14,4)":248.1548526936418,"(3,15)":0.0,"(4,22)":0.0,"(2,4)":0.0,"(9,19)":0.0,"(18,16)":0.0,"(6,22)":0.0,"(19,2)":0.0,"(9,22)":0.0,"(22,1)":0.0,"(9,2)":0.0,"(14,21)":2.6911971937208645,"(5,1)":0.0,"(15,20)":8.974013910862412,"(10,6)":0.0,"(11,12)":0.0,"(8,16)":0.0,"(1,18)":0.0,"(2,16)":0.0,"(7,13)":672.8172910989382,"(21,15)":0.0,"(8,15)":5.374028361913301,"(9,17)":0.0,"(19,16)":0.0,"(5,10)":0.0,"(18,10)":0.0,"(18,13)":0.0,"(21,10)":0.0,"(8,17)":9.880636709833553,"(8,20)":2.952670685954253,"(4,8)":0.0,"(11,20)":0.0,"(12,9)":0.0,"(7,8)":0.0,"(14,22)":0.0,"(7,7)":0.0,"(18,1)":0.0,"(22,18)":0.0,"(7,9)":0.0,"(9,14)":0.0,"(4,18)":0.0,"(19,15)":0.0,"(20,20)":0.0,"(3,22)":0.0,"(5,7)":0.0,"(11,14)":0.0,"(12,6)":0.0,"(17,5)":11.001430153826883,"(18,6)":0.0,"(6,13)":0.0,"(11,13)":0.0,"(2,19)":0.0,"(19,11)":0.0,"(20,18)":0.0,"(13,5)":0.0,"(4,7)":150.6110712297272,"(6,8)":0.545670852998196,"(21,2)":0.0,"(12,20)":2.3574277893048547,"(7,5)":0.0,"(2,9)":0.0,"(3,2)":1.9936862062003613,"(14,11)":0.0,"(10,15)":0.0,"(3,7)":12.548171389641492,"(15,10)":0.0,"(15,13)":0.0,"(18,8)":0.0,"(14,7)":377.5686834096675,"(18,11)":0.0,"(9,16)":0.0,"(4,16)":209.09310018735223,"(14,20)":0.0,"(22,5)":0.0,"(5,6)":1.9764964975544428,"(2,12)":0.0,"(12,3)":0.0,"(9,12)":0.0,"(13,10)":0.0,