{"(6,9)":0.0,"(18,3)":0.0,"(21,13)":28.63706070027226,"(22,16)":37.715720554062344,"(15,17)":0.0,"(22,14)":0.0,"(13,9)":16.36956583556267,"(8,9)":29.089627286008664,"(17,14)":542.1056659286995,"(9,1)":1.7857813909242393,"(16,6)":0.24839473969400006,"(16,12)":447.37434906672536,"(16,13)":826.8393580518508,"(22,2)":0.0,"(7,16)":736.1280110899197,"(1,12)":392.43892554063643,"(4,5)":30.285406473188182,"(11,8)":46.72963652505278,"(18,21)":0.0,"(19,4)":24.902298656135144,"(20,13)":30.524275109416187,"(15,4)":61.44592783586858,"(6,18)":5.650599244451593,"(5,16)":0.0,"(4,9)":0.0,"(8,4)":54.887835275175846,"(1,22)":0.0,"(22,15)":0.0,"(1,2)":0.0,"(17,9)":0.0,"(19,20)":6.803137917019202,"(14,2)":0.0,"(6,11)":51.07893747648183,"(16,2)":0.0,"(8,21)":5.143746891432825,"(9,6)":6.542520852280572,"(8,2)":61.08094913396819,"(21,3)":47.240440530531615,"(13,19)":0.0,"(7,19)":0.0,"(8,12)":9.226841419510063,"(11,4)":0.0,"(17,10)":0.0,"(1,17)":0.0,"(18,5)":6.298162391196338,"(2,5)":9.837920248773951,"(8,5)":13.345741233566896,"(3,16)":0.9432931395895988,"(14,13)":762.8717701665325,"(22,4)":0.0,"(3,9)":7.3342462878087105,"(15,2)":67.63904169466095,"(19,6)":18.16002056284891,"(19,9)":11.617499710568334,"(18,12)":38.9598158722593,"(15,1)":53.110287563106084,"(14,6)":62.93413616259045,"(14,18)":13.388793304680416,"(21,4)":0.0,"(22,7)":32.91488571372512,"(13,4)":348.50237774794135,"(16,20)":0.0,"(7,12)":482.3288809387591,"(10,22)":23.754622182686354,"(12,19)":0.0,"(4,10)":0.0,"(10,8)":19.462468614704505,"(7,2)":0.0,"(11,15)":0.0,"(10,17)":6.520905560147272,"(3,13)":0.0,"(20,8)":3.53689834492795,"(6,3)":0.0,"(1,7)":186.35689800914187,"(19,13)":0.0,"(21,20)":38.82254982482666,"(8,8)":0,"(1,3)":20.979381606653156,"(4,15)":76.1524233266832,"(22,10)":6.196672637670259,"(21,9)":45.006626535834926,"(11,11)":0,"(12,15)":13.205363372432064,"(9,10)":0.0,"(12,5)":7.46949093531296,"(12,2)":55.20469883571426,"(20,4)":58.42473362010379,"(9,3)":2.233813994696683,"(16,4)":438.71774979979205,"(16,10)":0.0,"(17,19)":24.84706872261722,"(11,19)":0.0,"(16,19)":0.0,"(4,1)":503.12194772723757,"(13,20)":10.185489124554397,"(5,15)":45.86701685349504,"(16,9)":0.0,"(4,17)":56.42363715134271,"(5,12)":32.66165348106296,"(5,14)":0.0,"(17,11)":0.0,"(6,16)":0.0,"(22,22)":0,"(2,14)":0.0,"(11,9)":0.0,"(17,6)":0.0,"(20,12)":9.41314864318189,"(21,11)":32.77199901362102,"(9,13)":0.0,"(20,15)":22.61851201561395,"(10,20)":0.0,"(11,10)":27.267167910348284,"(15,22)":60.27868200878158,"(2,17)":0.0,"(6,2)":33.322832863110655,"(21,14)":22.735321139594053,"(8,7)":0.0,"(4,20)":93.85948419205711,"(3,17)":6.756192150749478,"(2,15)":55.70493710226897,"(12,21)":13.094019369093308,"(1,8)":0.0,"(22,8)":25.659141252374766,"(21,5)":8.301966921401789,"(1,13)":298.47651093302636,"(3,12)":0.0,"(3,14)":62.44693255201878,"(5,11)":0.11452825421314175,"(15,9)":19.273433851557172,"(9,11)":2.4255162264007795,"(6,15)":0.0,"(1,14)":404.6397337066997,"(7,14)":1327.829679697558,"(12,1)":231.12979770415936,"(8,10)":14.726781666611222,"(14,10)":10.39996838269785,"(10,5)":0.0,"(15,8)":6.5580925606927565,"(15,19)":7.65593414098884,"(21,12)":0.0,"(22,20)":14.375441546059431,"(2,18)":0.0,"(20,10)":32.530995325581415,"(8,22)":38.481403849297585,"(16,15)":36.95010422029488,"(1,15)":18.55670791306847,"(10,11)":13.711741352784639,"(12,16)":273.4619363230829,"(17,4)":144.02273096812715,"(3,1)":0.6421799263640594,"(20,5)":16.882639578494853,"(15,15)":0,"(16,21)":0.5745299992893241,"(21,8)":50.10624953114199,"(16,3)":0.0,"(17,16)":265.40095216833504,"(12,8)":0.0,"(13,7)":570.8251919840055,"(3,18)":26.163086700388526,"(6,17)":2.7705321078506673,"(22,19)":0.0,"(6,5)":57.415125477506486,"(16,17)":208.54812263866648,"(18,18)":0,"(13,11)":32.41120989477407,"(13,18)":0.0,"(16,11)":2.9791436343914324,"(2,13)":0.0,"(9,8)":1.4139229116215626,"(3,4)":47.64220646025524,"(5,17)":43.36050305873201,"(5,20)":63.57407771886893,"(10,19)":0.0,"(2,3)":5.777032561641119,"(21,17)":59.16250850497393,"(13,3)":18.603379830259353,"(4,11)":0.0,"(6,20)":0.0,"(5,4)":41.542094041608934,"(17,1)":217.72873744667265,"(2,1)":0.0,"(20,6)":53.43636179725943,"(20,11)":62.935485004190255,"(5,9)":0.0,"(1,4)":306.43484758638516,"(13,22)":57.37481399278708,"(19,19)":0,"(18,19)":0.0,"(9,18)":0.0,"(20,16)":41.29075327545136,"(3,21)":1.4979073888552537,"(16,5)":0.0,"(11,22)":25.855789591639976,"(19,1)":16.56665838337262,"(13,1)":392.48823022648696,"(18,17)":0.0,"(17,18)":0.0,"(14,15)":0.0,"(2,11)":0.0,"(20,2)":64.61784747889614,"(10,10)":0,"(4,12)":522.3348059542512,"(2,22)":0.0,"(5,22)":7.685237133963469,"(6,12)":0.0,"(18,2)":0.0,"(16,7)":688.7695820358562,"(19,7)":0.0,"(7,21)":0.0,"(4,13)":393.4019193466412,"(6,1)":0.0,"(7,11)":21.69895007795796,"(11,6)":52.89745828856349,"(12,13)":269.03848315704795,"(18,22)":6.936542036597893,"(21,18)":2.003804530205451,"(22,11)":5.833382128999377,"(7,15)":0.0,"(7,6)":25.81595470383775,"(15,16)":0.0,"(21,16)":39.40353886630743,"(20,19)":4.634739925224039,"(11,16)":63.571510145702334,"(11,7)":27.081503584725745,"(8,14)":3.5267465330115777,"(5,5)":0,"(2,7)":0.0,"(8,3)":55.51144764242207,"(5,21)":0.0,"(4,3)":0.6236123672462328,"(2,21)":0.0,"(9,7)":0.0,"(18,15)":52.16517924469137,"(14,3)":58.62542930500658,"(4,14)":594.8235541203145,"(18,7)":0.0,"(11,21)":21.217447613428913,"(2,10)":0.0,"(14,16)":807.8593845261024,"(14,8)":29.862436997402362,"(11,2)":0.0,"(15,6)":25.815954703837754,"(19,18)":0.0,"(8,13)":0.0,"(17,22)":0.0,"(1,19)":0.5729358226785557,"(18,20)":0.0,"(20,1)":50.089093347341255,"(3,10)":0.23528659060220636,"(7,20)":0.0,"(6,14)":41.934445096081845,"(9,21)":0.0,"(13,15)":0.0,"(21,21)":0,"(17,15)":17.19113458162838,"(17,20)":60.537901678381026,"(20,21)":53.148769321461685,"(20,7)":27.620407093421676,"(11,1)":48.14071882720716,"(15,18)":20.65252889162521,"(19,17)":0.0,"(10,14)":0.0,"(1,10)":0.0,"(9,9)":0,"(13,16)":611.2762331660352,"(22,21)":26.158644248801334,"(12,17)":138.53230157766905,"(21,6)":51.54914738811549,"(12,14)":375.1185421777949,"(12,10)":0.0,"(19,14)":17.622465895752768,"(2,6)":0.0,"(13,14)":799.9781860207471,"(16,1)":426.5816612783376,"(16,14)":1614.3230027603643,"(10,4)":0.0,"(1,20)":36.263768778442355,"(6,21)":0.0,"(10,12)":0.0,"(15,11)":35.315077910768565,"(16,16)":0,"(17,17)":0,"(16,22)":0.0,"(17,13)":361.97577722018576,"(19,8)":0.0,"(17,3)":0.0,"(2,8)":33.27273231032686,"(5,8)":23.43481206155291,"(13,21)":22.624494212045487,"(17,12)":413.33528044057516,"(7,22)":47.554739669597936,"(5,19)":27.88324476310513,"(1,1)":0,"(22,12)":0.0,"(21,19)":4.900027035933607,"(17,8)":23.749227142321136,"(10,9)":14.362845619397438,"(10,21)":1.2626207982530473,"(4,19)":58.1686512362933,"(11,5)":9.650277821849786,"(14,17)":347.29333516476885,"(22,6)":58.73084041756286,"(14,14)":0,"(2,2)":0,"(17,21)":0.0,"(5,18)":1.424544363393639,"(15,12)":12.43434285894669,"(10,16)":0.7080065489873925,"(20,9)":46.89384094497886,"(7,1)":323.50645824248136,"(3,11)":71.59142493241879,"(5,13)":0.0,"(10,13)":0.0,"(11,17)":83.3304797843688,"(14,12)":608.9314711814071,"(21,22)":57.73560311163404,"(14,5)":19.686955695876755,"(12,11)":22.880735051821887,"(15,14)":25.278400036741605,"(1,16)":298.95572109906146,"(11,18)":3.3521154306534453,"(21,1)":46.79240792675917,"(22,13)":4.189952421505031,"(2,20)":73.41199796764288,"(6,6)":0,"(16,8)":0.0,"(20,3)":49.12765493967554,"(10,2)":0.0,"(4,2)":6.193113858792354,"(15,21)":25.52836222804,"(1,6)":41.491869062590105,"(13,13)":0,"(19,10)":0.0,"(11,3)":48.588751430979606,"(3,19)":0.0,"(22,17)":57.474690192728865,"(22,9)":0.0,"(9,20)":0.0,"(8,6)":59.82015450000595,"(4,6)":4.9323192248301195,"(15,5)":19.90383379425965,"(8,1)":46.55219500241331,"(13,2)":0.0,"(17,2)":0.0,"(14,9)":0.0,"(9,15)":0.0,"(15,7)":0.0,"(6,10)":0.0,"(6,4)":27.129719004318307,"(10,7)":0.0,"(5,2)":47.73520790040129,"(21,7)":25.73319268427775,"(8,19)":4.4484327015522105,"(7,3)":21.50724784625386,"(12,12)":0,"(14,1)":382.30629170123416,"(10,3)":16.596659614094126,"(13,6)":22.912086687843235,"(15,3)":21.50724784625386,"(20,14)":52.89880713016329,"(1,5)":0.0,