{"(6,9)":5.507132520116008,"(18,3)":0.0,"(21,13)":43.86687962867125,"(22,16)":55.884457178746416,"(15,17)":0.0,"(22,14)":0.0,"(13,9)":0.0018335009082821412,"(8,9)":28.50237610334109,"(17,14)":494.2855452997817,"(9,1)":0.0,"(16,6)":0.0,"(16,12)":417.2527600690739,"(16,13)":817.0808937478366,"(22,2)":22.110013570470805,"(7,16)":698.7228920797013,"(1,12)":426.6083145535308,"(4,5)":39.03065683260137,"(11,8)":59.34222981263705,"(18,21)":0.0,"(19,4)":57.86564403711494,"(20,13)":36.74120954532595,"(15,4)":106.80427332559725,"(6,18)":41.046401860276774,"(5,16)":0.0,"(4,9)":0.0,"(8,4)":49.51297542534296,"(1,22)":0.0,"(22,15)":0.0,"(1,2)":0.0,"(17,9)":0.0,"(19,20)":-6.938893903907228e-18,"(14,2)":41.493208248385464,"(6,11)":116.6660516187052,"(16,2)":0.0,"(8,21)":41.69066375959551,"(9,6)":20.929281204073682,"(8,2)":79.9965556927954,"(21,3)":43.27607223314249,"(13,19)":0.0,"(7,19)":0.0,"(8,12)":35.35069156862103,"(11,4)":1.5424340243033818,"(17,10)":0.0,"(1,17)":0.0,"(18,5)":14.579694643412726,"(2,5)":51.52049542917152,"(8,5)":0.0,"(3,16)":1.2049174677668875,"(14,13)":758.7781451178855,"(22,4)":0.0,"(3,9)":12.215113304496828,"(15,2)":137.2878535930496,"(19,6)":18.645183566149466,"(19,9)":0.0,"(18,12)":51.62389447594268,"(15,1)":114.6454465187526,"(14,6)":113.24093166927658,"(14,18)":35.46059017012169,"(21,4)":0.0,"(22,7)":40.44933529147219,"(13,4)":309.2365770430326,"(16,20)":0.0,"(7,12)":426.6965550279198,"(10,22)":55.69912433529627,"(12,19)":4.275729736897252,"(4,10)":0.0,"(10,8)":17.579080848799993,"(7,2)":0.0,"(11,15)":0.0,"(10,17)":19.674414855600816,"(3,13)":0.0,"(20,8)":60.457971957814856,"(6,3)":0.0,"(1,7)":190.65954497010966,"(19,13)":6.300180834773333,"(21,20)":65.5373320136839,"(8,8)":0.0,"(1,3)":27.106846483116012,"(4,15)":80.00429169711627,"(22,10)":0.0,"(21,9)":35.28260115597372,"(11,11)":0.0,"(12,15)":3.929435031984949,"(9,10)":0.0,"(12,5)":40.25732495429986,"(12,2)":124.05460215300572,"(20,4)":109.97094738315784,"(9,3)":7.993471077168777,"(16,4)":389.69348479086904,"(16,10)":0.0,"(17,19)":42.94952654827863,"(11,19)":5.850826522605554,"(16,19)":0.0,"(4,1)":519.2987611931555,"(13,20)":21.670452385012627,"(5,15)":40.97363486451491,"(16,9)":0.0,"(4,17)":1.1935949337837024,"(5,12)":37.04419983252996,"(5,14)":0.0,"(17,11)":0.0,"(6,16)":0.5245014718192852,"(22,22)":0.0,"(2,14)":0.0,"(11,9)":0.0,"(17,6)":0.0,"(20,12)":16.39992549760451,"(21,11)":41.95731496079463,"(9,13)":0.0,"(20,15)":20.32936052958947,"(10,20)":9.817336701341635,"(11,10)":41.763148963837054,"(15,22)":99.58903790014607,"(2,17)":0.0,"(6,2)":62.90779857444812,"(21,14)":32.49012100416499,"(8,7)":0.0,"(4,20)":111.55539229061928,"(3,17)":11.006857153703725,"(2,15)":92.49413029368644,"(12,21)":41.56085214313604,"(1,8)":4.17004198490981,"(22,8)":0.0,"(21,5)":-2.220446049250313e-16,"(1,13)":267.50995667679206,"(3,12)":0.0,"(3,14)":112.65149710035942,"(5,11)":6.410864972126777,"(15,9)":15.22488353901696,"(9,11)":18.76858946334721,"(6,15)":0.0,"(1,14)":430.51418543611976,"(7,14)":1349.4014844660098,"(12,1)":291.86604807870884,"(8,10)":30.7864737412653,"(14,10)":0.0011623609465280101,"(10,5)":0.0,"(15,8)":57.29129790025425,"(15,19)":17.50898117694117,"(21,12)":0.0,"(22,20)":6.586880824983314,"(2,18)":0.0,"(20,10)":30.441028710552622,"(8,22)":86.48559807656159,"(16,15)":44.1135371437098,"(1,15)":43.45016858551579,"(10,11)":16.10522523143402,"(12,16)":291.4324039446895,"(17,4)":73.86250534577616,"(3,1)":0.0,"(20,5)":56.65725045190439,"(15,15)":0.0,"(16,21)":1.722887808733041,"(21,8)":55.14577964269791,"(16,3)":0.0,"(17,16)":244.264991554907,"(12,8)":44.058046460210335,"(13,7)":532.6656610314864,"(3,18)":54.15329483508415,"(6,17)":8.892614035840342,"(22,19)":0.0,"(6,5)":71.45487513959706,"(16,17)":207.46214477237237,"(18,18)":0.0,"(13,11)":32.780633688118314,"(13,18)":0.0,"(16,11)":0.0,"(2,13)":0.0,"(9,8)":0.0,"(3,4)":45.531111281803085,"(5,17)":36.45204334236873,"(5,20)":72.52473545801791,"(10,19)":0.0,"(2,3)":3.417722104432549,"(21,17)":71.17043177406242,"(13,3)":0.0,"(4,11)":0.0,"(6,20)":0.48834764870243386,"(5,4)":53.31369693125343,"(17,1)":154.71727325771076,"(2,1)":0.0,"(20,6)":49.086212276702064,"(20,11)":69.52184323344426,"(5,9)":0.0,"(1,4)":327.4764398883995,"(13,22)":75.77987588843152,"(19,19)":0.0,"(18,19)":0.0,"(9,18)":0.0,"(20,16)":45.371769918344754,"(3,21)":5.126570614329247,"(16,5)":0.0,"(11,22)":26.19270762179498,"(19,1)":65.70681723027037,"(13,1)":360.3711909549672,"(18,17)":0.0,"(17,18)":0.0,"(14,15)":0.0,"(2,11)":0.483642696124193,"(20,2)":140.45452765061026,"(10,10)":0.0,"(4,12)":535.4626026651313,"(2,22)":0.0,"(5,22)":32.60357259392174,"(6,12)":0.0,"(18,2)":6.032618078263774,"(16,7)":640.8515867793228,"(19,7)":0.0,"(7,21)":0.0,"(4,13)":341.3937727883926,"(6,1)":0.0,"(7,11)":51.24770995916328,"(11,6)":103.77373771264696,"(12,13)":289.14486857167066,"(18,22)":28.95244905015539,"(21,18)":0.0,"(22,11)":0.0,"(7,15)":0.0,"(7,6)":53.408401699889765,"(15,16)":0.0,"(21,16)":52.49744000169006,"(20,19)":20.67565523450176,"(11,16)":82.07716480054141,"(11,7)":50.365336012757176,"(8,14)":43.17144296161346,"(5,5)":0.0,"(2,7)":0.0,"(8,3)":53.113502460150755,"(5,21)":0.0,"(4,3)":3.6005270348077847,"(2,21)":0.0,"(9,7)":0.0,"(18,15)":55.55332950792766,"(14,3)":100.30512154237168,"(4,14)":599.6564135477204,"(18,7)":0.0,"(11,21)":30.941064401676407,"(2,10)":0.0,"(14,16)":834.3419942936947,"(14,8)":15.578523131912005,"(11,2)":32.02601429175579,"(15,6)":36.15416474309065,"(19,18)":0.0,"(8,13)":14.014529694910445,"(17,22)":0.0,"(1,19)":43.79646329042813,"(18,20)":0.0,"(20,1)":117.81212057631325,"(3,10)":0.0,"(7,20)":0.0,"(6,14)":99.54460412555206,"(9,21)":0.029351721237612646,"(13,15)":0.0,"(21,21)":0.0,"(17,15)":25.440545371337436,"(17,20)":74.15433243686931,"(20,21)":67.72615111679141,"(20,7)":0.10007574245596973,"(11,1)":77.46704293623812,"(15,18)":57.14169993811012,"(19,17)":0.0,"(10,14)":12.384969220348152,"(1,10)":0.0,"(9,9)":0.0,"(13,16)":609.1403153730189,"(22,21)":28.6793172169149,"(12,17)":127.2412955098388,"(21,6)":56.21188236004739,"(12,14)":405.31611634515394,"(12,10)":4.275729736897251,"(19,14)":38.765901608256755,"(2,6)":29.02617575828285,"(13,14)":810.0693747734833,"(16,1)":384.7061577028038,"(16,14)":1587.6388427448749,"(10,4)":0.0,"(1,20)":75.00126917901885,"(6,21)":3.095068609927123,"(10,12)":0.0,"(15,11)":56.58979569983283,"(16,16)":0.0,"(17,17)":0.0,"(16,22)":0.0,"(17,13)":331.0813523027436,"(19,8)":8.352668611772,"(17,3)":0.0,"(2,8)":53.21400369308044,"(5,8)":1.6935082639089085,"(13,21)":30.98494157146546,"(17,12)":422.38359981138143,"(7,22)":77.44041758095825,"(5,19)":41.3199295694272,"(1,1)":0.0,"(22,12)":0.0,"(21,19)":11.362812798347004,"(17,8)":82.7318432715917,"(10,9)":0.5625058658795469,"(10,21)":13.79412831622634,"(4,19)":80.35058640202861,"(11,5)":40.57309085690476,"(14,17)":372.68996706606697,"(22,6)":93.85773699136196,"(14,14)":0.0,"(2,2)":0.0,"(17,21)":0.0,"(5,18)":3.651123543766351,"(15,12)":13.23325144004392,"(10,16)":9.499597789803632,"(20,9)":28.15693107262841,"(7,1)":329.5489499234809,"(3,11)":129.77294459351256,"(5,13)":0.0,"(10,13)":0.15489205359065827,"(11,17)":100.75015657291375,"(14,12)":584.474721439123,"(21,22)":75.8042761191131,"(14,5)":50.040284813534434,"(12,11)":43.3565442597889,"(15,14)":56.27488278519792,"(1,16)":265.85324904981087,"(11,18)":25.99339621349202,"(21,1)":29.905187583638558,"(22,13)":0.0,"(2,20)":124.04523088718946,"(6,6)":0.0,"(16,8)":0.0,"(20,3)":36.150402149797195,"(10,2)":0.0,"(4,2)":30.483580267452414,"(15,21)":54.79410358317998,"(1,6)":40.213739457923396,"(13,13)":0.0,"(19,10)":6.938893903907228e-18,"(11,3)":90.83792758574202,"(3,19)":0.0,"(22,17)":74.55744895111877,"(22,9)":0.0,"(9,20)":0.0,"(8,6)":66.04931258705567,"(4,6)":16.536337161712684,"(15,5)":53.49057639434379,"(8,1)":57.354148618498364,"(13,2)":0.0,"(17,2)":0.0,"(14,9)":0.0,"(9,15)":0.0,"(15,7)":0.0,"(6,10)":0.0,"(6,4)":32.4242183069957,"(10,7)":0.0,"(5,2)":83.79727719870583,"(21,7)":2.803480660157641,"(8,19)":39.6264213055183,"(7,3)":40.47259157298483,"(12,12)":0.0,