{"(6,9)":0.0,"(18,3)":0.0,"(21,13)":2.6759215813881116,"(22,16)":0.0,"(15,17)":4.51018786209652,"(22,14)":0.0,"(13,9)":0.0,"(8,9)":0.0,"(17,14)":308.6601707325814,"(9,1)":0.0,"(16,6)":0.0,"(16,12)":260.9759505447283,"(16,13)":504.8633939743685,"(22,2)":0.0,"(7,16)":403.58575745233327,"(1,12)":214.4017893286848,"(4,5)":0.0,"(11,8)":8.010514968966426,"(18,21)":0.0,"(19,4)":0.0,"(20,13)":2.4759758378440337,"(15,4)":7.540682594814621,"(6,18)":0.0,"(5,16)":0.0,"(4,9)":0.0,"(8,4)":0.8561654809079032,"(1,22)":0.0,"(22,15)":0.0,"(1,2)":0.0,"(17,9)":0.0,"(19,20)":0.0,"(14,2)":0.0,"(6,11)":0.0,"(16,2)":0.0,"(8,21)":0.0,"(9,6)":0.0,"(8,2)":0.0,"(21,3)":0.0,"(13,19)":0.0,"(7,19)":0.0,"(8,12)":0.5957156868770788,"(11,4)":0.0,"(17,10)":0.0,"(1,17)":0.0,"(18,5)":0.0,"(2,5)":0.0,"(8,5)":0.6448786444747325,"(3,16)":0.0,"(14,13)":463.69942576847666,"(22,4)":0.0,"(3,9)":0.0,"(15,2)":0.0,"(19,6)":0.0,"(19,9)":0.0,"(18,12)":0.0,"(15,1)":0.0,"(14,6)":0.540218587773967,"(14,18)":0.0,"(21,4)":0.0,"(22,7)":0.0,"(13,4)":145.37447475166547,"(16,20)":0.0,"(7,12)":267.84372932819304,"(10,22)":0.0,"(12,19)":0.0,"(4,10)":0.0,"(10,8)":3.632418502373673,"(7,2)":0.0,"(11,15)":0.0,"(10,17)":0.0,"(3,13)":0.0,"(20,8)":1.013052881238296,"(6,3)":5.093668504997837,"(1,7)":121.30743446937527,"(19,13)":0.0,"(21,20)":3.7107136707010144,"(8,8)":0.0,"(1,3)":11.416604431958392,"(4,15)":4.1528505823427055,"(22,10)":0.0,"(21,9)":0.0,"(11,11)":0.0,"(12,15)":4.782581164600888,"(9,10)":0.0,"(12,5)":0.7075542070212243,"(12,2)":0.0,"(20,4)":1.8692183621461993,"(9,3)":0.0,"(16,4)":186.1647575460339,"(16,10)":0.0,"(17,19)":6.072325894457301,"(11,19)":0.0,"(16,19)":0.0,"(4,1)":302.0451592290054,"(13,20)":1.034792089312903,"(5,15)":5.23642914542129,"(16,9)":0.0,"(4,17)":0.0,"(5,12)":0.4538479808204015,"(5,14)":0.0,"(17,11)":0.0,"(6,16)":0.0,"(22,22)":0.0,"(2,14)":0.0,"(11,9)":0.0,"(17,6)":0.0,"(20,12)":0.9503773186918042,"(21,11)":0.5776119689754761,"(9,13)":0.0,"(20,15)":5.732958483292692,"(10,20)":0.0,"(11,10)":4.378096466592752,"(15,22)":0.0,"(2,17)":0.0,"(6,2)":0.0,"(21,14)":2.84487150449284,"(8,7)":0.0,"(4,20)":1.7295696675624037,"(3,17)":0.0,"(2,15)":0.0,"(12,21)":0.0,"(1,8)":0.0,"(22,8)":0.0,"(21,5)":0.0,"(1,13)":160.74381271720858,"(3,12)":0.0,"(3,14)":0.0,"(5,11)":0.0,"(15,9)":0.0,"(9,11)":0.0,"(6,15)":0.0,"(1,14)":219.4514959025214,"(7,14)":797.1585731531462,"(12,1)":100.73164722245983,"(8,10)":2.3486719439199892,"(14,10)":0.0,"(10,5)":0.0,"(15,8)":6.684517113906718,"(15,19)":2.3915532701367077,"(21,12)":0.0,"(22,20)":0.0,"(2,18)":0.0,"(20,10)":0.0,"(8,22)":0.0,"(16,15)":1.8576053367821843,"(1,15)":0.0,"(10,11)":4.536535240855308,"(12,16)":140.8878025757323,"(17,4)":4.476419235288631e-15,"(3,1)":9.196310790094524,"(20,5)":1.6579315257130287,"(15,15)":0.0,"(16,21)":0.0,"(21,8)":0.0,"(16,3)":0.0,"(17,16)":166.69570418396606,"(12,8)":0.0626755625464917,"(13,7)":292.72092677728295,"(3,18)":0.0,"(6,17)":0.0,"(22,19)":0.0,"(6,5)":0.6879719751414486,"(16,17)":116.55210142959008,"(18,18)":0.0,"(13,11)":0.0,"(13,18)":0.0,"(16,11)":0.0,"(2,13)":0.0,"(9,8)":0.0,"(3,4)":9.234235166197886,"(5,17)":9.746617007517807,"(5,20)":2.8131482306409867,"(10,19)":0.0,"(2,3)":0.8903577976502272,"(21,17)":0.0,"(13,3)":0.0,"(4,11)":0.0,"(6,20)":0.0,"(5,4)":0.21128683643317064,"(17,1)":11.234331980813467,"(2,1)":0.0,"(20,6)":0.0,"(20,11)":0.0,"(5,9)":0.0,"(1,4)":200.50559857094294,"(13,22)":0.0,"(19,19)":0.0,"(18,19)":0.0,"(9,18)":0.0,"(20,16)":0.0,"(3,21)":0.0,"(16,5)":0.0,"(11,22)":0.0,"(19,1)":0.0,"(13,1)":137.8851097124789,"(18,17)":0.0,"(17,18)":0.0,"(14,15)":0.0,"(2,11)":0.0,"(20,2)":0.0,"(10,10)":0.0,"(4,12)":288.78454939774184,"(2,22)":0.0,"(5,22)":0.0,"(6,12)":0.0,"(18,2)":0.0,"(16,7)":350.98049091165143,"(19,7)":0.0,"(7,21)":0.0,"(4,13)":213.09517542626557,"(6,1)":14.28997929509236,"(7,11)":0.0,"(11,6)":1.379143079644737,"(12,13)":167.0769387212324,"(18,22)":0.0,"(21,18)":0.0,"(22,11)":0.0,"(7,15)":0.0,"(7,6)":2.9502760868535978,"(15,16)":0.0,"(21,16)":0.0,"(20,19)":0.0,"(11,16)":0.0,"(11,7)":0.0,"(8,14)":0.0,"(5,5)":0.0,"(2,7)":0.0,"(8,3)":7.716613540988534,"(5,21)":0.0,"(4,3)":6.860448060080631,"(2,21)":0.0,"(9,7)":0.0,"(18,15)":0.0,"(14,3)":4.489531746010451,"(4,14)":331.8156581715785,"(18,7)":0.0,"(11,21)":0.0,"(2,10)":0.0,"(14,16)":445.7144894512524,"(14,8)":0.0,"(11,2)":0.0,"(15,6)":0.0,"(19,18)":0.0,"(8,13)":0.0,"(17,22)":0.0,"(1,19)":0.0,"(18,20)":0.0,"(20,1)":0.0,"(3,10)":0.0,"(7,20)":0.0,"(6,14)":0.0,"(9,21)":0.0,"(13,15)":0.0,"(21,21)":0.0,"(17,15)":3.680772624320595,"(17,20)":12.661914425501408,"(20,21)":5.2954809416863995,"(20,7)":0.0,"(11,1)":0.0,"(15,18)":0.0,"(19,17)":0.0,"(10,14)":0.0,"(1,10)":0.0,"(9,9)":0.0,"(13,16)":356.12811525449996,"(22,21)":0.0,"(12,17)":89.82784378669741,"(21,6)":0.0,"(12,14)":213.89832995009434,"(12,10)":0.0,"(19,14)":0.0,"(2,6)":0.0,"(13,14)":483.9772112388619,"(16,1)":143.31856967684737,"(16,14)":984.6639886186152,"(10,4)":0.0,"(1,20)":0.0,"(6,21)":0.0,"(10,12)":0.0,"(15,11)":0.0,"(16,16)":0.0,"(17,17)":0.0,"(16,22)":0.0,"(17,13)":211.4924423683345,"(19,8)":0.0,"(17,3)":0.0,"(2,8)":0.0,"(5,8)":0.0,"(13,21)":2.8195051038423644,"(17,12)":252.03979006568085,"(7,22)":0.0,"(5,19)":0.0,"(1,1)":0.0,"(22,12)":0.0,"(21,19)":0.0,"(17,8)":10.365289738227313,"(10,9)":0.0,"(10,21)":0.0,"(4,19)":0.0,"(11,5)":0.0,"(14,17)":140.72466252084254,"(22,6)":0.0,"(14,14)":0.0,"(2,2)":0.0,"(17,21)":0.0,"(5,18)":0.0,"(15,12)":6.621841551360227,"(10,16)":0.0,"(20,9)":0.0,"(7,1)":161.325537535196,"(3,11)":0.0,"(5,13)":0.0,"(10,13)":0.0,"(11,17)":0.0,"(14,12)":361.8925496388364,"(21,22)":0.0,"(14,5)":0.0,"(12,11)":0.0,"(15,14)":0.0,"(1,16)":132.0698034817085,"(11,18)":0.0,"(21,1)":0.0,"(22,13)":0.0,"(2,20)":0.0,"(6,6)":0.0,"(16,8)":0.0,"(20,3)":0.0,"(10,2)":0.0,"(4,2)":0.0,"(15,21)":1.0198418364349517,"(1,6)":18.879289059936244,"(13,13)":0.0,"(19,10)":0.0,"(11,3)":5.613983897877946,"(3,19)":0.0,"(22,17)":0.0,"(22,9)":0.0,"(9,20)":0.0,"(8,6)":2.622945035990696,"(4,6)":1.766779555082793,"(15,5)":7.329395758381452,"(8,1)":0.0,"(13,2)":0.0,"(17,2)":0.0,"(14,9)":0.0,"(9,15)":0.0,"(15,7)":0.0,"(6,10)":0.0,"(6,4)":1.7715505382200318,"(10,7)":0.0,"(5,2)":0.0,"(21,7)":0.0,"(8,19)":0.0,"(7,3)":7.762630375631605,"(12,12)":0.0,"(14,1)":169.64988151256776,"(10,3)":0.0,"(13,6)":0.0,"(15,3)":0.0,"(20,14)":0.0,"(1,5)":0.0,"(3,5)":8.150656603119304,"(3,8)":8.008788897062624,"(9,5)":0.0,"(14,19)":0.0,"(3,6)":7.462684627977855,"(19,5)":0.0,"(7,17)":87.86800324192329,"(12,4)":104.14348550345441,"(4,21)":0.0,"(4,4)":0.0,"(13,17)":139.22391938409,"(19,12)":0.0,"(9,4)":0.0,"(20,17)":10.243146345389212,"(22,3)":0.0,"(13,12)":262.99351759035983,"(8,11)":0.0,"(8,18)":0.0,"(6,19)":0.0,"(12,7)":96.92951545851535,"(12,18)":0.0,"(19,22)":0.0,"(20,22)":0.0,"(14,4)":248.35195742175432,"(3,15)":0.0,"(4,22)":0.0,"(2,4)":0.0,"(9,19)":0.0,"(18,16)":0.0,"(6,22)":0.0,"(19,2)":0.0,"(9,22)":0.0,"(22,1)":0.0,"(9,2)":0.0,"(14,21)":2.693334760991493,"(5,1)":0.0,"(15,20)":8.981141801180812,"(10,6)":0.0,"(11,12)":0.0,"(8,16)":0.0,"(1,18)":0.0,"(2,16)":0.0,"(7,13)":673.3516972078334,"(21,15)":0.0,"(8,15)":5.378296851477967,"(9,17)":0.0,"(19,16)":0.0,"(5,10)":0.0,"(18,10)":0.0,"(18,13)":0.0,"(21,10)":0.0,"(8,17)":9.888484713574487,"(8,20)":2.9550159366976643,"(4,8)":0.0,"(11,20)":0.0,"(12,9)":0.0,"(7,8)":0.0,"(14,22)":0.0,"(7,7)":0.0,"(18,1)":0.0,"(22,18)":0.0,"(7,9)":0.0,"(9,14)":0.0,"(4,18)":0.0,"(19,15)":0.0,"(20,20)":0.0,"(3,22)":0.0,"(5,7)":0.0,"(11,14)":0.0,"(12,6)":0.0,"(17,5)":11.010168382702044,"(18,6)":0.0,"(6,13)":0.0,"(11,13)":0.0,"(2,19)":0.0,"(19,11)":0.0,"(20,18)":0.0,"(13,5)":0.0,"(4,7)":150.73069876843232,"(6,8)":0.5461042690847712,"(21,2)":0.0,"(12,20)":2.3593002498205853,"(7,5)":0.0,"(2,9)":0.0,"(3,2)":1.9952697536238724,"(14,11)":0.0,"(10,15)":0.0,"(3,7)":12.558138165963687,"(15,10)":0.0,"(15,13)":0.0,"(18,8)":0.0,"(14,7)":377.86857910737183,"(18,11)":0.0,"(9,16)":0.0,"(4,16)":209.25917890076556,"(14,20)":0.0,"(22,5)":0.0,"(5,6)":1.9780663915159635,"(2,12)":0.0,"(12,3)":0.0,"(9,12)":0.0,"(13,10)":0.0,