{"(6,9)":2.3826788690557645,"(18,3)":0.0,"(21,13)":33.61079691536375,"(22,16)":53.953753992428155,"(15,17)":0.0,"(22,14)":0.0,"(13,9)":1.1120643359106768,"(8,9)":11.11723243952281,"(17,14)":563.8635709043239,"(9,1)":13.750690121177529,"(16,6)":-1.1102230246251565e-16,"(16,12)":431.1557923624861,"(16,13)":823.8200197584684,"(22,2)":10.127995258318492,"(7,16)":708.0255801713644,"(1,12)":422.66544077900767,"(4,5)":36.58097999282175,"(11,8)":56.92664259768106,"(18,21)":0.0,"(19,4)":64.20370072352686,"(20,13)":36.18993777781349,"(15,4)":113.82851009150116,"(6,18)":20.70049670151504,"(5,16)":0.0,"(4,9)":0.0,"(8,4)":97.05277737671904,"(1,22)":0.0,"(22,15)":0.0,"(1,2)":0.0,"(17,9)":0.0,"(19,20)":5.080971990599682,"(14,2)":10.855249159755495,"(6,11)":68.84026465464173,"(16,2)":0.0,"(8,21)":7.1188194231996675,"(9,6)":14.833692368397722,"(8,2)":105.98793315765603,"(21,3)":48.48933846416197,"(13,19)":0.0,"(7,19)":0.0,"(8,12)":8.708961977833107,"(11,4)":0.0,"(17,10)":0.0,"(1,17)":0.0,"(18,5)":14.147663944534779,"(2,5)":18.831494828815277,"(8,5)":42.200896056232125,"(3,16)":1.066389124545746,"(14,13)":765.567477489238,"(22,4)":1.1928394773815127,"(3,9)":20.641953201397143,"(15,2)":122.76366587243815,"(19,6)":17.15396126647696,"(19,9)":2.3202688980792368,"(18,12)":65.30022323429668,"(15,1)":115.76836187429775,"(14,6)":82.73390705086157,"(14,18)":24.353409427105497,"(21,4)":0.0,"(22,7)":45.56676550690427,"(13,4)":334.2548210322653,"(16,20)":0.0,"(7,12)":447.2488978447554,"(10,22)":56.29261768041685,"(12,19)":0.7812778201201493,"(4,10)":0.0,"(10,8)":24.834213400799552,"(7,2)":0.0,"(11,15)":0.0,"(10,17)":21.454219908454977,"(3,13)":0.0,"(20,8)":12.876235167299127,"(6,3)":0.0,"(1,7)":193.0217990546174,"(19,13)":1.2082045621685586,"(21,20)":50.08654320766627,"(8,8)":0.0,"(1,3)":29.887785754720923,"(4,15)":99.03496367808553,"(22,10)":14.879049050643975,"(21,9)":34.72286125127443,"(11,11)":0.0,"(12,15)":11.301424395501854,"(9,10)":0.0,"(12,5)":40.471980215091065,"(12,2)":104.25901731651496,"(20,4)":109.92901254401818,"(9,3)":13.766477212887537,"(16,4)":421.45085479073384,"(16,10)":0.0,"(17,19)":49.8055634920411,"(11,19)":0.0,"(16,19)":0.0,"(4,1)":513.3974397827967,"(13,20)":16.475746292302496,"(5,15)":62.45398368526378,"(16,9)":0.0,"(4,17)":60.299782392271084,"(5,12)":51.15255928976192,"(5,14)":0.2256477244548134,"(17,11)":15.045350470290789,"(6,16)":0.0,"(22,22)":0.0,"(2,14)":0.0,"(11,9)":0.0,"(17,6)":0.0,"(20,12)":14.605151008440185,"(21,11)":44.20361913865389,"(9,13)":0.0,"(20,15)":25.906575403942032,"(10,20)":0.8565221086466117,"(11,10)":32.092429196881525,"(15,22)":110.3900213035137,"(2,17)":0.0,"(6,2)":39.62983941955727,"(21,14)":26.483389572686985,"(8,7)":16.866045934912353,"(4,20)":123.9346720852345,"(3,17)":13.063374647301051,"(2,15)":81.28547851407905,"(12,21)":28.18905892391814,"(1,8)":26.868897801174604,"(22,8)":39.71326245144351,"(21,5)":5.323719940450875,"(1,13)":283.2606472953553,"(3,12)":0.0,"(3,14)":93.21584535487918,"(5,11)":0.8643078505711428,"(15,9)":21.60619527412257,"(9,11)":4.592962697768345,"(6,15)":0.0,"(1,14)":424.31067490039186,"(7,14)":1340.8357198457747,"(12,1)":287.7175663183746,"(8,10)":14.52251556645521,"(14,10)":15.606302952080986,"(10,5)":0.0,"(15,8)":16.77573271478213,"(15,19)":19.28592637604333,"(21,12)":0.0,"(22,20)":26.8374478801034,"(2,18)":0.0,"(20,10)":40.707285240656574,"(8,22)":70.81513324687207,"(16,15)":81.0323177787112,"(1,15)":46.879284174509564,"(10,11)":16.022911530394307,"(12,16)":278.7602273129152,"(17,4)":140.33525439308315,"(3,1)":4.393748482183807,"(20,5)":55.07713122353125,"(15,15)":0.0,"(16,21)":0.7446202191762851,"(21,8)":62.96235777900638,"(16,3)":0.0,"(17,16)":278.98037060234935,"(12,8)":0.0,"(13,7)":553.2349290617879,"(3,18)":45.71473752786883,"(6,17)":9.597753381058649,"(22,19)":0.0,"(6,5)":67.27566363144204,"(16,17)":239.30183366271345,"(18,18)":0.0,"(13,11)":50.50404117524923,"(13,18)":0.0,"(16,11)":18.84118186794149,"(2,13)":0.0,"(9,8)":0.0,"(3,4)":55.70892446497407,"(5,17)":59.367361120560886,"(5,20)":87.3536920924127,"(10,19)":0.0,"(2,3)":5.435695349066346,"(21,17)":88.6682895087037,"(13,3)":14.878541548798214,"(4,11)":0.0,"(6,20)":0.0,"(5,4)":54.85188132048694,"(17,1)":224.99622481790604,"(2,1)":0.0,"(20,6)":52.135694482121885,"(20,11)":86.69397895306271,"(5,9)":0.0,"(1,4)":311.874883496424,"(13,22)":89.89589036530182,"(19,19)":0.0,"(18,19)":0.0,"(9,18)":0.0,"(20,16)":40.73474970844,"(3,21)":3.1412410802854636,"(16,5)":0.0,"(11,22)":47.97548604723557,"(19,1)":66.14355250632347,"(13,1)":389.19563745708814,"(18,17)":0.0,"(17,18)":0.0,"(14,15)":0.0,"(2,11)":0.0,"(20,2)":118.86416832495516,"(10,10)":0.0,"(4,12)":547.1212852825838,"(2,22)":0.0,"(5,22)":48.839793897806715,"(6,12)":0.0,"(18,2)":0.0,"(16,7)":668.1599808202568,"(19,7)":0.0,"(7,21)":0.0,"(4,13)":372.7460197989312,"(6,1)":3.326533326673624,"(7,11)":26.199157971890912,"(11,6)":65.01367748489467,"(12,13)":280.5584403822888,"(18,22)":34.51018374638726,"(21,18)":0.0,"(22,11)":16.992975664529872,"(7,15)":0.0,"(7,6)":36.43988764252029,"(15,16)":0.0,"(21,16)":38.15560884599026,"(20,19)":15.386428828560335,"(11,16)":101.92924003966371,"(11,7)":28.57378984237438,"(8,14)":22.200987073520164,"(5,5)":0.0,"(2,7)":0.0,"(8,3)":105.7524228204937,"(5,21)":0.0,"(4,3)":8.699645443774646,"(2,21)":0.0,"(9,7)":0.0,"(18,15)":76.60164762979855,"(14,3)":81.66669189535136,"(4,14)":609.0544594039679,"(18,7)":0.0,"(11,21)":35.00417329422077,"(2,10)":0.0,"(14,16)":837.7112821657803,"(14,8)":40.44051635288053,"(11,2)":0.0,"(15,6)":36.43988764252029,"(19,18)":0.0,"(8,13)":0.3373863613365643,"(17,22)":0.009681975333500199,"(1,19)":36.35913759912785,"(18,20)":0.0,"(20,1)":111.86886432681477,"(3,10)":0.0748308638817613,"(7,20)":0.0,"(6,14)":68.2016045285254,"(9,21)":0.0,"(13,15)":0.0,"(21,21)":0.0,"(17,15)":30.519637115997753,"(17,20)":85.22541847457175,"(20,21)":62.389514319442945,"(20,7)":15.695806839601598,"(11,1)":63.930675237674485,"(15,18)":73.30623892243368,"(19,17)":0.0,"(10,14)":7.678471507064948,"(1,10)":0.0,"(9,9)":0.0,"(13,16)":605.0545669306264,"(22,21)":34.915579518900095,"(12,17)":136.04825383079893,"(21,6)":49.55655361967217,"(12,14)":405.5457115742387,"(12,10)":6.506829845131785,"(19,14)":42.48994875411849,"(2,6)":0.0,"(13,14)":818.8853981919499,"(16,1)":420.2697302155568,"(16,14)":1622.5014893019747,"(10,4)":0.0,"(1,20)":71.77899258165851,"(6,21)":0.0,"(10,12)":0.0,"(15,11)":70.99817211346114,"(16,16)":0.0,"(17,17)":0.0,"(16,22)":1.8482062034116093,"(17,13)":372.53585736081794,"(19,8)":0.0,"(17,3)":0.0,"(2,8)":61.275092140744114,"(5,8)":42.443597311928826,"(13,21)":26.19957654162943,"(17,12)":432.734088671921,"(7,22)":74.17464401912648,"(5,19)":51.933837109882056,"(1,1)":0.0,"(22,12)":0.0,"(21,19)":3.685419331432433,"(17,8)":47.29536983077989,"(10,9)":0.0,"(10,21)":3.0664102164037015,"(4,19)":88.51481710270384,"(11,5)":20.78084380567339,"(14,17)":407.8989438284935,"(22,6)":82.00665314942452,"(14,14)":0.0,"(2,2)":0.0,"(17,21)":0.3373486899146585,"(5,18)":14.329610151419454,"(15,12)":18.504648555923183,"(10,16)":0.9915582606639848,"(20,9)":37.30200211372418,"(7,1)":337.8041283953002,"(3,11)":93.85450548099551,"(5,13)":0.0,"(10,13)":0.0,"(11,17)":152.4419207023771,"(14,12)":598.4279600932555,"(21,22)":75.09753574603889,"(14,5)":38.501073371640295,"(12,11)":52.49352355753794,"(15,14)":61.7758751301618,"(1,16)":277.5181912259818,"(11,18)":6.633179861138602,"(21,1)":48.47355137245196,"(22,13)":10.361701587800896,"(2,20)":106.18518692122797,"(6,6)":0.0,"(16,8)":3.6685306221111644,"(20,3)":51.068479326611715,"(10,2)":0.0,"(4,2)":8.93515578093698,"(15,21)":46.693707479841315,"(1,6)":54.902026581074715,"(13,13)":0.0,"(19,10)":5.725552025011632,"(11,3)":63.94646232938448,"(3,19)":0.0,"(22,17)":104.46643465514161,"(22,9)":0.0,"(9,20)":0.0,"(8,6)":106.81963797600388,"(4,6)":9.766860599284835,"(15,5)":58.976628771014255,"(8,1)":98.99262915951563,"(13,2)":0.0,"(17,2)":0.0,"(14,9)":0.0,"(9,15)":0.0,"(15,7)":4.440892098500626e-16,"(6,10)":0.0,"(6,4)":30.694683638620287,