{"(6,9)":0.0,"(18,3)":0.0,"(21,13)":2.674222583558659,"(22,16)":0.0,"(15,17)":4.507324250755507,"(22,14)":0.0,"(13,9)":0.0,"(8,9)":0.0,"(17,14)":308.46419602100514,"(9,1)":0.0,"(16,6)":0.0,"(16,12)":260.8102515285094,"(16,13)":504.54284578771814,"(22,2)":0.0,"(7,16)":403.3295125269667,"(1,12)":214.26566120847613,"(4,5)":0.0,"(11,8)":8.005428927716288,"(18,21)":0.0,"(19,4)":0.0,"(20,13)":2.4744037896930218,"(15,4)":7.535894859833787,"(6,18)":0.0,"(5,16)":0.0,"(4,9)":0.0,"(8,4)":0.8556218837771681,"(1,22)":0.0,"(22,15)":0.0,"(1,2)":0.0,"(17,9)":0.0,"(19,20)":0.0,"(14,2)":0.0,"(6,11)":0.0,"(16,2)":0.0,"(8,21)":0.0,"(9,6)":0.0,"(8,2)":0.0,"(21,3)":0.0,"(13,19)":0.0,"(7,19)":0.0,"(8,12)":0.5953374546949347,"(11,4)":0.0,"(17,10)":0.0,"(1,17)":0.0,"(18,5)":0.0,"(2,5)":0.0,"(8,5)":0.6444691977163359,"(3,16)":0.0,"(14,13)":463.4050134346554,"(22,4)":0.0,"(3,9)":0.0,"(15,2)":0.0,"(19,6)":0.0,"(19,9)":0.0,"(18,12)":0.0,"(15,1)":0.0,"(14,6)":0.5398755918452217,"(14,18)":0.0,"(21,4)":0.0,"(22,7)":0.0,"(13,4)":145.28217349785493,"(16,20)":0.0,"(7,12)":267.67366981750854,"(10,22)":0.0,"(12,19)":0.0,"(4,10)":0.0,"(10,8)":3.6301122049118484,"(7,2)":0.0,"(11,15)":0.0,"(10,17)":0.0,"(3,13)":0.0,"(20,8)":1.012409673059732,"(6,3)":5.090434429756569,"(1,7)":121.23041387606139,"(19,13)":0.0,"(21,20)":3.7083576620212044,"(8,8)":0.0,"(1,3)":11.409355794223815,"(4,15)":4.150213851814234,"(22,10)":0.0,"(21,9)":0.0,"(11,11)":0.0,"(12,15)":4.779544605131301,"(9,10)":0.0,"(12,5)":0.7071049662548617,"(12,2)":0.0,"(20,4)":1.8680315568369004,"(9,3)":0.0,"(16,4)":186.04655769997296,"(16,10)":0.0,"(17,19)":6.068470449444948,"(11,19)":0.0,"(16,19)":0.0,"(4,1)":301.85338452473303,"(13,20)":1.0341350784625456,"(5,15)":5.233104428503562,"(16,9)":0.0,"(4,17)":0.0,"(5,12)":0.4535598233722616,"(5,14)":0.0,"(17,11)":0.0,"(6,16)":0.0,"(22,22)":0.0,"(2,14)":0.0,"(11,9)":0.0,"(17,6)":0.0,"(20,12)":0.9497739045212064,"(21,11)":0.5772452312173963,"(9,13)":0.0,"(20,15)":5.729318509652507,"(10,20)":0.0,"(11,10)":4.375316722804439,"(15,22)":0.0,"(2,17)":0.0,"(6,2)":0.0,"(21,14)":2.8430652368709395,"(8,7)":0.0,"(4,20)":1.7284715280909355,"(3,17)":0.0,"(2,15)":0.0,"(12,21)":0.0,"(1,8)":0.0,"(22,8)":0.0,"(21,5)":0.0,"(1,13)":160.6417531535786,"(3,12)":0.0,"(3,14)":0.0,"(5,11)":0.0,"(15,9)":0.0,"(9,11)":0.0,"(6,15)":0.0,"(1,14)":219.3121616194087,"(7,14)":796.6524407257474,"(12,1)":100.66769062104875,"(8,10)":2.3471807236381355,"(14,10)":0.0,"(10,5)":0.0,"(15,8)":6.680272976056619,"(15,19)":2.390034823615986,"(21,12)":0.0,"(22,20)":0.0,"(2,18)":0.0,"(20,10)":0.0,"(8,22)":0.0,"(16,15)":1.8564259048223228,"(1,15)":0.0,"(10,11)":4.533654901019845,"(12,16)":140.79835000266837,"(17,4)":4.473577064345591e-15,"(3,1)":9.19047186260875,"(20,5)":1.6568788707760682,"(15,15)":0.0,"(16,21)":0.0,"(21,8)":0.0,"(16,3)":0.0,"(17,16)":166.58986564162706,"(12,8)":0.06263576853852568,"(13,7)":292.535072220599,"(3,18)":0.0,"(6,17)":0.0,"(22,19)":0.0,"(6,5)":0.6875351675381842,"(16,17)":116.47810009534909,"(18,18)":0.0,"(13,11)":0.0,"(13,18)":0.0,"(16,11)":0.0,"(2,13)":0.0,"(9,8)":0.0,"(3,4)":9.228372159743156,"(5,17)":9.740428679259068,"(5,20)":2.811362104780262,"(10,19)":0.0,"(2,3)":0.8897924911120366,"(21,17)":0.0,"(13,3)":0.0,"(4,11)":0.0,"(6,20)":0.0,"(5,4)":0.21115268606083215,"(17,1)":11.2271990716193,"(2,1)":0.0,"(20,6)":0.0,"(20,11)":0.0,"(5,9)":0.0,"(1,4)":200.37829342899315,"(13,22)":0.0,"(19,19)":0.0,"(18,19)":0.0,"(9,18)":0.0,"(20,16)":0.0,"(3,21)":0.0,"(16,5)":0.0,"(11,22)":0.0,"(19,1)":0.0,"(13,1)":137.79756361107417,"(18,17)":0.0,"(17,18)":0.0,"(14,15)":0.0,"(2,11)":0.0,"(20,2)":0.0,"(10,10)":0.0,"(4,12)":288.601194128283,"(2,22)":0.0,"(5,22)":0.0,"(6,12)":0.0,"(18,2)":0.0,"(16,7)":350.7576461555171,"(19,7)":0.0,"(7,21)":0.0,"(4,13)":212.9598769021854,"(6,1)":14.280906292365318,"(7,11)":0.0,"(11,6)":1.3782674332449627,"(12,13)":166.97085812521894,"(18,22)":0.0,"(21,18)":0.0,"(22,11)":0.0,"(7,15)":0.0,"(7,6)":2.9484028956873414,"(15,16)":0.0,"(21,16)":0.0,"(20,19)":0.0,"(11,16)":0.0,"(11,7)":0.0,"(8,14)":0.0,"(5,5)":0.0,"(2,7)":0.0,"(8,3)":7.711714103819653,"(5,21)":0.0,"(4,3)":6.856092220042485,"(2,21)":0.0,"(9,7)":0.0,"(18,15)":0.0,"(14,3)":4.486681249663778,"(4,14)":331.6049815632156,"(18,7)":0.0,"(11,21)":0.0,"(2,10)":0.0,"(14,16)":445.43149612461673,"(14,8)":0.0,"(11,2)":0.0,"(15,6)":0.0,"(19,18)":0.0,"(8,13)":0.0,"(17,22)":0.0,"(1,19)":0.0,"(18,20)":0.0,"(20,1)":0.0,"(3,10)":0.0,"(7,20)":0.0,"(6,14)":0.0,"(9,21)":0.0,"(13,15)":0.0,"(21,21)":0.0,"(17,15)":3.6784356258289628,"(17,20)":12.653875114755058,"(20,21)":5.292118731564694,"(20,7)":0.0,"(11,1)":0.0,"(15,18)":0.0,"(19,17)":0.0,"(10,14)":0.0,"(1,10)":0.0,"(9,9)":0.0,"(13,16)":355.9020021654495,"(22,21)":0.0,"(12,17)":89.77081023508683,"(21,6)":0.0,"(12,14)":213.76252148663397,"(12,10)":0.0,"(19,14)":0.0,"(2,6)":0.0,"(13,14)":483.66992412061506,"(16,1)":143.22757375959225,"(16,14)":984.038805133778,"(10,4)":0.0,"(1,20)":0.0,"(6,21)":0.0,"(10,12)":0.0,"(15,11)":0.0,"(16,16)":0.0,"(17,17)":0.0,"(16,22)":0.0,"(17,13)":211.35816145254512,"(19,8)":0.0,"(17,3)":0.0,"(2,8)":0.0,"(5,8)":0.0,"(13,21)":2.8177149418716714,"(17,12)":251.8797648021471,"(7,22)":0.0,"(5,19)":0.0,"(1,1)":0.0,"(22,12)":0.0,"(21,19)":0.0,"(17,8)":10.358708601885581,"(10,9)":0.0,"(10,21)":0.0,"(4,19)":0.0,"(11,5)":0.0,"(14,17)":140.6353135287658,"(22,6)":0.0,"(14,14)":0.0,"(2,2)":0.0,"(17,21)":0.0,"(5,18)":0.0,"(15,12)":6.617637207518094,"(10,16)":0.0,"(20,9)":0.0,"(7,1)":161.22310862247522,"(3,11)":0.0,"(5,13)":0.0,"(10,13)":0.0,"(11,17)":0.0,"(14,12)":361.6627765914467,"(21,22)":0.0,"(14,5)":0.0,"(12,11)":0.0,"(15,14)":0.0,"(1,16)":131.98594963822805,"(11,18)":0.0,"(21,1)":0.0,"(22,13)":0.0,"(2,20)":0.0,"(6,6)":0.0,"(16,8)":0.0,"(20,3)":0.0,"(10,2)":0.0,"(4,2)":0.0,"(15,21)":1.019194317808644,"(1,6)":18.86730220973946,"(13,13)":0.0,"(19,10)":0.0,"(11,3)":5.610419463657072,"(3,19)":0.0,"(22,17)":0.0,"(22,9)":0.0,"(9,20)":0.0,"(8,6)":2.6212796740630826,"(4,6)":1.765657790285915,"(15,5)":7.324742173772956,"(8,1)":0.0,"(13,2)":0.0,"(17,2)":0.0,"(14,9)":0.0,"(9,15)":0.0,"(15,7)":0.0,"(6,10)":0.0,"(6,4)":1.7704257442275113,"(10,7)":0.0,"(5,2)":0.0,"(21,7)":0.0,"(8,19)":0.0,"(7,3)":7.757701721424855,"(12,12)":0.0,"(14,1)":169.5421673020836,"(10,3)":0.0,"(13,6)":0.0,"(15,3)":0.0,"(20,14)":0.0,"(1,5)":0.0,"(3,5)":8.145481583053831,"(3,8)":8.003703951731158,"(9,5)":0.0,"(14,19)":0.0,"(3,6)":7.457946415515647,"(19,5)":0.0,"(7,17)":87.81221403351573,"(12,4)":104.07736265551573,"(4,21)":0.0,"(4,4)":0.0,"(13,17)":139.13552324479855,"(19,12)":0.0,"(9,4)":0.0,"(20,17)":10.236642760408012,"(22,3)":0.0,"(13,12)":262.8265375791914,"(8,11)":0.0,"(8,18)":0.0,"(6,19)":0.0,"(12,7)":96.8679729090179,"(12,18)":0.0,"(19,22)":0.0,"(20,22)":0.0,"(14,4)":248.19427363926434,"(3,15)":0.0,"(4,22)":0.0,"(2,4)":0.0,"(9,19)":0.0,"(18,16)":0.0,"(6,22)":0.0,"(19,2)":0.0,"(9,22)":0.0,"(22,1)":0.0,"(9,2)":0.0,"(14,21)":2.6916247071749906,"(5,1)":0.0,"(15,20)":8.975439488926094,"(10,6)":0.0,"(11,12)":0.0,"(8,16)":0.0,"(1,18)":0.0,"(2,16)":0.0,"(7,13)":672.9241723207173,"(21,15)":0.0,"(8,15)":5.374882059826235,"(9,17)":0.0,"(19,16)":0.0,"(5,10)":0.0,"(18,10)":0.0,"(18,13)":0.0,"(21,10)":0.0,"(8,17)":9.882206310581742,"(8,20)":2.9531397361029357,"(4,8)":0.0,"(11,20)":0.0,"(12,9)":0.0,"(7,8)":0.0,"(14,22)":0.0,"(7,7)":0.0,"(18,1)":0.0,"(22,18)":0.0,"(7,9)":0.0,"(9,14)":0.0,"(4,18)":0.0,"(19,15)":0.0,"(20,20)":0.0,"(3,22)":0.0,"(5,7)":0.0,"(11,14)":0.0,"(12,6)":0.0,"(17,5)":11.003177799601916,"(18,6)":0.0,"(6,13)":0.0,"(11,13)":0.0,"(2,19)":0.0,"(19,11)":0.0,"(20,18)":0.0,"(13,5)":0.0,"(4,7)":150.63499673746824,"(6,8)":0.545757536215511,"(21,2)":0.0,"(12,20)":2.3578022814080013,"(7,5)":0.0,"(2,9)":0.0,"(3,2)":1.9940029156850638,"(14,11)":0.0,"(10,15)":0.0,"(3,7)":12.550164744905933,"(15,10)":0.0,"(15,13)":0.0,"(18,8)":0.0,"(14,7)":377.6286625492084,"(18,11)":0.0,"(9,16)":0.0,"(4,16)":209.1263159300349,"(14,20)":0.0,"(22,5)":0.0,"(5,6)":1.9768104763467473,"(2,12)":0.0,"(12,3)":0.0,"(9,12)":0.0,"(13,10)":0.0,