{"(16,1)":0.0,"(11,20)":38.88443890714138,"(2,8)":0.0,"(3,22)":39.43989649619561,"(20,1)":0.0,"(14,5)":0.0,"(19,5)":0.0,"(11,1)":0.0,"(9,6)":0.34313127280703654,"(2,17)":0.0,"(15,20)":76.25172164202556,"(8,12)":13.87565859777371,"(22,20)":0.0,"(8,9)":10.924593692091053,"(14,11)":61.877919355275864,"(15,22)":59.35590995585677,"(13,16)":738.5183069646761,"(19,2)":0.0,"(2,18)":15.231444226325724,"(11,17)":252.31973088307325,"(11,7)":0.0,"(3,3)":0.0,"(15,21)":55.839199505342485,"(4,1)":439.0456674646266,"(16,3)":0.0,"(13,7)":378.55773198597814,"(14,13)":795.7396117441708,"(5,3)":95.31352499283683,"(11,13)":16.093979455257916,"(17,7)":109.82598880975787,"(1,3)":72.98923739609783,"(15,18)":39.36894330810894,"(1,8)":0.0,"(20,12)":31.557188439705627,"(13,17)":312.51219665658095,"(17,11)":0.0,"(12,22)":39.13117170614523,"(21,12)":0.0,"(10,19)":0.0,"(6,8)":23.90086109556018,"(8,8)":0.0,"(7,15)":0.0,"(5,4)":9.700410812432779,"(18,19)":0.0,"(1,16)":0.0,"(6,14)":0.0,"(6,10)":0.0,"(15,4)":45.706625777146456,"(10,17)":0.0,"(17,15)":63.95382217682496,"(11,22)":60.82906338742685,"(11,8)":164.7532393905509,"(9,13)":0.0,"(16,22)":0.0,"(10,13)":0.0,"(2,3)":16.674122976193246,"(3,6)":41.153529601704896,"(5,12)":0.0,"(17,13)":284.3616584237798,"(15,17)":5.361232118892702,"(10,7)":0.0,"(14,4)":448.7892516420107,"(3,16)":0.0,"(1,13)":0.0,"(16,9)":0.0,"(11,15)":0.0,"(18,22)":0.0,"(19,1)":0.0,"(15,7)":0.0,"(18,3)":115.1403903318203,"(12,7)":0.0,"(17,18)":0.0,"(5,13)":0.0,"(3,1)":104.84604343404219,"(13,3)":0.0,"(15,11)":0.0,"(16,12)":309.12534567507333,"(20,9)":0.0,"(2,1)":0.0,"(3,12)":0.0,"(21,22)":271.8217060509699,"(1,9)":0.0,"(7,9)":0.0,"(19,16)":9.502814502876557,"(19,4)":0.0,"(9,15)":0.0,"(2,5)":0.0,"(9,17)":0.0,"(2,19)":0.0,"(2,11)":0.05701382959955948,"(6,12)":0.0,"(9,14)":0.0,"(10,16)":0.8802467287811494,"(17,9)":0.0,"(22,7)":0.0,"(1,2)":0.0,"(17,19)":47.833669040736474,"(22,6)":1.3322676295501878e-16,"(20,8)":48.47893443639831,"(21,20)":134.9991378831318,"(5,8)":0.0,"(13,11)":23.646160299744565,"(5,19)":0.0,"(4,17)":0.0,"(8,3)":94.17325571114625,"(17,21)":0.6824340788560507,"(9,19)":0.0,"(7,2)":0.0,"(3,10)":0.0,"(12,2)":0.0,"(6,15)":0.0,"(11,21)":15.326509065129875,"(22,4)":0.0,"(15,2)":0.0,"(6,2)":5.058235690722083,"(5,11)":0.5796240541991906,"(10,21)":19.660432510516518,"(21,19)":0.0,"(12,10)":0.0,"(13,18)":0.0,"(9,5)":0.0,"(1,18)":0.0,"(14,9)":0.0,"(22,16)":208.88890940374128,"(8,4)":8.560141530742198,"(17,4)":0.0,"(22,19)":0.0,"(17,2)":0.0,"(13,19)":0.0,"(10,4)":0.0,"(9,20)":0.0,"(20,17)":82.52150386650946,"(20,10)":10.321489492519555,"(10,9)":0.0,"(3,2)":41.41181708447062,"(4,20)":34.97119183796664,"(1,20)":0.0,"(9,22)":0.0,"(7,16)":433.2390881488059,"(10,8)":62.29054878330159,"(16,18)":0.0,"(7,10)":0.0,"(17,17)":0.0,"(17,14)":346.1631962294055,"(8,16)":19.775206140276786,"(4,4)":0.0,"(12,4)":222.10025792743497,"(19,9)":0.0,"(21,11)":174.0238935646856,"(20,14)":10.372069921819232,"(22,2)":0.0,"(16,20)":11.98627985864996,"(9,16)":0.0,"(21,16)":115.45381093393173,"(14,21)":114.17317751926329,"(4,2)":0.0,"(14,1)":168.76777751933415,"(14,12)":427.8664235397554,"(7,22)":0.0,"(10,2)":0.0,"(14,7)":771.1434138674134,"(3,19)":0.0,"(10,20)":0.0,"(13,2)":0.0,"(11,19)":0.0,"(17,12)":544.6303240265365,"(7,12)":0.0,"(13,20)":42.75271024066528,"(22,8)":0.0,"(17,16)":213.05091214429112,"(9,21)":0.0,"(8,1)":0.0,"(22,5)":0.0,"(8,5)":0.0,"(16,6)":0.0,"(6,21)":0.0,"(4,11)":2.6560767692875102,"(19,14)":0.0,"(15,10)":0.0,"(21,1)":0.0,"(4,13)":83.45151989424265,"(5,1)":0.0,"(6,19)":0.0,"(12,12)":0.0,"(11,12)":0.0,"(21,10)":36.90198937340863,"(11,5)":0.0,"(18,14)":0.0,"(14,10)":0.0,"(14,20)":0.0,"(18,13)":0.0,"(7,8)":0.0,"(13,13)":0.0,"(18,21)":0.0,"(11,10)":102.46269060724934,"(8,10)":50.606123177539466,"(12,19)":0.0,"(13,12)":326.9847045955846,"(21,9)":15.916495923742893,"(11,9)":0.0,"(4,21)":0.0,"(22,3)":50.21290926224059,"(6,16)":0.0,"(7,7)":0.0,"(1,15)":0.0,"(12,21)":35.61446125563091,"(19,12)":0.0,"(3,17)":0.0,"(12,13)":255.01841930756024,"(3,13)":0.0,"(5,7)":51.85183724337854,"(16,2)":0.0,"(1,21)":0.0,"(16,5)":0.0,"(4,9)":0.0,"(20,3)":12.804906061316585,"(13,14)":891.8441549570249,"(14,3)":153.13333307057007,"(9,3)":28.53065900028286,"(7,5)":0.0,"(9,1)":0.0,"(21,3)":36.74462869357708,"(22,9)":0.0,"(19,21)":71.95935264143095,"(12,1)":79.3230729920614,"(19,3)":0.0,"(10,15)":0.0,"(16,4)":85.92139084006426,"(14,17)":656.9484349372068,"(17,20)":140.20554381885051,"(7,6)":60.69811510247115,"(18,4)":0.0,"(14,14)":0.0,"(4,6)":34.40954647971841,"(6,9)":0.0,"(10,5)":0.0,"(2,4)":0.0,"(18,12)":0.0,"(18,6)":67.6258870858562,"(7,14)":1380.1192795636023,"(8,21)":50.60089675925034,"(7,17)":0.0,"(22,22)":0.0,"(1,12)":296.8637727215541,"(1,7)":212.62817218601404,"(19,22)":75.47606309194525,"(15,12)":20.22473824971158,"(18,18)":0.0,"(19,10)":0.0,"(20,21)":166.5310913128652,"(19,11)":1.4116684915563702,"(9,10)":0.0,"(1,11)":0.0,"(15,16)":0.0,"(2,2)":0.0,"(8,15)":59.47874190568482,"(12,15)":45.60308330791109,"(9,8)":0.0,"(19,6)":0.0,"(12,18)":28.450332107563955,"(18,5)":0.0,"(15,15)":0.0,"(8,2)":0.0,"(12,11)":0.0,"(8,6)":42.96968801046062,"(17,5)":99.96003714153865,"(5,18)":27.57435078790931,"(14,2)":0.0,"(8,14)":0.0,"(6,7)":36.821621889327815,"(18,2)":0.0,"(3,15)":0.0,"(2,12)":0.0,"(19,13)":0.0,"(15,6)":0.0,"(1,5)":0.0,"(13,10)":0.0,"(5,17)":45.17384154080136,"(6,20)":0.0,"(2,15)":0.0,"(13,4)":22.241988160575726,"(22,14)":0.0,"(12,3)":0.0,"(16,10)":0.0,"(2,20)":-1.6653345369377347e-17,"(22,12)":0.0,"(20,11)":53.70374092589167,"(2,6)":3.86909976911058,"(16,16)":0.0,"(5,10)":0.0,"(3,7)":77.97515149103272,"(21,2)":0.0,"(16,8)":9.99169321697078,"(10,12)":0.0,"(22,15)":0.0,"(4,5)":0.0,"(17,1)":0.0,"(5,21)":0.0,"(1,4)":290.2511426759011,"(19,7)":0.0,"(13,1)":0.0,"(5,14)":0.0,"(9,9)":0.0,"(13,21)":114.87879154807068,"(7,3)":111.90168280315676,"(6,6)":0.0,"(2,21)":0.0,"(18,11)":0.0,"(11,4)":0.0,"(16,17)":209.14874169190503,"(12,14)":314.184821864585,"(4,15)":24.547291753563787,"(12,8)":16.921745996692668,"(7,4)":251.55132057459758,"(21,13)":92.24642764246646,"(18,17)":0.0,"(13,8)":19.925533119076732,"(15,8)":37.14648424640424,"(5,5)":0.0,"(12,9)":0.0,"(14,6)":101.92976536988438,"(6,1)":156.04961113472785,"(14,18)":4.763908057877862,"(19,20)":0.0,"(20,2)":0.0,"(8,18)":20.84141090046044,"(17,6)":0.0,"(10,22)":0.0,"(3,9)":0.0,"(21,5)":0.0,"(4,10)":0.0,"(7,11)":0.0,"(11,2)":0.0,"(6,3)":51.20356770068565,"(20,15)":77.16027174761673,"(12,16)":265.31339027223606,"(1,1)":0.0,"(4,16)":136.32389965891852,"(5,2)":0.0,"(9,7)":0.0,"(21,18)":0.0,"(1,10)":0.0,"(14,16)":1250.7366996453013,"(4,19)":0.0,"(5,16)":0.0,"(3,18)":25.237814600453788,"(4,3)":85.61311418040403,"(8,17)":64.8399740245775,"(18,7)":24.277486455469237,"(21,6)":16.25962719654993,"(13,9)":0.0,"(8,13)":0.0,"(6,17)":0.0,"(14,8)":0.0,"(4,12)":530.2095036456526,"(14,19)":0.0,"(18,10)":0.0,"(3,14)":0.0,"(18,9)":0.0,"(12,17)":204.36445782680383,"(20,20)":0.0,"(4,22)":6.150411654660023,"(2,10)":0.0,"(22,21)":9.235724461222796,"(8,20)":69.90264199008767,"(7,21)":0.0,"(4,14)":566.982497873715,"(19,15)":0.0,"(13,15)":0.0,"(20,6)":0.0,"(2,13)":0.0,"(20,5)":47.33866515470771,"(10,3)":2.6655816976005133,"(21,7)":0.0,"(18,20)":0.0,"(7,1)":101.51814485192106,"(15,19)":0.0,"(17,8)":101.1003064232292,"(9,2)":0.0,"(16,13)":947.6281858794885,"(13,22)":118.395501998585,"(11,6)":40.222780913933484,"(17,22)":0.0,"(10,18)":0.0,"(15,1)":0.0,"(3,21)":0.0,"(18,16)":0.0,"(5,22)":5.735860405420551,"(10,6)":0.0,"(22,18)":0.0,"(17,10)":0.0,"(20,13)":51.65229976479448,"(21,4)":0.0,"(2,14)":0.0,"(1,19)":0.0,"(15,3)":0.0,"(7,13)":886.8999335841303,"(11,14)":0.0,"(1,14)":261.2912389496165,"(17,3)":0.0,"(5,6)":44.109957292151215,"(11,11)":0.0,"(4,18)":27.084334252698202,"(20,16)":77.56990062777814,"(19,8)":0.0,"(5,15)":39.81260942190866,"(6,18)":7.103387005792393,"(9,11)":0.0,"(16,21)":58.88624626023746,"(10,10)":0.0,"(21,17)":101.05834988220066,"(1,17)":0.0,"(16,11)":0.0,"(19,18)":0.0,"(8,7)":45.11889735592967,"(22,1)":0.0,"(11,16)":269.71797279116817,"(22,17)":191.49066749564633,