{"(6,9)":0.0,"(18,3)":0.0,"(21,13)":2.676133956116793,"(22,16)":0.0,"(15,17)":4.510545813514146,"(22,14)":0.0,"(13,9)":0.0,"(8,9)":0.0,"(17,14)":308.6846675715284,"(9,1)":0.0,"(16,6)":0.0,"(16,12)":260.9966629217556,"(16,13)":504.9034624976998,"(22,2)":0.0,"(7,16)":403.6177880680041,"(1,12)":214.4188053437109,"(4,5)":0.0,"(11,8)":8.011150724122693,"(18,21)":0.0,"(19,4)":0.0,"(20,13)":2.47617234386291,"(15,4)":7.541281061687226,"(6,18)":0.0,"(5,16)":0.0,"(4,9)":0.0,"(8,4)":0.8562334305492452,"(1,22)":0.0,"(22,15)":0.0,"(1,2)":0.0,"(17,9)":0.0,"(19,20)":0.0,"(14,2)":0.0,"(6,11)":0.0,"(16,2)":0.0,"(8,21)":0.0,"(9,6)":0.0,"(8,2)":0.0,"(21,3)":0.0,"(13,19)":0.0,"(7,19)":0.0,"(8,12)":0.5957629658998468,"(11,4)":0.0,"(17,10)":0.0,"(1,17)":0.0,"(18,5)":0.0,"(2,5)":0.0,"(8,5)":0.6449298253195321,"(3,16)":0.0,"(14,13)":463.7362273102043,"(22,4)":0.0,"(3,9)":0.0,"(15,2)":0.0,"(19,6)":0.0,"(19,9)":0.0,"(18,12)":0.0,"(15,1)":0.0,"(14,6)":0.5402614622650602,"(14,18)":0.0,"(21,4)":0.0,"(22,7)":0.0,"(13,4)":145.38601240839182,"(16,20)":0.0,"(7,12)":267.86498676702865,"(10,22)":0.0,"(12,19)":0.0,"(4,10)":0.0,"(10,8)":3.632706789556401,"(7,2)":0.0,"(11,15)":0.0,"(10,17)":0.0,"(3,13)":0.0,"(20,8)":1.0131332822606165,"(6,3)":5.094072764402996,"(1,7)":121.31706204353951,"(19,13)":0.0,"(21,20)":3.711008171785991,"(8,8)":0.0,"(1,3)":11.417510511675214,"(4,15)":4.153180173658765,"(22,10)":0.0,"(21,9)":0.0,"(11,11)":0.0,"(12,15)":4.782960734534587,"(9,10)":0.0,"(12,5)":0.7076103621170197,"(12,2)":0.0,"(20,4)":1.8693667128098617,"(9,3)":0.0,"(16,4)":186.17953252679155,"(16,10)":0.0,"(17,19)":6.072807825083846,"(11,19)":0.0,"(16,19)":0.0,"(4,1)":302.06913106703945,"(13,20)":1.0348742156691977,"(5,15)":5.236844735036006,"(16,9)":0.0,"(4,17)":0.0,"(5,12)":0.453884000501419,"(5,14)":0.0,"(17,11)":0.0,"(6,16)":0.0,"(22,22)":0.0,"(2,14)":0.0,"(11,9)":0.0,"(17,6)":0.0,"(20,12)":0.950452745463129,"(21,11)":0.577657811195236,"(9,13)":0.0,"(20,15)":5.733413479997715,"(10,20)":0.0,"(11,10)":4.378443934566291,"(15,22)":0.0,"(2,17)":0.0,"(6,2)":0.0,"(21,14)":2.845097287945577,"(8,7)":0.0,"(4,20)":1.7297069349963372,"(3,17)":0.0,"(2,15)":0.0,"(12,21)":0.0,"(1,8)":0.0,"(22,8)":0.0,"(21,5)":0.0,"(1,13)":160.7565701626623,"(3,12)":0.0,"(3,14)":0.0,"(5,11)":0.0,"(15,9)":0.0,"(9,11)":0.0,"(6,15)":0.0,"(1,14)":219.4689126879105,"(7,14)":797.221839706571,"(12,1)":100.73964179763621,"(8,10)":2.3488583464552213,"(14,10)":0.0,"(10,5)":0.0,"(15,8)":6.685047631137981,"(15,19)":2.3917430759517977,"(21,12)":0.0,"(22,20)":0.0,"(2,18)":0.0,"(20,10)":0.0,"(8,22)":0.0,"(16,15)":1.857752765777167,"(1,15)":0.0,"(10,11)":4.536895283334741,"(12,16)":140.89898414736533,"(17,4)":4.476774506656511e-15,"(3,1)":9.197040656030245,"(20,5)":1.6580631075801489,"(15,15)":0.0,"(16,21)":0.0,"(21,8)":0.0,"(16,3)":0.0,"(17,16)":166.70893400175845,"(12,8)":0.06268053679748746,"(13,7)":292.74415859686843,"(3,18)":0.0,"(6,17)":0.0,"(22,19)":0.0,"(6,5)":0.6880265760918566,"(16,17)":116.56135159637022,"(18,18)":0.0,"(13,11)":0.0,"(13,18)":0.0,"(16,11)":0.0,"(2,13)":0.0,"(9,8)":0.0,"(3,4)":9.234968042004725,"(5,17)":9.74739054855015,"(5,20)":2.813371496373577,"(10,19)":0.0,"(2,3)":0.890428460967501,"(21,17)":0.0,"(13,3)":0.0,"(4,11)":0.0,"(6,20)":0.0,"(5,4)":0.21130360522971298,"(17,1)":11.235223594462736,"(2,1)":0.0,"(20,6)":0.0,"(20,11)":0.0,"(5,9)":0.0,"(1,4)":200.52151171368666,"(13,22)":0.0,"(19,19)":0.0,"(18,19)":0.0,"(9,18)":0.0,"(20,16)":0.0,"(3,21)":0.0,"(16,5)":0.0,"(11,22)":0.0,"(19,1)":0.0,"(13,1)":137.89605297515448,"(18,17)":0.0,"(17,18)":0.0,"(14,15)":0.0,"(2,11)":0.0,"(20,2)":0.0,"(10,10)":0.0,"(4,12)":288.8074688064242,"(2,22)":0.0,"(5,22)":0.0,"(6,12)":0.0,"(18,2)":0.0,"(16,7)":351.0083465061682,"(19,7)":0.0,"(7,21)":0.0,"(4,13)":213.11208774177558,"(6,1)":14.291113420433241,"(7,11)":0.0,"(11,6)":1.3792525354447087,"(12,13)":167.09019879573407,"(18,22)":0.0,"(21,18)":0.0,"(22,11)":0.0,"(7,15)":0.0,"(7,6)":2.9505102357493795,"(15,16)":0.0,"(21,16)":0.0,"(20,19)":0.0,"(11,16)":0.0,"(11,7)":0.0,"(8,14)":0.0,"(5,5)":0.0,"(2,7)":0.0,"(8,3)":7.717225970634644,"(5,21)":0.0,"(4,3)":6.860992540085399,"(2,21)":0.0,"(9,7)":0.0,"(18,15)":0.0,"(14,3)":4.4898880580537845,"(4,14)":331.84199274762386,"(18,7)":0.0,"(11,21)":0.0,"(2,10)":0.0,"(14,16)":445.74986361708187,"(14,8)":0.0,"(11,2)":0.0,"(15,6)":0.0,"(19,18)":0.0,"(8,13)":0.0,"(17,22)":0.0,"(1,19)":0.0,"(18,20)":0.0,"(20,1)":0.0,"(3,10)":0.0,"(7,20)":0.0,"(6,14)":0.0,"(9,21)":0.0,"(13,15)":0.0,"(21,21)":0.0,"(17,15)":3.6810647491320485,"(17,20)":12.6629193393447,"(20,21)":5.295901217951612,"(20,7)":0.0,"(11,1)":0.0,"(15,18)":0.0,"(19,17)":0.0,"(10,14)":0.0,"(1,10)":0.0,"(9,9)":0.0,"(13,16)":356.1563793906313,"(22,21)":0.0,"(12,17)":89.83497298064874,"(21,6)":0.0,"(12,14)":213.91530600802687,"(12,10)":0.0,"(19,14)":0.0,"(2,6)":0.0,"(13,14)":484.01562212864275,"(16,1)":143.32994416650428,"(16,14)":984.7421365542199,"(10,4)":0.0,"(1,20)":0.0,"(6,21)":0.0,"(10,12)":0.0,"(15,11)":0.0,"(16,16)":0.0,"(17,17)":0.0,"(16,22)":0.0,"(17,13)":211.5092274828082,"(19,8)":0.0,"(17,3)":0.0,"(2,8)":0.0,"(5,8)":0.0,"(13,21)":2.8197288740887014,"(17,12)":252.05979322362256,"(7,22)":0.0,"(5,19)":0.0,"(1,1)":0.0,"(22,12)":0.0,"(21,19)":0.0,"(17,8)":10.36611238027003,"(10,9)":0.0,"(10,21)":0.0,"(4,19)":0.0,"(11,5)":0.0,"(14,17)":140.7358311448521,"(22,6)":0.0,"(14,14)":0.0,"(2,2)":0.0,"(17,21)":0.0,"(5,18)":0.0,"(15,12)":6.622367094340493,"(10,16)":0.0,"(20,9)":0.0,"(7,1)":161.33834114928607,"(3,11)":0.0,"(5,13)":0.0,"(10,13)":0.0,"(11,17)":0.0,"(14,12)":361.9212712697601,"(21,22)":0.0,"(14,5)":0.0,"(12,11)":0.0,"(15,14)":0.0,"(1,16)":132.08028521214354,"(11,18)":0.0,"(21,1)":0.0,"(22,13)":0.0,"(2,20)":0.0,"(6,6)":0.0,"(16,8)":0.0,"(20,3)":0.0,"(10,2)":0.0,"(4,2)":0.0,"(15,21)":1.0199227762632403,"(1,6)":18.880787416210843,"(13,13)":0.0,"(19,10)":0.0,"(11,3)":5.614429452155556,"(3,19)":0.0,"(22,17)":0.0,"(22,9)":0.0,"(9,20)":0.0,"(8,6)":2.623153206231647,"(4,6)":1.7669197756824027,"(15,5)":7.329977456457514,"(8,1)":0.0,"(13,2)":0.0,"(17,2)":0.0,"(14,9)":0.0,"(9,15)":0.0,"(15,7)":0.0,"(6,10)":0.0,"(6,4)":1.7716911374690971,"(10,7)":0.0,"(5,2)":0.0,"(21,7)":0.0,"(8,19)":0.0,"(7,3)":7.7632464574074485,"(12,12)":0.0,"(14,1)":169.66334578887827,"(10,3)":0.0,"(13,6)":0.0,"(15,3)":0.0,"(20,14)":0.0,"(1,5)":0.0,"(3,5)":8.151303480627487,"(3,8)":8.009424515229059,"(9,5)":0.0,"(14,19)":0.0,"(3,6)":7.463276904535631,"(19,5)":0.0,"(7,17)":87.87497689297425,"(12,4)":104.15175085944675,"(4,21)":0.0,"(4,4)":0.0,"(13,17)":139.23496890150145,"(19,12)":0.0,"(9,4)":0.0,"(20,17)":10.24395929351186,"(22,3)":0.0,"(13,12)":263.0143900917559,"(8,11)":0.0,"(8,18)":0.0,"(6,19)":0.0,"(12,7)":96.93720827720254,"(12,18)":0.0,"(19,22)":0.0,"(20,22)":0.0,"(14,4)":248.37166789456558,"(3,15)":0.0,"(4,22)":0.0,"(2,4)":0.0,"(9,19)":0.0,"(18,16)":0.0,"(6,22)":0.0,"(19,2)":0.0,"(9,22)":0.0,"(22,1)":0.0,"(9,2)":0.0,"(14,21)":2.693548517718556,"(5,1)":0.0,"(15,20)":8.98185459021265,"(10,6)":0.0,"(11,12)":0.0,"(8,16)":0.0,"(1,18)":0.0,"(2,16)":0.0,"(7,13)":673.4051378187229,"(21,15)":0.0,"(8,15)":5.378723700434433,"(9,17)":0.0,"(19,16)":0.0,"(5,10)":0.0,"(18,10)":0.0,"(18,13)":0.0,"(21,10)":0.0,"(8,17)":9.88926951394858,"(8,20)":2.955250461772005,"(4,8)":0.0,"(11,20)":0.0,"(12,9)":0.0,"(7,8)":0.0,"(14,22)":0.0,"(7,7)":0.0,"(18,1)":0.0,"(22,18)":0.0,"(7,9)":0.0,"(9,14)":0.0,"(4,18)":0.0,"(19,15)":0.0,"(20,20)":0.0,"(3,22)":0.0,"(5,7)":0.0,"(11,14)":0.0,"(12,6)":0.0,"(17,5)":11.01104220558956,"(18,6)":0.0,"(6,13)":0.0,"(11,13)":0.0,"(2,19)":0.0,"(19,11)":0.0,"(20,18)":0.0,"(13,5)":0.0,"(4,7)":150.74266152230283,"(6,8)":0.5461476106934288,"(21,2)":0.0,"(12,20)":2.3594874958721586,"(7,5)":0.0,"(2,9)":0.0,"(3,2)":1.9954281083662235,"(14,11)":0.0,"(10,15)":0.0,"(3,7)":12.559134843595906,"(15,10)":0.0,"(15,13)":0.0,"(18,8)":0.0,"(14,7)":377.89856867714224,"(18,11)":0.0,"(9,16)":0.0,"(4,16)":209.27578677210687,"(14,20)":0.0,"(22,5)":0.0,"(5,6)":1.9782233809121157,"(2,12)":0.0,"(12,3)":0.0,"(9,12)":0.0,"(13,10)":0.0,