{"(6,9)":0.0,"(18,3)":0.0,"(21,13)":25.793353746299523,"(22,16)":30.878859954824183,"(15,17)":0.8795639830131705,"(22,14)":0.0,"(13,9)":6.528318794240472,"(8,9)":14.596123047473872,"(17,14)":541.0708063171666,"(9,1)":6.259701752737005,"(16,6)":0.0,"(16,12)":457.84194428512114,"(16,13)":826.5646123513862,"(22,2)":32.5111577150553,"(7,16)":718.0466773562341,"(1,12)":387.7127309432066,"(4,5)":28.865836849328378,"(11,8)":41.53941462559706,"(18,21)":0.0,"(19,4)":14.001827339613786,"(20,13)":27.82191301658946,"(15,4)":63.085943879740675,"(6,18)":27.87603440745742,"(5,16)":0.0,"(4,9)":0.0,"(8,4)":33.767146979056875,"(1,22)":0.0,"(22,15)":10.660762492519638,"(1,2)":0.0,"(17,9)":0.0,"(19,20)":9.362206261450012,"(14,2)":35.32599026264113,"(6,11)":56.293925689351006,"(16,2)":0.0,"(8,21)":3.7053845946594715,"(9,6)":13.872688887195682,"(8,2)":35.498704723465664,"(21,3)":39.12111495110193,"(13,19)":0.0,"(7,19)":0.0,"(8,12)":11.199730510410307,"(11,4)":26.42793250830592,"(17,10)":0.0,"(1,17)":0.0,"(18,5)":28.882040533612646,"(2,5)":8.606894795222525,"(8,5)":0.3235695321897764,"(3,16)":0.0,"(14,13)":765.8125423169847,"(22,4)":30.779599970646498,"(3,9)":0.8186139352137042,"(15,2)":64.81750162414949,"(19,6)":11.214665942046917,"(19,9)":0.0,"(18,12)":48.98558260978971,"(15,1)":58.33394663953579,"(14,6)":56.287065791607596,"(14,18)":33.57822883394805,"(21,4)":23.501728154360404,"(22,7)":30.763396286362227,"(13,4)":396.8312524080609,"(16,20)":0.0,"(7,12)":480.0038913313176,"(10,22)":14.338413876078043,"(12,19)":0.0,"(4,10)":0.0,"(10,8)":16.011201891485065,"(7,2)":1.7477614286930672,"(11,15)":1.7819156166032142,"(10,17)":2.2166018616115304,"(3,13)":0.0,"(20,8)":9.395061488052054,"(6,3)":0.0,"(1,7)":218.85440590359127,"(19,13)":0.0,"(21,20)":36.82338452997138,"(8,8)":0.0,"(1,3)":17.429146562739962,"(4,15)":88.21493271489102,"(22,10)":13.272293828860466,"(21,9)":32.321672540539986,"(11,11)":0.0,"(12,15)":39.24555378938556,"(9,10)":0.0,"(12,5)":0.0,"(12,2)":34.433642430086195,"(20,4)":43.16220846710892,"(9,3)":6.799442410561937,"(16,4)":486.771878759447,"(16,10)":0.0,"(17,19)":34.09924205876092,"(11,19)":0.0,"(16,19)":0.0,"(4,1)":506.70559075979503,"(13,20)":11.03003078367186,"(5,15)":59.349095865562624,"(16,9)":0.0,"(4,17)":48.43770078181186,"(5,12)":20.10354207617707,"(5,14)":1.8020070169915372,"(17,11)":0.0,"(6,16)":0.0,"(22,22)":0.0,"(2,14)":0.0,"(11,9)":0.0,"(17,6)":0.0,"(20,12)":10.460123781431523,"(21,11)":26.246253093451244,"(9,13)":0.0,"(20,15)":49.70567757081708,"(10,20)":0.0,"(11,10)":25.528212734112,"(15,22)":57.738915457346984,"(2,17)":0.0,"(6,2)":23.95503993075767,"(21,14)":19.079753083524842,"(8,7)":0.0,"(4,20)":77.03184253301907,"(3,17)":0.0,"(2,15)":67.95599066078518,"(12,21)":0.5082899490763987,"(1,8)":0.0,"(22,8)":29.283495720345528,"(21,5)":52.36756500368877,"(1,13)":317.9066883011738,"(3,12)":0.0,"(3,14)":63.55158626440764,"(5,11)":4.25631763171032,"(15,9)":18.400338425551876,"(9,11)":19.581743211429732,"(6,15)":0.0,"(1,14)":448.19690502453255,"(7,14)":1338.889343120941,"(12,1)":218.40394044547253,"(8,10)":12.820910312694897,"(14,10)":16.0871263764463,"(10,5)":21.82110519792776,"(15,8)":29.31879690068381,"(15,19)":21.05836137070064,"(21,12)":0.0,"(22,20)":19.549218553070823,"(2,18)":0.0,"(20,10)":32.57501907605095,"(8,22)":27.15932418877294,"(16,15)":19.64922622774786,"(1,15)":39.87070373259217,"(10,11)":12.112123255297668,"(12,16)":259.4665683958997,"(17,4)":188.07397189834515,"(3,1)":0.0,"(20,5)":9.71863102024183,"(15,15)":0.0,"(16,21)":0.0,"(21,8)":46.55766169724609,"(16,3)":-2.220446049250313e-16,"(17,16)":261.3980641388983,"(12,8)":0.0,"(13,7)":571.4212307237765,"(3,18)":39.93746514346642,"(6,17)":0.0,"(22,19)":0.0,"(6,5)":51.08931903567725,"(16,17)":195.39749853968758,"(18,18)":0.0,"(13,11)":22.46643448646955,"(13,18)":0.0,"(16,11)":3.076994188194566,"(2,13)":0.0,"(9,8)":0.0,"(3,4)":34.28491292235787,"(5,17)":60.228659848575795,"(5,20)":48.16600568369069,"(10,19)":0.0,"(2,3)":3.9555814288800586,"(21,17)":38.15417424463873,"(13,3)":13.327761204802407,"(4,11)":0.0,"(6,20)":0.0,"(5,4)":33.44357744686709,"(17,1)":208.0837770372618,"(2,1)":0.0,"(20,6)":48.22292069802562,"(20,11)":50.28834750305901,"(5,9)":0.0,"(1,4)":315.6863340177012,"(13,22)":45.86689582603559,"(19,19)":0.0,"(18,19)":0.0,"(9,18)":0.0,"(20,16)":33.574387975241095,"(3,21)":0.0,"(16,5)":3.63577360877532,"(11,22)":23.994508488615118,"(19,1)":9.249830099408904,"(13,1)":387.1209035469774,"(18,17)":0.0,"(17,18)":0.0,"(14,15)":13.475595040105466,"(2,11)":0.0,"(20,2)":44.893766211517736,"(10,10)":0.0,"(4,12)":508.3571249255054,"(2,22)":0.0,"(5,22)":27.690402103265935,"(6,12)":0.0,"(18,2)":1.7477614286930663,"(16,7)":689.0908750751623,"(19,7)":0.0,"(7,21)":0.0,"(4,13)":403.58061028347265,"(6,1)":0.0,"(7,11)":28.417891281893592,"(11,6)":49.1205657816812,"(12,13)":260.0571184372481,"(18,22)":23.368966735934052,"(21,18)":23.485524470076125,"(22,11)":4.351667462340566,"(7,15)":0.0,"(7,6)":22.708836957659543,"(15,16)":0.0,"(21,16)":31.54582870495116,"(20,19)":1.134625958068893,"(11,16)":54.8733684434393,"(11,7)":26.411728824021665,"(8,14)":2.53064824123519,"(5,5)":0.0,"(2,7)":0.0,"(8,3)":34.454358656385125,"(5,21)":0.0,"(4,3)":0.6872116773282575,"(2,21)":0.0,"(9,7)":0.0,"(18,15)":88.23113639917528,"(14,3)":49.21381931497384,"(4,14)":629.1292390068313,"(18,7)":0.0,"(11,21)":22.65332663430872,"(2,10)":0.0,"(14,16)":794.820520604392,"(14,8)":32.09832826793136,"(11,2)":28.15949025271473,"(15,6)":32.273027312747566,"(19,18)":0.0,"(8,13)":0.0,"(17,22)":0.0,"(1,19)":0.0,"(18,20)":0.0,"(20,1)":38.41021122690403,"(3,10)":0.0,"(7,20)":0.0,"(6,14)":51.49015552839863,"(9,21)":0.0,"(13,15)":2.141574723120674,"(21,21)":0.0,"(17,15)":13.040880688060275,"(17,20)":71.4872034896372,"(20,21)":46.84204252841773,"(20,7)":25.51408374036606,"(11,1)":41.507578647222516,"(15,18)":33.96380180020546,"(19,17)":21.42486042633512,"(10,14)":0.0,"(1,10)":0.0,"(9,9)":0.0,"(13,16)":606.2622299586515,"(22,21)":24.642264247675254,"(12,17)":167.95856977239868,"(21,6)":46.19436142773567,"(12,14)":360.8312626137163,"(12,10)":0.0,"(19,14)":7.882275437078866,"(2,6)":0.0,"(13,14)":794.672271176468,"(16,1)":420.93958889836347,"(16,14)":1617.2910311782684,"(10,4)":0.0,"(1,20)":28.687613550720233,"(6,21)":0.0,"(10,12)":0.0,"(15,11)":34.33845411778095,"(16,16)":0.0,"(17,17)":0.0,"(16,22)":0.0,"(17,13)":357.6981434902844,"(19,8)":0.0,"(17,3)":0.0,"(2,8)":17.510706360989303,"(5,8)":8.903811565766773,"(13,21)":19.020129511828276,"(17,12)":427.1345428821236,"(7,22)":52.4123997705087,"(5,19)":10.778044252814443,"(1,1)":0.0,"(22,12)":0.0,"(21,19)":7.389632026098248,"(17,8)":42.35967758874407,"(10,9)":1.7752127347789697,"(10,21)":0.7199883541010392,"(4,19)":39.64388110214283,"(11,5)":55.29376935763432,"(14,17)":321.1038471440793,"(22,6)":53.47223324402178,"(14,14)":0.0,"(2,2)":0.0,"(17,21)":0.0,"(5,18)":4.321435367331876,"(15,12)":30.38385919406328,"(10,16)":0.08616044055959284,"(20,9)":34.350231810829925,"(7,1)":317.54309282320077,"(3,11)":68.35535642536003,"(5,13)":0.0,"(10,13)":0.0,"(11,17)":61.48171398312687,"(14,12)":622.6145842507199,"(21,22)":47.878031733092335,"(14,5)":62.460269367560684,"(12,11)":3.9545949237176705,"(15,14)":28.94063680777952,"(1,16)":313.3718952598254,"(11,18)":26.41172882402166,"(21,1)":38.58137429327698,"(22,13)":8.51918776939896,"(2,20)":56.77290047891322,"(6,6)":0.0,"(16,8)":0.0,"(20,3)":41.14967422139187,"(10,2)":0.0,"(4,2)":1.7315577444088048,"(15,21)":30.89214914313968,"(1,6)":29.49057729874897,"(13,13)":0.0,"(19,10)":0.0,"(11,3)":42.04731930504746,"(3,19)":0.0,"(22,17)":37.48720549451177,"(22,9)":0.0,"(9,20)":0.0,"(8,6)":41.52760513301889,"(4,6)":7.760458153962008,"(15,5)":29.642366432873587,"(8,1)":29.01514973885198,"(13,2)":0.0,"(17,2)":0.0,"(14,9)":0.0,"(9,15)":0.0,"(15,7)":9.56419035508802,"(6,10)":0.0,"(6,4)":22.223482186348864,"(10,7)":0.0,"(5,2)":35.17513519127589,"(21,7)":23.485524470076133,"(8,19)":1.8742326870476707,"(7,3)":15.63559048102579,"(12,12)":0.0,"(14,1)":372.802973657149,