{"4":0.1805595686437811,"2":0.13463981946340617,"3":0.1403996363212984,"5":0.2388031916569997,"6":0.2388031916569997,"1":0.0}