{"(6,9)":1.6859054907822313,"(18,3)":0.0,"(21,13)":30.737209063367082,"(22,16)":38.78302428041708,"(15,17)":0.0,"(22,14)":0.0,"(13,9)":0.0,"(8,9)":18.5143025958401,"(17,14)":517.8747207746572,"(9,1)":10.607534330901858,"(16,6)":0.0,"(16,12)":446.19246496759513,"(16,13)":824.9987388134092,"(22,2)":29.583393116883475,"(7,16)":717.0756002124735,"(1,12)":429.5494923106229,"(4,5)":33.03801889631313,"(11,8)":40.16255743839021,"(18,21)":0.0,"(19,4)":62.715195917959,"(20,13)":26.27825859252811,"(15,4)":101.26619852237577,"(6,18)":30.67978584523067,"(5,16)":0.0,"(4,9)":0.0,"(8,4)":49.856296204791576,"(1,22)":0.0,"(22,15)":0.0,"(1,2)":0.0,"(17,9)":0.0,"(19,20)":1.6792280650566889,"(14,2)":41.00785956821939,"(6,11)":84.47042915200785,"(16,2)":0.0,"(8,21)":22.618852814137203,"(9,6)":18.077204140239846,"(8,2)":75.32688044304241,"(21,3)":37.53153732295964,"(13,19)":0.0,"(7,19)":0.0,"(8,12)":29.71800542902148,"(11,4)":5.432218271303928,"(17,10)":0.0,"(1,17)":0.0,"(18,5)":16.460289486305484,"(2,5)":40.21480052835518,"(8,5)":5.975667735730375,"(3,16)":0.0,"(14,13)":757.2457255245739,"(22,4)":4.112808878632665,"(3,9)":7.352560785707287,"(15,2)":126.7367827606266,"(19,6)":19.621234845656247,"(19,9)":1.5440307054163926,"(18,12)":54.14219307284567,"(15,1)":113.6930537954987,"(14,6)":89.16227617803465,"(14,18)":32.11500473997622,"(21,4)":0.0,"(22,7)":37.15082777494578,"(13,4)":337.1264061209193,"(16,20)":0.0,"(7,12)":472.76982536637024,"(10,22)":40.12246337914207,"(12,19)":7.344142506495909,"(4,10)":0.0,"(10,8)":12.145988162415446,"(7,2)":0.0,"(11,15)":0.0,"(10,17)":6.22031895022179,"(3,13)":0.0,"(20,8)":50.173892661560984,"(6,3)":0.0,"(1,7)":218.46646176562558,"(19,13)":7.992705876670924,"(21,20)":45.61447481469188,"(8,8)":0,"(1,3)":18.02872786521579,"(4,15)":75.34170200411836,"(22,10)":0.0,"(21,9)":24.288533892112547,"(11,11)":0,"(12,15)":4.621779521265043,"(9,10)":0.0,"(12,5)":42.982387765967545,"(12,2)":112.33360047327956,"(20,4)":100.03018886635255,"(9,3)":13.243003430847098,"(16,4)":425.50115893432826,"(16,10)":0.0,"(17,19)":40.045416718892646,"(11,19)":1.4935653657959198,"(16,19)":0.0,"(4,1)":523.8844432731227,"(13,20)":14.877265751324803,"(5,15)":42.303683107805234,"(16,9)":0.0,"(4,17)":32.35886840731342,"(5,12)":37.68190358654018,"(5,14)":0.0,"(17,11)":0.0,"(6,16)":0.0,"(22,22)":0,"(2,14)":0.0,"(11,9)":0.0,"(17,6)":0.0,"(20,12)":13.167172631323814,"(21,11)":32.00127191686909,"(9,13)":0.0,"(20,15)":17.788952152588855,"(10,20)":2.9848388847325706,"(11,10)":28.016569275974764,"(15,22)":89.94780179169047,"(2,17)":0.0,"(6,2)":48.62713088167355,"(21,14)":21.89621485820445,"(8,7)":0.0,"(4,20)":96.54697086497974,"(3,17)":3.117404198662264,"(2,15)":82.51848363616043,"(12,21)":36.83317286693551,"(1,8)":12.743905881601517,"(22,8)":0.0,"(21,5)":1.778756080599463,"(1,13)":320.36828397780977,"(3,12)":0.0,"(3,14)":88.7190758818287,"(5,11)":2.5712452273888506,"(15,9)":23.291355499259325,"(9,11)":14.820576008958623,"(6,15)":0.0,"(1,14)":453.7353029712356,"(7,14)":1344.81568520561,"(12,1)":289.7437245081516,"(8,10)":21.207836072403055,"(14,10)":0.0,"(10,5)":0.0,"(15,8)":51.40990231758419,"(15,19)":21.747324793842928,"(21,12)":0.0,"(22,20)":6.220002824562913,"(2,18)":0.0,"(20,10)":22.523116897836537,"(8,22)":61.33029945154513,"(16,15)":30.272844182033662,"(1,15)":47.083690831888035,"(10,11)":11.66419051336424,"(12,16)":289.4946393834562,"(17,4)":120.76791650357102,"(3,1)":0.0,"(20,5)":56.149560397291346,"(15,15)":0,"(16,21)":0.13592384902930194,"(21,8)":39.12805553109096,"(16,3)":0.0,"(17,16)":255.3627285692427,"(12,8)":37.00672003023717,"(13,7)":544.7706070172325,"(3,18)":42.71832318991325,"(6,17)":2.025081807128131,"(22,19)":0.0,"(6,5)":56.194565539735876,"(16,17)":200.76390525698395,"(18,18)":0,"(13,11)":30.787585143622763,"(13,18)":0.0,"(16,11)":0.0,"(2,13)":0.0,"(9,8)":0.0,"(3,4)":35.19508398810532,"(5,17)":39.73146715966815,"(5,20)":63.508951968666615,"(10,19)":0.0,"(2,3)":2.2522422075336994,"(21,17)":44.64381932064038,"(13,3)":6.794328259592567,"(4,11)":0.0,"(6,20)":0.0,"(5,4)":43.88062846906122,"(17,1)":191.8534065422991,"(2,1)":0.0,"(20,6)":37.90678756151343,"(20,11)":57.065843736150875,"(5,9)":0.0,"(1,4)":335.7725518277697,"(13,22)":60.20777112117662,"(19,19)":0,"(18,19)":0.0,"(9,18)":0.0,"(20,16)":28.21011659281748,"(3,21)":1.1858326758403714,"(16,5)":0.0,"(11,22)":27.409270915843553,"(19,1)":75.14205119108195,"(13,1)":378.4917421596473,"(18,17)":0.0,"(17,18)":0.0,"(14,15)":0.0,"(2,11)":0.0,"(20,2)":125.50077310460337,"(10,10)":0,"(4,12)":530.1076684828532,"(2,22)":0.0,"(5,22)":29.98051614323241,"(6,12)":0.0,"(18,2)":8.892854828243163,"(16,7)":660.8743778306415,"(19,7)":0.0,"(7,21)":0.0,"(4,13)":385.95598815004007,"(6,1)":0.0,"(7,11)":37.3303538204717,"(11,6)":79.05721911936999,"(12,13)":293.9058063831669,"(18,22)":25.640444798616826,"(21,18)":0.0,"(22,11)":0.0,"(7,15)":0.0,"(7,6)":40.58698195175293,"(15,16)":0.0,"(21,16)":32.669067063656456,"(20,19)":20.51131513781973,"(11,16)":66.19229519626063,"(11,7)":38.47023716761705,"(8,14)":26.131137920839826,"(5,5)":0,"(2,7)":0.0,"(8,3)":57.11602855271714,"(5,21)":0.0,"(4,3)":7.259732347925553,"(2,21)":0.0,"(9,7)":0.0,"(18,15)":58.763972594110726,"(14,3)":84.32807546864188,"(4,14)":614.5814191434658,"(18,7)":0.0,"(11,21)":24.12747678955439,"(2,10)":0.0,"(14,16)":809.1255678111224,"(14,8)":11.158049992297897,"(11,2)":30.90280250955474,"(15,6)":41.368559639499175,"(19,18)":0.0,"(8,13)":4.41735884704599,"(17,22)":0.0,"(1,19)":49.8060538171189,"(18,20)":0.0,"(20,1)":112.45704413947549,"(3,10)":0.0,"(7,20)":0.0,"(6,14)":76.68053853714612,"(9,21)":0.0,"(13,15)":0.0,"(21,21)":0,"(17,15)":18.29809192504972,"(17,20)":58.52832259452317,"(20,21)":47.77458307629679,"(20,7)":0.0,"(11,1)":71.58754931003202,"(15,18)":61.72564139793013,"(19,17)":0.0,"(10,14)":4.923301848436768,"(1,10)":0.0,"(9,9)":0,"(13,16)":602.4416130002893,"(22,21)":20.492900953080223,"(12,17)":129.88301557312798,"(21,6)":42.365738032352404,"(12,14)":402.6199429736382,"(12,10)":11.581706688475256,"(19,14)":33.001315467142234,"(2,6)":19.270714689360346,"(13,14)":802.6122635904713,"(16,1)":410.7445539730564,"(16,14)":1600.1302812054143,"(10,4)":0.0,"(1,20)":68.28895969274943,"(6,21)":0.16789167731059484,"(10,12)":0.0,"(15,11)":60.5276158141366,"(16,16)":0,"(17,17)":0,"(16,22)":0.0,"(17,13)":350.09693438265174,"(19,8)":12.858899713167432,"(17,3)":0.0,"(2,8)":48.1786986858739,"(5,8)":7.963898157518715,"(13,21)":21.496324483768678,"(17,12)":416.4110772123968,"(7,22)":64.73962473631528,"(5,19)":45.0260460930361,"(1,1)":0,"(22,12)":0.0,"(21,19)":7.697444534622874,"(17,8)":69.70799424263392,"(10,9)":0.0,"(10,21)":4.288747427399897,"(4,19)":78.06406498934923,"(11,5)":38.47023716761707,"(14,17)":340.77530106810633,"(22,6)":77.73780972669871,"(14,14)":0,"(2,2)":0,"(17,21)":0.0,"(5,18)":4.340071344615574,"(15,12)":14.40318228734702,"(10,16)":2.707843601732227,"(20,9)":19.82958342127358,"(7,1)":335.5645551424151,"(3,11)":96.50896649669043,"(5,13)":0.0,"(10,13)":0.0,"(11,17)":78.16704745324458,"(14,12)":603.9641616787601,"(21,22)":57.09537638890974,"(14,5)":48.5752942262817,"(12,11)":46.124433526789595,"(15,14)":54.74864026098518,"(1,16)":312.01287397809926,"(11,18)":22.009947681311576,"(21,1)":34.896068223014424,"(22,13)":0.0,"(2,20)":103.7237524970218,"(6,6)":0,"(16,8)":0.0,"(20,3)":33.07258685212067,"(10,2)":0.0,"(4,2)":25.470584238250815,"(15,21)":51.23635515428255,"(1,6)":30.067265209898366,"(13,13)":0,"(19,10)":4.237564181979347,"(11,3)":74.22301840997727,"(3,19)":0.0,"(22,17)":50.757776537401014,"(22,9)":0.0,"(9,20)":0.0,"(8,6)":61.95022926210989,"(4,6)":12.093933057318297,"(15,5)":57.38557005331455,"(8,1)":62.2831514779145,"(13,2)":0.0,"(17,2)":0.0,"(14,9)":0.0,"(9,15)":0.0,"(15,7)":0.781577687746235,"(6,10)":0.0,"(6,4)":23.156546643422747,"(10,7)":0.0,"(5,2)":69.35121270731203,"(21,7)":1.7787560805994593,"(8,19)":37.06214793551739,"(7,3)":35.75278124236019,"(12,12)":0,"(14,1)":405.8215013686967,"(10,3)":10.549469954284145,"(13,6)":11.628528968985313,"(15,3)":36.53435893010642,