{"(6,9)":0.0,"(18,3)":0.0,"(21,13)":2.675964056333848,"(22,16)":0.0,"(15,17)":4.510259452380045,"(22,14)":0.0,"(13,9)":0.0,"(8,9)":0.0,"(17,14)":308.66507010037077,"(9,1)":0.0,"(16,6)":0.0,"(16,12)":260.9800930201337,"(16,13)":504.87140767903475,"(22,2)":0.0,"(7,16)":403.5921635754674,"(1,12)":214.40519253169,"(4,5)":0.0,"(11,8)":8.010642119997678,"(18,21)":0.0,"(19,4)":0.0,"(20,13)":2.4760151390478087,"(15,4)":7.540802288189141,"(6,18)":0.0,"(5,16)":0.0,"(4,9)":0.0,"(8,4)":0.8561790708361715,"(1,22)":0.0,"(22,15)":0.0,"(1,2)":0.0,"(17,9)":0.0,"(19,20)":0.0,"(14,2)":0.0,"(6,11)":0.0,"(16,2)":0.0,"(8,21)":0.0,"(9,6)":0.0,"(8,2)":0.0,"(21,3)":0.0,"(13,19)":0.0,"(7,19)":0.0,"(8,12)":0.5957251426816323,"(11,4)":0.0,"(17,10)":0.0,"(1,17)":0.0,"(18,5)":0.0,"(2,5)":0.0,"(8,5)":0.6448888806436924,"(3,16)":0.0,"(14,13)":463.70678607682214,"(22,4)":0.0,"(3,9)":0.0,"(15,2)":0.0,"(19,6)":0.0,"(19,9)":0.0,"(18,12)":0.0,"(15,1)":0.0,"(14,6)":0.5402271626721856,"(14,18)":0.0,"(21,4)":0.0,"(22,7)":0.0,"(13,4)":145.37678228301075,"(16,20)":0.0,"(7,12)":267.84798081596017,"(10,22)":0.0,"(12,19)":0.0,"(4,10)":0.0,"(10,8)":3.632476159810218,"(7,2)":0.0,"(11,15)":0.0,"(10,17)":0.0,"(3,13)":0.0,"(20,8)":1.01306896144276,"(6,3)":5.0937493568788685,"(1,7)":121.30935998420811,"(19,13)":0.0,"(21,20)":3.7107725709180093,"(8,8)":0.0,"(1,3)":11.416785647901754,"(4,15)":4.152916500605917,"(22,10)":0.0,"(21,9)":0.0,"(11,11)":0.0,"(12,15)":4.7826570785876275,"(9,10)":0.0,"(12,5)":0.7075654380403833,"(12,2)":0.0,"(20,4)":1.8692480322789318,"(9,3)":0.0,"(16,4)":186.16771254218543,"(16,10)":0.0,"(17,19)":6.07242228058261,"(11,19)":0.0,"(16,19)":0.0,"(4,1)":302.04995359661217,"(13,20)":1.034808514584162,"(5,15)":5.236512263344233,"(16,9)":0.0,"(4,17)":0.0,"(5,12)":0.45385518475660497,"(5,14)":0.0,"(17,11)":0.0,"(6,16)":0.0,"(22,22)":0.0,"(2,14)":0.0,"(11,9)":0.0,"(17,6)":0.0,"(20,12)":0.9503924040460691,"(21,11)":0.577621137419428,"(9,13)":0.0,"(20,15)":5.733049482633696,"(10,20)":0.0,"(11,10)":4.378165960187459,"(15,22)":0.0,"(2,17)":0.0,"(6,2)":0.0,"(21,14)":2.844916661183387,"(8,7)":0.0,"(4,20)":1.7295971210491903,"(3,17)":0.0,"(2,15)":0.0,"(12,21)":0.0,"(1,8)":0.0,"(22,8)":0.0,"(21,5)":0.0,"(1,13)":160.74636420629932,"(3,12)":0.0,"(3,14)":0.0,"(5,11)":0.0,"(15,9)":0.0,"(9,11)":0.0,"(6,15)":0.0,"(1,14)":219.4549792595992,"(7,14)":797.1712264638311,"(12,1)":100.7332461374951,"(8,10)":2.3487092244270356,"(14,10)":0.0,"(10,5)":0.0,"(15,8)":6.6846232173529705,"(15,19)":2.391591231299725,"(21,12)":0.0,"(22,20)":0.0,"(2,18)":0.0,"(20,10)":0.0,"(8,22)":0.0,"(16,15)":1.8576348225811807,"(1,15)":0.0,"(10,11)":4.536607249351194,"(12,16)":140.89003889005892,"(17,4)":4.476490289562207e-15,"(3,1)":9.196456763281667,"(20,5)":1.6579578420864527,"(15,15)":0.0,"(16,21)":0.0,"(21,8)":0.0,"(16,3)":0.0,"(17,16)":166.69835014752454,"(12,8)":0.06267655739669085,"(13,7)":292.7255731412,"(3,18)":0.0,"(6,17)":0.0,"(22,19)":0.0,"(6,5)":0.6879828953315301,"(16,17)":116.5539514629461,"(18,18)":0.0,"(13,11)":0.0,"(13,18)":0.0,"(16,11)":0.0,"(2,13)":0.0,"(9,8)":0.0,"(3,4)":9.234381741359252,"(5,17)":9.746771715724275,"(5,20)":2.8131928837875044,"(10,19)":0.0,"(2,3)":0.8903719303136819,"(21,17)":0.0,"(13,3)":0.0,"(4,11)":0.0,"(6,20)":0.0,"(5,4)":0.2112901901924791,"(17,1)":11.234510303543319,"(2,1)":0.0,"(20,6)":0.0,"(20,11)":0.0,"(5,9)":0.0,"(1,4)":200.50878119949166,"(13,22)":0.0,"(19,19)":0.0,"(18,19)":0.0,"(9,18)":0.0,"(20,16)":0.0,"(3,21)":0.0,"(16,5)":0.0,"(11,22)":0.0,"(19,1)":0.0,"(13,1)":137.887298365014,"(18,17)":0.0,"(17,18)":0.0,"(14,15)":0.0,"(2,11)":0.0,"(20,2)":0.0,"(10,10)":0.0,"(4,12)":288.7891332794783,"(2,22)":0.0,"(5,22)":0.0,"(6,12)":0.0,"(18,2)":0.0,"(16,7)":350.98606203055476,"(19,7)":0.0,"(7,21)":0.0,"(4,13)":213.09855788936756,"(6,1)":14.290206120160535,"(7,11)":0.0,"(11,6)":1.3791649708047313,"(12,13)":167.07959073613273,"(18,22)":0.0,"(21,18)":0.0,"(22,11)":0.0,"(7,15)":0.0,"(7,6)":2.9503229166327536,"(15,16)":0.0,"(21,16)":0.0,"(20,19)":0.0,"(11,16)":0.0,"(11,7)":0.0,"(8,14)":0.0,"(5,5)":0.0,"(2,7)":0.0,"(8,3)":7.716736026917755,"(5,21)":0.0,"(4,3)":6.8605569560815844,"(2,21)":0.0,"(9,7)":0.0,"(18,15)":0.0,"(14,3)":4.489603008419118,"(4,14)":331.82092508678755,"(18,7)":0.0,"(11,21)":0.0,"(2,10)":0.0,"(14,16)":445.72156428441826,"(14,8)":0.0,"(11,2)":0.0,"(15,6)":0.0,"(19,18)":0.0,"(8,13)":0.0,"(17,22)":0.0,"(1,19)":0.0,"(18,20)":0.0,"(20,1)":0.0,"(3,10)":0.0,"(7,20)":0.0,"(6,14)":0.0,"(9,21)":0.0,"(13,15)":0.0,"(21,21)":0.0,"(17,15)":3.6808310492828853,"(17,20)":12.662115408270065,"(20,21)":5.295564996939442,"(20,7)":0.0,"(11,1)":0.0,"(15,18)":0.0,"(19,17)":0.0,"(10,14)":0.0,"(1,10)":0.0,"(9,9)":0.0,"(13,16)":356.1337680817262,"(22,21)":0.0,"(12,17)":89.82926962548768,"(21,6)":0.0,"(12,14)":213.90172516168084,"(12,10)":0.0,"(19,14)":0.0,"(2,6)":0.0,"(13,14)":483.98489341681807,"(16,1)":143.32084457477876,"(16,14)":984.6796182057361,"(10,4)":0.0,"(1,20)":0.0,"(6,21)":0.0,"(10,12)":0.0,"(15,11)":0.0,"(16,16)":0.0,"(17,17)":0.0,"(16,22)":0.0,"(17,13)":211.49579939122924,"(19,8)":0.0,"(17,3)":0.0,"(2,8)":0.0,"(5,8)":0.0,"(13,21)":2.819549857891632,"(17,12)":252.04379069726917,"(7,22)":0.0,"(5,19)":0.0,"(1,1)":0.0,"(22,12)":0.0,"(21,19)":0.0,"(17,8)":10.365454266635856,"(10,9)":0.0,"(10,21)":0.0,"(4,19)":0.0,"(11,5)":0.0,"(14,17)":140.72689624564444,"(22,6)":0.0,"(14,14)":0.0,"(2,2)":0.0,"(17,21)":0.0,"(5,18)":0.0,"(15,12)":6.621946659956279,"(10,16)":0.0,"(20,9)":0.0,"(7,1)":161.328098258014,"(3,11)":0.0,"(5,13)":0.0,"(10,13)":0.0,"(11,17)":0.0,"(14,12)":361.89829396502114,"(21,22)":0.0,"(14,5)":0.0,"(12,11)":0.0,"(15,14)":0.0,"(1,16)":132.0718998277955,"(11,18)":0.0,"(21,1)":0.0,"(22,13)":0.0,"(2,20)":0.0,"(6,6)":0.0,"(16,8)":0.0,"(20,3)":0.0,"(10,2)":0.0,"(4,2)":0.0,"(15,21)":1.0198580244006095,"(1,6)":18.879588731191163,"(13,13)":0.0,"(19,10)":0.0,"(11,3)":5.6140730087334685,"(3,19)":0.0,"(22,17)":0.0,"(22,9)":0.0,"(9,20)":0.0,"(8,6)":2.6229866700388857,"(4,6)":1.7668075992027148,"(15,5)":7.3295120979966635,"(8,1)":0.0,"(13,2)":0.0,"(17,2)":0.0,"(14,9)":0.0,"(9,15)":0.0,"(15,7)":0.0,"(6,10)":0.0,"(6,4)":1.771578658069845,"(10,7)":0.0,"(5,2)":0.0,"(21,7)":0.0,"(8,19)":0.0,"(7,3)":7.762753591986773,"(12,12)":0.0,"(14,1)":169.65257436782986,"(10,3)":0.0,"(13,6)":0.0,"(15,3)":0.0,"(20,14)":0.0,"(1,5)":0.0,"(3,5)":8.15078597862094,"(3,8)":8.00891602069591,"(9,5)":0.0,"(14,19)":0.0,"(3,6)":7.46280308328941,"(19,5)":0.0,"(7,17)":87.86939797213348,"(12,4)":104.14513857465288,"(4,21)":0.0,"(4,4)":0.0,"(13,17)":139.2261292875723,"(19,12)":0.0,"(9,4)":0.0,"(20,17)":10.24330893501374,"(22,3)":0.0,"(13,12)":262.997692090639,"(8,11)":0.0,"(8,18)":0.0,"(6,19)":0.0,"(12,7)":96.93105402225278,"(12,18)":0.0,"(19,22)":0.0,"(20,22)":0.0,"(14,4)":248.35589951631655,"(3,15)":0.0,"(4,22)":0.0,"(2,4)":0.0,"(9,19)":0.0,"(18,16)":0.0,"(6,22)":0.0,"(19,2)":0.0,"(9,22)":0.0,"(22,1)":0.0,"(9,2)":0.0,"(14,21)":2.6933775123369053,"(5,1)":0.0,"(15,20)":8.981284358987178,"(10,6)":0.0,"(11,12)":0.0,"(8,16)":0.0,"(1,18)":0.0,"(2,16)":0.0,"(7,13)":673.3623853300112,"(21,15)":0.0,"(8,15)":5.37838222126926,"(9,17)":0.0,"(19,16)":0.0,"(5,10)":0.0,"(18,10)":0.0,"(18,13)":0.0,"(21,10)":0.0,"(8,17)":9.888641673649305,"(8,20)":2.955062841712532,"(4,8)":0.0,"(11,20)":0.0,"(12,9)":0.0,"(7,8)":0.0,"(14,22)":0.0,"(7,7)":0.0,"(18,1)":0.0,"(22,18)":0.0,"(7,9)":0.0,"(9,14)":0.0,"(4,18)":0.0,"(19,15)":0.0,"(20,20)":0.0,"(3,22)":0.0,"(5,7)":0.0,"(11,14)":0.0,"(12,6)":0.0,"(17,5)":11.010343147279547,"(18,6)":0.0,"(6,13)":0.0,"(11,13)":0.0,"(2,19)":0.0,"(19,11)":0.0,"(20,18)":0.0,"(13,5)":0.0,"(4,7)":150.7330913192064,"(6,8)":0.5461129374065027,"(21,2)":0.0,"(12,20)":2.3593376990309,"(7,5)":0.0,"(2,9)":0.0,"(3,2)":1.9953014245723426,"(14,11)":0.0,"(10,15)":0.0,"(3,7)":12.55833750149013,"(15,10)":0.0,"(15,13)":0.0,"(18,8)":0.0,"(14,7)":377.8745770213259,"(18,11)":0.0,"(9,16)":0.0,"(4,16)":209.2625004750338,"(14,20)":0.0,"(22,5)":0.0,"(5,6)":1.9780977893951939,"(2,12)":0.0,"(12,3)":0.0,"(9,12)":0.0,"(13,10)":0.0,