{"(16,1)":103.0561951828245,"(11,20)":115.40194246588463,"(2,8)":31.00120979181563,"(3,22)":42.49965745616558,"(20,1)":54.83169542710639,"(14,5)":127.3315123767671,"(19,5)":0.0,"(11,1)":45.839725718543846,"(9,6)":7.757076800069767,"(2,17)":2.181150097613749,"(15,20)":116.72328375597486,"(8,12)":0.0,"(22,20)":13.96172114086259,"(8,9)":12.476661897674331,"(14,11)":14.708937743985338,"(15,22)":94.59907035621329,"(13,16)":372.5173770236486,"(19,2)":5.097633810676097,"(2,18)":4.339682486388023,"(11,17)":36.6907667025622,"(11,7)":51.68342420277739,"(3,3)":0.0,"(15,21)":26.523338046114837,"(4,1)":279.4745108691553,"(16,3)":0.0,"(13,7)":202.18287017110208,"(14,13)":458.4851143020034,"(5,3)":47.26304381927216,"(11,13)":75.40446343064906,"(17,7)":160.68956507865383,"(1,3)":97.3031632682179,"(15,18)":81.09478319348712,"(1,8)":0.0,"(20,12)":19.604332348226,"(13,17)":225.53878167661125,"(17,11)":0.0,"(12,22)":49.42545068946243,"(21,12)":9.919115031638833,"(10,19)":0.0,"(6,8)":102.35086141432805,"(8,8)":0.0,"(7,15)":0.0,"(5,4)":52.37307292322506,"(18,19)":0.0,"(1,16)":98.71086305082017,"(6,14)":17.41848770964901,"(6,10)":0.1838285905895554,"(15,4)":87.34272115647602,"(10,17)":51.197384279205785,"(17,15)":66.83025961295449,"(11,22)":0.0,"(11,8)":160.27062683572498,"(9,13)":0.0,"(16,22)":0.0,"(10,13)":0.0,"(2,3)":24.896937820317834,"(3,6)":26.2266655957145,"(5,12)":0.0,"(17,13)":216.61694898755172,"(15,17)":37.88257416814769,"(10,7)":0.0,"(14,4)":370.59342898361115,"(3,16)":0.6807260403177776,"(1,13)":68.23981890717172,"(16,9)":0.0,"(11,15)":110.78690563005478,"(18,22)":0.0,"(19,1)":0.0,"(15,7)":0.0,"(18,3)":3.6475162325609127,"(12,7)":0.0,"(17,18)":0.0,"(5,13)":0.0,"(3,1)":6.662576545128726,"(13,3)":0.0,"(15,11)":61.35084964554685,"(16,12)":212.18031859703322,"(20,9)":4.047448884103048,"(2,1)":0.0,"(3,12)":0.0,"(21,22)":61.50154797274907,"(1,9)":0.06166555967796168,"(7,9)":0.20112784313607782,"(19,16)":0.0,"(19,4)":2.214924888496587,"(9,15)":0.0,"(2,5)":0.18160666224666394,"(9,17)":0.0,"(2,19)":-1.2434497875801752e-16,"(2,11)":33.21408458012195,"(6,12)":0.0,"(9,14)":0.0,"(10,16)":15.279236914212353,"(17,9)":0.0,"(22,7)":4.379462070386605,"(1,2)":0.0,"(17,19)":82.6046834026215,"(22,6)":30.044154986192833,"(20,8)":0.0,"(21,20)":114.34641136579712,"(5,8)":32.588481171662615,"(13,11)":84.1292663648709,"(5,19)":0.0,"(4,17)":45.59586422088064,"(8,3)":62.55648439065939,"(17,21)":45.55664612386383,"(9,19)":0.0,"(7,2)":48.38901011902772,"(3,10)":0.0,"(12,2)":45.05181041190457,"(6,15)":0.0,"(11,21)":43.594314248932314,"(22,4)":49.88576326723477,"(15,2)":90.22543007865542,"(6,2)":57.212239931688735,"(5,11)":83.20806557578459,"(10,21)":20.56214824803342,"(21,19)":49.873291632867335,"(12,10)":0.0,"(13,18)":0.0,"(9,5)":21.710027903174254,"(1,18)":0.0,"(14,9)":27.72161962025882,"(22,16)":73.76451365543777,"(8,4)":67.66651349461226,"(17,4)":49.31162099550194,"(22,19)":0.0,"(17,2)":0.0,"(13,19)":0.0,"(10,4)":0.0,"(9,20)":0.0,"(20,17)":157.29916601470208,"(20,10)":36.96948242550373,"(10,9)":0.0,"(3,2)":0.0,"(4,20)":82.99797426161595,"(1,20)":0.6814590245181947,"(9,22)":0.0,"(7,16)":343.9846105985339,"(10,8)":56.12655688767046,"(16,18)":0.0,"(7,10)":0.0,"(17,17)":0.0,"(17,14)":244.61686394612272,"(8,16)":63.23236128060909,"(4,4)":0.0,"(12,4)":133.92434100972503,"(19,9)":0.0,"(21,11)":77.35598156593235,"(20,14)":182.3917295037458,"(22,2)":52.76847218941432,"(16,20)":28.15774476596422,"(9,16)":0.0,"(21,16)":110.58084655421011,"(14,21)":123.22764192557263,"(4,2)":2.8827089221794977,"(14,1)":242.06084466252918,"(14,12)":334.6426687630804,"(7,22)":0.0,"(10,2)":0.0,"(14,7)":407.0178516267627,"(3,19)":0.0,"(10,20)":11.257872517830126,"(13,2)":0.0,"(11,19)":50.928822732954906,"(17,12)":326.88136895970536,"(7,12)":134.01853315596284,"(13,20)":39.99747903523558,"(22,8)":3.1915348397907497,"(17,16)":163.2484857315957,"(9,21)":0.0,"(8,1)":60.72477508376755,"(22,5)":65.31861250039097,"(8,5)":15.293440571387181,"(16,6)":0.0,"(6,21)":1.0095153039589504,"(4,11)":37.13777647216037,"(19,14)":79.97014241574426,"(15,10)":0.0,"(21,1)":0.989978339244367,"(4,13)":171.46096222426937,"(5,1)":45.43133451238035,"(6,19)":0.0,"(12,12)":0.0,"(11,12)":10.974646131726395,"(21,10)":47.449668177054775,"(11,5)":112.6225746327817,"(18,14)":0.0,"(14,10)":12.101046011674915,"(14,20)":75.97462101723869,"(18,13)":0.0,"(7,8)":93.52763160166701,"(13,13)":0.0,"(18,21)":0.0,"(11,10)":104.14406994805451,"(8,10)":55.74005357436596,"(12,19)":0.0,"(13,12)":200.42457110107745,"(21,9)":11.382748408283637,"(11,9)":13.012681876273497,"(4,21)":0.0,"(22,3)":0.0,"(6,16)":0.1309234394540524,"(7,7)":0.0,"(1,15)":28.94405443362268,"(12,21)":0.0,"(19,12)":0.0,"(3,17)":30.619126170873972,"(12,13)":88.04658009392506,"(3,13)":0.0,"(5,7)":56.38822829260899,"(16,2)":0.0,"(1,21)":0.0,"(16,5)":0.0,"(4,9)":12.62152795973095,"(20,3)":0.0,"(13,14)":553.9810291647353,"(14,3)":53.88608691740043,"(9,3)":0.0,"(7,5)":60.939150430004396,"(9,1)":0.0,"(21,3)":0.0,"(22,9)":0.0,"(19,21)":10.748914256447815,"(12,1)":141.88152075888044,"(19,3)":0.0,"(10,15)":6.642835682000281,"(16,4)":199.71687902390622,"(14,17)":259.0223776592026,"(17,20)":183.55354336892938,"(7,6)":25.66469291580624,"(18,4)":24.635056288579406,"(14,14)":0.0,"(4,6)":33.06093884121561,"(6,9)":31.965381869630782,"(10,5)":0.0,"(2,4)":3.2021648457525185,"(18,12)":30.902927182818747,"(18,6)":35.92778624817899,"(7,14)":683.7406339265355,"(8,21)":76.30220182239935,"(7,17)":109.17174117149675,"(22,22)":0.0,"(1,12)":145.90084029529427,"(1,7)":103.90259773228628,"(19,22)":78.82464656654628,"(15,12)":45.173619666750874,"(18,18)":0.0,"(19,10)":0.0,"(20,21)":113.17050134444926,"(19,11)":45.5764258558798,"(9,10)":0.0,"(1,11)":2.6268422016764967,"(15,16)":42.77638677974347,"(2,2)":0.0,"(8,15)":63.23923926590165,"(12,15)":99.81225949832844,"(9,8)":0.0,"(19,6)":0.0,"(12,18)":35.921163526736244,"(18,5)":40.06790552173554,"(15,15)":0.0,"(8,2)":70.54922241679174,"(12,11)":16.177229978795943,"(8,6)":100.72745233582788,"(17,5)":101.79990784620537,"(5,18)":46.12513496023622,"(14,2)":114.78137206579045,"(8,14)":145.52342998169578,"(6,7)":70.2319781031137,"(18,2)":27.517765210758906,"(3,15)":0.0,"(2,12)":0.0,"(19,13)":0.0,"(15,6)":0.0,"(1,5)":0.0,"(13,10)":0.0,"(5,17)":133.71029460571202,"(6,20)":0.0,"(2,15)":94.2404490577173,"(13,4)":149.9097094479503,"(22,14)":0.0,"(12,3)":0.0,"(16,10)":0.0,"(2,20)":65.97785364861281,"(22,12)":0.0,"(20,11)":147.99801294388126,"(2,6)":18.72539105707861,"(16,16)":0.0,"(5,10)":0.0,"(3,7)":96.45864369882818,"(21,2)":8.675190987077745,"(16,8)":26.509724210285313,"(10,12)":0.0,"(22,15)":9.346684305032749,"(4,5)":15.432849233156155,"(17,1)":0.7225103544202565,"(5,21)":0.0,"(1,4)":121.5406000429023,"(19,7)":0.0,"(13,1)":84.67731256686862,"(5,14)":3.5747378991443033,"(9,9)":0.0,"(13,21)":49.3017547654389,"(7,3)":0.0,"(6,6)":0.0,"(2,21)":0.0,"(18,11)":37.08293061554839,"(11,4)":97.18972539962557,"(16,17)":149.42700225296272,"(12,14)":253.44465813866043,"(4,15)":111.26056967072047,"(12,8)":0.0,"(7,4)":231.3981359968482,"(21,13)":74.3489323305615,"(18,17)":0.0,"(13,8)":29.227292734163758,"(15,8)":19.676207661863728,"(5,5)":0.0,"(12,9)":0.0,"(14,6)":92.05705486256896,"(6,1)":0.0,"(14,18)":87.2636068550315,"(19,20)":31.595487487995445,"(20,2)":64.65614276013065,"(8,18)":61.41857553162342,"(17,6)":0.6950243262881497,"(10,22)":88.6378805581319,"(3,9)":57.78790137232431,"(21,5)":16.182679331667963,"(4,10)":0.0,"(7,11)":26.819837283175648,"(11,2)":100.07243432180512,"(6,3)":-6.217248937900876e-17,"(20,15)":119.4165918465544,"(12,16)":120.72640031757368,"(1,1)":0.0,"(4,16)":224.01023988791795,"(5,2)":55.25578184540455,"(9,7)":0.0,"(21,18)":6.2890238421182465,"(1,10)":0.0,"(14,16)":484.29931172623964,"(4,19)":0.0,"(5,16)":0.0,"(3,18)":117.32988860709698,"(4,3)":0.0,"(8,17)":101.12181343404934,"(18,7)":19.30302007262481,"(21,6)":17.139155737506588,"(13,9)":0.0,"(8,13)":27.000447056960514,"(6,17)":22.93049712345024,"(14,8)":65.20443471616684,"(4,12)":268.705447932392,"(14,19)":11.501501284308938,