{"(6,9)":57.08103905291211,"(18,3)":6.513421843858773,"(21,13)":132.76595059028838,"(22,16)":131.72234581328172,"(15,17)":67.6474538716923,"(22,14)":0.0,"(13,9)":0.0,"(8,9)":22.27975338870416,"(17,14)":436.8158284752191,"(9,1)":0.0,"(16,6)":0.0,"(16,12)":378.89342606613076,"(16,13)":825.5653602427783,"(22,2)":94.22941462395414,"(7,16)":614.2582332116677,"(1,12)":260.5372148130255,"(4,5)":27.558659344921704,"(11,8)":286.1975479209375,"(18,21)":0.0,"(19,4)":3.9552230151724763,"(20,13)":114.05133317680428,"(15,4)":155.9691449222786,"(6,18)":162.68432680604022,"(5,16)":0.0,"(4,9)":22.538442785233837,"(8,4)":120.83305981180762,"(1,22)":0.0,"(22,15)":16.69050768755848,"(1,2)":0.0,"(17,9)":0.0,"(19,20)":56.42051337142044,"(14,2)":204.96673583176866,"(6,11)":173.3068131898024,"(16,2)":0.0,"(8,21)":136.25393182571315,"(9,6)":13.851922857267441,"(8,2)":125.98075431569953,"(21,3)":0.0,"(13,19)":0.0,"(7,19)":0.0,"(8,12)":0.0,"(11,4)":173.55308107075996,"(17,10)":4.409949982863321,"(1,17)":0.0,"(18,5)":71.54983128881346,"(2,5)":0.3242976111547571,"(8,5)":27.30971530604854,"(3,16)":1.2155822148531743,"(14,13)":818.7234183964346,"(22,4)":89.08172012006209,"(3,9)":103.1926810220077,"(15,2)":161.1168394261704,"(19,6)":0.0,"(19,9)":0.0,"(18,12)":55.183798540747766,"(15,1)":143.57318347434156,"(14,6)":164.38759796887314,"(14,18)":155.82786938398482,"(21,4)":22.19684382182743,"(22,7)":7.820467982833224,"(13,4)":267.69590972848266,"(16,20)":50.28168708207896,"(7,12)":239.3188092070765,"(10,22)":158.28192956809266,"(12,19)":0.0,"(4,10)":0.0,"(10,8)":100.22599444226867,"(7,2)":86.40894664112093,"(11,15)":197.83376005366924,"(10,17)":91.42390049858177,"(3,13)":0.0,"(20,8)":0.0,"(6,3)":-1.1102230246251565e-16,"(1,7)":185.54035309336837,"(19,13)":0.0,"(21,20)":204.19002029606628,"(8,8)":0.0,"(1,3)":173.75564869324626,"(4,15)":198.6795886977151,"(22,10)":0.0,"(21,9)":20.326336443363637,"(11,11)":0.0,"(12,15)":178.2361776755865,"(9,10)":0.0,"(12,5)":0.0,"(12,2)":80.44966144982959,"(20,4)":110.30970328205548,"(9,3)":0.0,"(16,4)":356.6372839712611,"(16,10)":0.0,"(17,19)":147.508363218967,"(11,19)":90.94432630884805,"(16,19)":0.0,"(4,1)":499.06162655206316,"(13,20)":71.42406970577782,"(5,15)":171.12092935279324,"(16,9)":0.0,"(4,17)":81.42118610871543,"(5,12)":0.0,"(5,14)":6.383460534186256,"(17,11)":0.0,"(6,16)":0.23379185616795073,"(22,22)":0.0,"(2,14)":0.0,"(11,9)":23.23693192191696,"(17,6)":1.241114868371696,"(20,12)":35.00773633611786,"(21,11)":138.13568136773634,"(9,13)":0.0,"(20,15)":213.2439140117043,"(10,20)":20.10334378183951,"(11,10)":185.97155347866877,"(15,22)":168.9269113503809,"(2,17)":3.8949108885959802,"(6,2)":102.1647141637299,"(21,14)":111.86972111061966,"(8,7)":128.0029801142788,"(4,20)":148.21066832431418,"(3,17)":54.677011019417805,"(2,15)":168.28651617449518,"(12,21)":0.0,"(1,8)":0.0,"(22,8)":5.699169356769196,"(21,5)":28.89764166369279,"(1,13)":121.85681947709236,"(3,12)":0.0,"(3,14)":77.9377737595777,"(5,11)":148.5858313853296,"(15,9)":0.0,"(9,11)":6.5091121903998355,"(6,15)":0.0,"(1,14)":296.95892681932406,"(7,14)":1220.965417725956,"(12,1)":253.35985849800082,"(8,10)":99.53580995422493,"(14,10)":21.60901073513378,"(10,5)":0.0,"(15,8)":35.136085110470944,"(15,19)":28.16861391011965,"(21,12)":17.712705413640773,"(22,20)":24.931644894397483,"(2,18)":7.749433011407185,"(20,10)":66.01693290268523,"(8,22)":257.81773952231754,"(16,15)":197.38452890342347,"(1,15)":51.68581148861193,"(10,11)":96.27707401318021,"(12,16)":215.582857709953,"(17,4)":88.05646606339631,"(3,1)":11.897458116301296,"(20,5)":16.786358776296456,"(15,15)":0.0,"(16,21)":64.34827993909936,"(21,8)":184.957544758438,"(16,3)":0.0,"(17,16)":291.5151530921352,"(12,8)":0.0,"(13,7)":361.04083959125376,"(3,18)":209.51765822695887,"(6,17)":40.94731629187543,"(22,19)":0.0,"(6,5)":124.57567900475965,"(16,17)":266.8339325945763,"(18,18)":0.0,"(13,11)":150.23083279441232,"(13,18)":0.0,"(16,11)":0.0,"(2,13)":0.0,"(9,8)":0.0,"(3,4)":143.8503510807567,"(5,17)":238.76838322448575,"(5,20)":120.6520089793925,"(10,19)":0.0,"(2,3)":44.45881753628185,"(21,17)":275.5105770128085,"(13,3)":0.0,"(4,11)":66.31745798600066,"(6,20)":0.0,"(5,4)":93.52334450575904,"(17,1)":1.2901970614647438,"(2,1)":0.0,"(20,6)":19.531348047880204,"(20,11)":264.28216597121656,"(5,9)":47.151382863545955,"(1,4)":217.03678579089694,"(13,22)":209.60265549203095,"(19,19)":0.0,"(18,19)":0.0,"(9,18)":0.0,"(20,16)":178.75118000474816,"(3,21)":7.216198916614117,"(16,5)":0.0,"(11,22)":0.0,"(19,1)":0.0,"(13,1)":151.20948672655112,"(18,17)":0.0,"(17,18)":0.0,"(14,15)":127.4278288953729,"(2,11)":59.31086532164633,"(20,2)":115.45739778594759,"(10,10)":0.0,"(4,12)":479.8311570221286,"(2,22)":0.0,"(5,22)":4.337932232047061,"(6,12)":0.0,"(18,2)":49.138866447783755,"(16,7)":477.7112318340322,"(19,7)":0.0,"(7,21)":0.0,"(4,13)":306.1802896861953,"(6,1)":0.0,"(7,11)":47.892566577099366,"(11,6)":138.12163771175653,"(12,13)":157.22603588200903,"(18,22)":0.0,"(21,18)":11.230399718068297,"(22,11)":0.0,"(7,15)":0.0,"(7,6)":45.82980877822543,"(15,16)":76.38640496382763,"(21,16)":197.46579741823234,"(20,19)":-5.551115123125783e-17,"(11,16)":0.0,"(11,7)":92.29182893353105,"(8,14)":259.8632678244568,"(5,5)":0.0,"(2,7)":36.186480635313295,"(8,3)":111.70800784046321,"(5,21)":0.0,"(4,3)":0.0,"(2,21)":0.0,"(9,7)":0.0,"(18,15)":233.4199762163342,"(14,3)":96.22515520964362,"(4,14)":576.5408090284269,"(18,7)":34.46967870111573,"(11,21)":77.84698973023627,"(2,10)":0.0,"(14,16)":864.8201995111422,"(14,8)":116.43649056458366,"(11,2)":178.700775574652,"(15,6)":0.0,"(19,18)":0.0,"(8,13)":48.21508403028663,"(17,22)":2.862969097012402,"(1,19)":0.0,"(18,20)":0.0,"(20,1)":97.91374183411855,"(3,10)":0.0,"(7,20)":0.0,"(6,14)":31.10444233865895,"(9,21)":0.0,"(13,15)":63.18293249893883,"(21,21)":0.0,"(17,15)":119.3397493088473,"(17,20)":327.7741845873739,"(20,21)":202.09018097223083,"(20,7)":0.0,"(11,1)":81.8566530688283,"(15,18)":144.8121128455127,"(19,17)":174.53688761651358,"(10,14)":160.32745787023194,"(1,10)":0.0,"(9,9)":0.0,"(13,16)":665.209601827944,"(22,21)":109.3120393735652,"(12,17)":373.7170835472786,"(21,6)":30.605635245547475,"(12,14)":452.57974667617935,"(12,10)":0.0,"(19,14)":142.80382574240048,"(2,6)":33.4381983162118,"(13,14)":989.2518377941703,"(16,1)":184.02891996932945,"(16,14)":1482.9189643830832,"(10,4)":0.0,"(1,20)":1.216891115211062,"(6,21)":1.8027058999266972,"(10,12)":0.0,"(15,11)":109.55508865276224,"(16,16)":0.0,"(17,17)":0.0,"(16,22)":0.0,"(17,13)":386.8159803349138,"(19,8)":0.0,"(17,3)":0.0,"(2,8)":55.35930319967077,"(5,8)":58.193716377968954,"(13,21)":88.0388477954266,"(17,12)":583.7167302851882,"(7,22)":0.0,"(5,19)":0.0,"(1,1)":0.0,"(22,12)":0.0,"(21,19)":89.05944934440595,"(17,8)":154.47583441931826,"(10,9)":0.0,"(10,21)":36.71812187148825,"(4,19)":0.0,"(11,5)":201.11174041568162,"(14,17)":462.53996010571893,"(22,6)":53.65027676105863,"(14,14)":0.0,"(2,2)":0.0,"(17,21)":81.35115379261399,"(5,18)":82.36631242899324,"(15,12)":80.66717797634085,"(10,16)":27.28435163252206,"(20,9)":7.227587293041156,"(7,1)":292.01206713529734,"(3,11)":220.14014461072102,"(5,13)":0.0,"(10,13)":0.0,"(11,17)":65.51922625457536,"(14,12)":597.5761942197864,"(21,22)":109.82419280848048,"(14,5)":227.3777006727984,"(12,11)":28.887910676421324,"(15,14)":170.97243965252002,"(1,16)":176.26939830503602,"(11,18)":129.5619091268682,"(21,1)":1.7678184629363696,"(22,13)":0.0,"(2,20)":117.81759580109428,"(6,6)":0.0,"(16,8)":47.33879323265235,"(20,3)":0.0,"(10,2)":0.0,"(4,2)":5.147694503891961,"(15,21)":47.36310365377649,"(1,6)":220.5889801141649,"(13,13)":0.0,"(19,10)":0.0,"(11,3)":69.95919495252703,"(3,19)":0.0,"(22,17)":209.76712540785792,"(22,9)":0.0,"(9,20)":0.0,"(8,6)":179.87045059969265,"(4,6)":59.037390787885016,"(15,5)":62.44580041651954,"(8,1)":108.43709836387062,"(13,2)":0.0,"(17,2)":0.0,"(14,9)":49.5028921790336,"(9,15)":0.0,"(15,7)":0.0,"(6,10)":0.32826534033849175,"(6,4)":97.01701965983794,"(10,7)":0.0,"(5,2)":98.67103900965098,"(21,7)":7.019132372823087,"(8,19)":0.0,"(7,3)":0.0,