{"(6,9)":0.0,"(18,3)":0.0,"(21,13)":2.675496831930748,"(22,16)":0.0,"(15,17)":4.509471959261266,"(22,14)":0.0,"(13,9)":0.0,"(8,9)":0.0,"(17,14)":308.6111770546873,"(9,1)":0.0,"(16,6)":0.0,"(16,12)":260.93452579067355,"(16,13)":504.7832569277059,"(22,2)":0.0,"(7,16)":403.52169622099166,"(1,12)":214.36775729863263,"(4,5)":0.0,"(11,8)":8.009243458653891,"(18,21)":0.0,"(19,4)":0.0,"(20,13)":2.4755828258062804,"(15,4)":7.5394856610694125,"(6,18)":0.0,"(5,16)":0.0,"(4,9)":0.0,"(8,4)":0.8560295816252195,"(1,22)":0.0,"(22,15)":0.0,"(1,2)":0.0,"(17,9)":0.0,"(19,20)":0.0,"(14,2)":0.0,"(6,11)":0.0,"(16,2)":0.0,"(8,21)":0.0,"(9,6)":0.0,"(8,2)":0.0,"(21,3)":0.0,"(13,19)":0.0,"(7,19)":0.0,"(8,12)":0.5956211288315427,"(11,4)":0.0,"(17,10)":0.0,"(1,17)":0.0,"(18,5)":0.0,"(2,5)":0.0,"(8,5)":0.6447762827851334,"(3,16)":0.0,"(14,13)":463.6258226850213,"(22,4)":0.0,"(3,9)":0.0,"(15,2)":0.0,"(19,6)":0.0,"(19,9)":0.0,"(18,12)":0.0,"(15,1)":0.0,"(14,6)":0.5401328387917806,"(14,18)":0.0,"(21,4)":0.0,"(22,7)":0.0,"(13,4)":145.35139943821284,"(16,20)":0.0,"(7,12)":267.8012144505219,"(10,22)":0.0,"(12,19)":0.0,"(4,10)":0.0,"(10,8)":3.6318419280082166,"(7,2)":0.0,"(11,15)":0.0,"(10,17)":0.0,"(3,13)":0.0,"(20,8)":1.012892079193655,"(6,3)":5.09285998618752,"(1,7)":121.2881793210468,"(19,13)":0.0,"(21,20)":3.710124668531062,"(8,8)":0.0,"(1,3)":11.414792272524748,"(4,15)":4.1521913997105875,"(22,10)":0.0,"(21,9)":0.0,"(11,11)":0.0,"(12,15)":4.781822024733492,"(9,10)":0.0,"(12,5)":0.7074418968296337,"(12,2)":0.0,"(20,4)":1.8689216608188746,"(9,3)":0.0,"(16,4)":186.13520758451867,"(16,10)":0.0,"(17,19)":6.071362033204213,"(11,19)":0.0,"(16,19)":0.0,"(4,1)":301.9972155529373,"(13,20)":1.0346278366003137,"(5,15)":5.235597966191858,"(16,9)":0.0,"(4,17)":0.0,"(5,12)":0.4537759414583665,"(5,14)":0.0,"(17,11)":0.0,"(6,16)":0.0,"(22,22)":0.0,"(2,14)":0.0,"(11,9)":0.0,"(17,6)":0.0,"(20,12)":0.9502264651491548,"(21,11)":0.5775202845359562,"(9,13)":0.0,"(20,15)":5.732048489882645,"(10,20)":0.0,"(11,10)":4.377401530645674,"(15,22)":0.0,"(2,17)":0.0,"(6,2)":0.0,"(21,14)":2.844419937587365,"(8,7)":0.0,"(4,20)":1.7292951326945367,"(3,17)":0.0,"(2,15)":0.0,"(12,21)":0.0,"(1,8)":0.0,"(22,8)":0.0,"(21,5)":0.0,"(1,13)":160.71829782630107,"(3,12)":0.0,"(3,14)":0.0,"(5,11)":0.0,"(15,9)":0.0,"(9,11)":0.0,"(6,15)":0.0,"(1,14)":219.41666233174323,"(7,14)":797.0320400462965,"(12,1)":100.71565807210706,"(8,10)":2.348299138849526,"(14,10)":0.0,"(10,5)":0.0,"(15,8)":6.683456079444193,"(15,19)":2.3911736585065273,"(21,12)":0.0,"(22,20)":0.0,"(2,18)":0.0,"(20,10)":0.0,"(8,22)":0.0,"(16,15)":1.857310478792219,"(1,15)":0.0,"(10,11)":4.535815155896442,"(12,16)":140.86543943246633,"(17,4)":4.475708692552871e-15,"(3,1)":9.19485105822308,"(20,5)":1.6576683619787886,"(15,15)":0.0,"(16,21)":0.0,"(21,8)":0.0,"(16,3)":0.0,"(17,16)":166.6692445483813,"(12,8)":0.0626656140445002,"(13,7)":292.67446313811195,"(3,18)":0.0,"(6,17)":0.0,"(22,19)":0.0,"(6,5)":0.6878627732406325,"(16,17)":116.53360109602984,"(18,18)":0.0,"(13,11)":0.0,"(13,18)":0.0,"(16,11)":0.0,"(2,13)":0.0,"(9,8)":0.0,"(3,4)":9.232769414584203,"(5,17)":9.745069925453123,"(5,20)":2.8127016991758054,"(10,19)":0.0,"(2,3)":0.8902164710156796,"(21,17)":0.0,"(13,3)":0.0,"(4,11)":0.0,"(6,20)":0.0,"(5,4)":0.21125329884008603,"(17,1)":11.232548753514925,"(2,1)":0.0,"(20,6)":0.0,"(20,11)":0.0,"(5,9)":0.0,"(1,4)":200.47377228545548,"(13,22)":0.0,"(19,19)":0.0,"(18,19)":0.0,"(9,18)":0.0,"(20,16)":0.0,"(3,21)":0.0,"(16,5)":0.0,"(11,22)":0.0,"(19,1)":0.0,"(13,1)":137.86322318712772,"(18,17)":0.0,"(17,18)":0.0,"(14,15)":0.0,"(2,11)":0.0,"(20,2)":0.0,"(10,10)":0.0,"(4,12)":288.73871058037713,"(2,22)":0.0,"(5,22)":0.0,"(6,12)":0.0,"(18,2)":0.0,"(16,7)":350.9247797226178,"(19,7)":0.0,"(7,21)":0.0,"(4,13)":213.06135079524552,"(6,1)":14.2877110444106,"(7,11)":0.0,"(11,6)":1.3789241680447935,"(12,13)":167.05041857222903,"(18,22)":0.0,"(21,18)":0.0,"(22,11)":0.0,"(7,15)":0.0,"(7,6)":2.949807789062034,"(15,16)":0.0,"(21,16)":0.0,"(20,19)":0.0,"(11,16)":0.0,"(11,7)":0.0,"(8,14)":0.0,"(5,5)":0.0,"(2,7)":0.0,"(8,3)":7.7153886816963135,"(5,21)":0.0,"(4,3)":6.859359100071095,"(2,21)":0.0,"(9,7)":0.0,"(18,15)":0.0,"(14,3)":4.4888191219237825,"(4,14)":331.76298901948775,"(18,7)":0.0,"(11,21)":0.0,"(2,10)":0.0,"(14,16)":445.64374111959347,"(14,8)":0.0,"(11,2)":0.0,"(15,6)":0.0,"(19,18)":0.0,"(8,13)":0.0,"(17,22)":0.0,"(1,19)":0.0,"(18,20)":0.0,"(20,1)":0.0,"(3,10)":0.0,"(7,20)":0.0,"(6,14)":0.0,"(9,21)":0.0,"(13,15)":0.0,"(21,21)":0.0,"(17,15)":3.680188374697687,"(17,20)":12.659904597814819,"(20,21)":5.294640389155973,"(20,7)":0.0,"(11,1)":0.0,"(15,18)":0.0,"(19,17)":0.0,"(10,14)":0.0,"(1,10)":0.0,"(9,9)":0.0,"(13,16)":356.07158698223736,"(22,21)":0.0,"(12,17)":89.81358539879477,"(21,6)":0.0,"(12,14)":213.86437783422926,"(12,10)":0.0,"(19,14)":0.0,"(2,6)":0.0,"(13,14)":483.9003894593002,"(16,1)":143.2958206975336,"(16,14)":984.5076927474059,"(10,4)":0.0,"(1,20)":0.0,"(6,21)":0.0,"(10,12)":0.0,"(15,11)":0.0,"(16,16)":0.0,"(17,17)":0.0,"(16,22)":0.0,"(17,13)":211.45887213938715,"(19,8)":0.0,"(17,3)":0.0,"(2,8)":0.0,"(5,8)":0.0,"(13,21)":2.8190575633496913,"(17,12)":251.9997837497974,"(7,22)":0.0,"(5,19)":0.0,"(1,1)":0.0,"(22,12)":0.0,"(21,19)":0.0,"(17,8)":10.36364445414188,"(10,9)":0.0,"(10,21)":0.0,"(4,19)":0.0,"(11,5)":0.0,"(14,17)":140.70232527282334,"(22,6)":0.0,"(14,14)":0.0,"(2,2)":0.0,"(17,21)":0.0,"(5,18)":0.0,"(15,12)":6.620790465399693,"(10,16)":0.0,"(20,9)":0.0,"(7,1)":161.29993030701579,"(3,11)":0.0,"(5,13)":0.0,"(10,13)":0.0,"(11,17)":0.0,"(14,12)":361.83510637698896,"(21,22)":0.0,"(14,5)":0.0,"(12,11)":0.0,"(15,14)":0.0,"(1,16)":132.04884002083838,"(11,18)":0.0,"(21,1)":0.0,"(22,13)":0.0,"(2,20)":0.0,"(6,6)":0.0,"(16,8)":0.0,"(20,3)":0.0,"(10,2)":0.0,"(4,2)":0.0,"(15,21)":1.0196799567783748,"(1,6)":18.87629234738705,"(13,13)":0.0,"(19,10)":0.0,"(11,3)":5.613092789322728,"(3,19)":0.0,"(22,17)":0.0,"(22,9)":0.0,"(9,20)":0.0,"(8,6)":2.6225286955087923,"(4,6)":1.7664991138835735,"(15,5)":7.328232362229328,"(8,1)":0.0,"(13,2)":0.0,"(17,2)":0.0,"(14,9)":0.0,"(9,15)":0.0,"(15,7)":0.0,"(6,10)":0.0,"(6,4)":1.7712693397219017,"(10,7)":0.0,"(5,2)":0.0,"(21,7)":0.0,"(8,19)":0.0,"(7,3)":7.761398212079918,"(12,12)":0.0,"(14,1)":169.62295295994673,"(10,3)":0.0,"(13,6)":0.0,"(15,3)":0.0,"(20,14)":0.0,"(1,5)":0.0,"(3,5)":8.149362848102935,"(3,8)":8.007517660729757,"(9,5)":0.0,"(14,19)":0.0,"(3,6)":7.461500074862303,"(19,5)":0.0,"(7,17)":87.85405593982141,"(12,4)":104.12695479146974,"(4,21)":0.0,"(4,4)":0.0,"(13,17)":139.20182034926714,"(19,12)":0.0,"(9,4)":0.0,"(20,17)":10.241520449143911,"(22,3)":0.0,"(13,12)":262.9517725875677,"(8,11)":0.0,"(8,18)":0.0,"(6,19)":0.0,"(12,7)":96.91412982114099,"(12,18)":0.0,"(19,22)":0.0,"(20,22)":0.0,"(14,4)":248.31253647613184,"(3,15)":0.0,"(4,22)":0.0,"(2,4)":0.0,"(9,19)":0.0,"(18,16)":0.0,"(6,22)":0.0,"(19,2)":0.0,"(9,22)":0.0,"(22,1)":0.0,"(9,2)":0.0,"(14,21)":2.6929072475373674,"(5,1)":0.0,"(15,20)":8.979716223117132,"(10,6)":0.0,"(11,12)":0.0,"(8,16)":0.0,"(1,18)":0.0,"(2,16)":0.0,"(7,13)":673.2448159860544,"(21,15)":0.0,"(8,15)":5.377443153565034,"(9,17)":0.0,"(19,16)":0.0,"(5,10)":0.0,"(18,10)":0.0,"(18,13)":0.0,"(21,10)":0.0,"(8,17)":9.8869151128263,"(8,20)":2.954546886548982,"(4,8)":0.0,"(11,20)":0.0,"(12,9)":0.0,"(7,8)":0.0,"(14,22)":0.0,"(7,7)":0.0,"(18,1)":0.0,"(22,18)":0.0,"(7,9)":0.0,"(9,14)":0.0,"(4,18)":0.0,"(19,15)":0.0,"(20,20)":0.0,"(3,22)":0.0,"(5,7)":0.0,"(11,14)":0.0,"(12,6)":0.0,"(17,5)":11.008420736927013,"(18,6)":0.0,"(6,13)":0.0,"(11,13)":0.0,"(2,19)":0.0,"(19,11)":0.0,"(20,18)":0.0,"(13,5)":0.0,"(4,7)":150.7067732606913,"(6,8)":0.5460175858674562,"(21,2)":0.0,"(12,20)":2.358925757717439,"(7,5)":0.0,"(2,9)":0.0,"(3,2)":1.9949530441391703,"(14,11)":0.0,"(10,15)":0.0,"(3,7)":12.556144810699248,"(15,10)":0.0,"(15,13)":0.0,"(18,8)":0.0,"(14,7)":377.80859996783096,"(18,11)":0.0,"(9,16)":0.0,"(4,16)":209.2259631580829,"(14,20)":0.0,"(22,5)":0.0,"(5,6)":1.9777524127236594,"(2,12)":0.0,"(12,3)":0.0,"(9,12)":0.0,"(13,10)":0.0,