{"(6,9)":0.381471811995883,"(18,3)":0.0,"(21,13)":26.056909259718726,"(22,16)":32.43477276804265,"(15,17)":1.3616411489785634,"(22,14)":0.0,"(13,9)":0.0,"(8,9)":9.107476457832647,"(17,14)":534.0316084348534,"(9,1)":1.7786250125132095,"(16,6)":0.0,"(16,12)":468.94332306636335,"(16,13)":836.8543350975727,"(22,2)":57.64328671506606,"(7,16)":731.013547278069,"(1,12)":403.3661571871545,"(4,5)":33.96555671020614,"(11,8)":40.602625881142856,"(18,21)":0.0,"(19,4)":22.042075064269927,"(20,13)":25.84578777004088,"(15,4)":53.679927811123335,"(6,18)":29.881815361975303,"(5,16)":0.0,"(4,9)":0.0,"(8,4)":41.38770305469878,"(1,22)":0.0,"(22,15)":0.0,"(1,2)":0.0,"(17,9)":0.0,"(19,20)":7.699001579145008,"(14,2)":62.770689750073494,"(6,11)":60.39689873292548,"(16,2)":0.0,"(8,21)":2.282618803827549,"(9,6)":8.438628564313454,"(8,2)":55.45610374337597,"(21,3)":27.79990115237737,"(13,19)":0.0,"(7,19)":0.0,"(8,12)":13.143531853831648,"(11,4)":33.299050927747516,"(17,10)":0.0,"(1,17)":0.0,"(18,5)":32.565972051820246,"(2,5)":19.703480435171834,"(8,5)":1.7464969744373986,"(3,16)":0.0,"(14,13)":763.728385855188,"(22,4)":43.574886026388874,"(3,9)":11.582365589055456,"(15,2)":67.74832849980055,"(19,6)":6.903867789124189,"(19,9)":0.0,"(18,12)":57.742446175280634,"(15,1)":65.05603257296916,"(14,6)":74.50383689832566,"(14,18)":50.10187371978219,"(21,4)":7.111349534515886,"(22,7)":46.36846176236887,"(13,4)":380.17731827479713,"(16,20)":0.0020358845813805574,"(7,12)":491.7911810457021,"(10,22)":41.66494044084797,"(12,19)":2.7755575615628914e-17,"(4,10)":0.0,"(10,8)":15.660505374398577,"(7,2)":11.274824952697184,"(11,15)":0.0,"(10,17)":2.1276456129417984,"(3,13)":0.0,"(20,8)":8.832252389137103,"(6,3)":0.0,"(1,7)":218.32997354994953,"(19,13)":0.04787967739768048,"(21,20)":36.35421226349471,"(8,8)":0,"(1,3)":20.030528275873923,"(4,15)":71.58303800667846,"(22,10)":5.304807185072308,"(21,9)":24.474268807131782,"(11,11)":0,"(12,15)":12.44100717301192,"(9,10)":0.0,"(12,5)":0.6430875489415242,"(12,2)":54.3526943178801,"(20,4)":50.21995544383587,"(9,3)":3.325632345245589,"(16,4)":480.4076673723698,"(16,10)":0.0,"(17,19)":29.480680771310457,"(11,19)":0.0,"(16,19)":0.0,"(4,1)":522.8336927618458,"(13,20)":10.297303003775975,"(5,15)":37.617481296472306,"(16,9)":0.0,"(4,17)":54.76288652658297,"(5,12)":25.176474123460387,"(5,14)":0.3371237771536477,"(17,11)":0.0,"(6,16)":0.0,"(22,22)":0,"(2,14)":0.0,"(11,9)":0.0,"(17,6)":0.0,"(20,12)":9.935661814632974,"(21,11)":31.806714374794765,"(9,13)":0.0,"(20,15)":22.37666898764489,"(10,20)":0.0,"(11,10)":24.94212050674429,"(15,22)":81.81102945791591,"(2,17)":0.0,"(6,2)":37.01662419437912,"(21,14)":16.403476241145977,"(8,7)":0.0,"(4,20)":85.08325097774451,"(3,17)":0.5038228729204448,"(2,15)":57.32096173164413,"(12,21)":16.38679936725206,"(1,8)":3.1350443333227824,"(22,8)":20.965312559470885,"(21,5)":41.07690624472202,"(1,13)":328.35788962686115,"(3,12)":0.0,"(3,14)":72.14384357620123,"(5,11)":4.591516570079034,"(15,9)":11.860873406731178,"(9,11)":14.551748756720169,"(6,15)":0.0,"(1,14)":445.6854176021725,"(7,14)":1336.902288052223,"(12,1)":242.11425139104873,"(8,10)":11.872463275311443,"(14,10)":10.432210220079726,"(10,5)":13.83765062011145,"(15,8)":12.292224756424568,"(15,19)":13.39563418192044,"(21,12)":0.0,"(22,20)":14.419763823956432,"(2,18)":0.0,"(20,10)":27.028134134932724,"(8,22)":53.53740371615942,"(16,15)":22.056914641442503,"(1,15)":28.719583360166347,"(10,11)":9.139701552454286,"(12,16)":280.0175238785551,"(17,4)":179.69175134031516,"(3,1)":0.0,"(20,5)":10.578749363574504,"(15,15)":0,"(16,21)":3.690204787427051,"(21,8)":42.899760999009146,"(16,3)":0.0,"(17,16)":259.3800549679452,"(12,8)":0.0,"(13,7)":557.5770760107772,"(3,18)":49.12278644638405,"(6,17)":0.0,"(22,19)":0.0,"(6,5)":56.913780215908055,"(16,17)":194.76102105205246,"(18,18)":0,"(13,11)":47.76581815056445,"(13,18)":0.0,"(16,11)":6.292543600556939,"(2,13)":0.0,"(9,8)":0.0,"(3,4)":42.18919459011067,"(5,17)":38.97912244545088,"(5,20)":51.11769426753838,"(10,19)":0.0,"(2,3)":4.864507885551165,"(21,17)":39.77248851292858,"(13,3)":1.742991892658646,"(4,11)":0.0,"(6,20)":0.0,"(5,4)":39.64120608026138,"(17,1)":203.76345462544424,"(2,1)":0.11876021378863601,"(20,6)":32.70177588176739,"(20,11)":73.61160592060533,"(5,9)":0.0,"(1,4)":321.16710835348783,"(13,22)":68.36751559859778,"(19,19)":0,"(18,19)":0.0,"(9,18)":0.0,"(20,16)":33.589498971198246,"(3,21)":0.0,"(16,5)":2.3712820825759713,"(11,22)":23.284016800602952,"(19,1)":33.41817982611577,"(13,1)":374.52886755992625,"(18,17)":0.0,"(17,18)":0.0,"(14,15)":0.0,"(2,11)":0.0,"(20,2)":64.28835613251309,"(10,10)":0,"(4,12)":518.5297768336667,"(2,22)":0.0,"(5,22)":27.875533370681985,"(6,12)":0.0,"(18,2)":12.668816030291303,"(16,7)":685.5364431083499,"(19,7)":0.0,"(7,21)":0.0,"(4,13)":408.55103727337314,"(6,1)":0.0,"(7,11)":29.121092293356053,"(11,6)":59.100598764676874,"(12,13)":278.61683767739765,"(18,22)":20.347990316542486,"(21,18)":8.51093419290178,"(22,11)":10.275835098641357,"(7,15)":0.0,"(7,6)":23.00797210094934,"(15,16)":0.0,"(21,16)":33.8006204608761,"(20,19)":9.935661814632974,"(11,16)":55.718789568645605,"(11,7)":36.09262666372752,"(8,14)":22.75936067442345,"(5,5)":0,"(2,7)":0.0,"(8,3)":42.95494737457317,"(5,21)":0.0,"(4,3)":1.5672443198743995,"(2,21)":0.0,"(9,7)":0.0,"(18,15)":70.18345334829259,"(14,3)":69.39084067925779,"(4,14)":621.1369772486846,"(18,7)":0.0,"(11,21)":19.285930927319946,"(2,10)":0.0,"(14,16)":798.3561978097785,"(14,8)":26.09271559447831,"(11,2)":47.36745161642471,"(15,6)":20.299501971044617,"(19,18)":0.0,"(8,13)":0.007267370392542191,"(17,22)":0.0,"(1,19)":16.27857618715443,"(18,20)":0.0,"(20,1)":61.59606020568171,"(3,10)":0.0,"(7,20)":0.0,"(6,14)":52.90287249179245,"(9,21)":0.0,"(13,15)":0.0,"(21,21)":0,"(17,15)":16.085046589390014,"(17,20)":55.42190091538845,"(20,21)":42.18470745989525,"(20,7)":9.693803780818046,"(11,1)":52.44059521287662,"(15,18)":21.56626478500147,"(19,17)":0.0,"(10,14)":10.88689739911201,"(1,10)":0.0,"(9,9)":0,"(13,16)":608.2534662011574,"(22,21)":21.65255413344554,"(12,17)":141.63610032199045,"(21,6)":32.91289737144523,"(12,14)":399.9118372342595,"(12,10)":1.2302260422895277,"(19,14)":37.637352234259495,"(2,6)":0.0,"(13,14)":815.1931265568618,"(16,1)":418.637275657499,"(16,14)":1612.2698424669081,"(10,4)":0.0,"(1,20)":42.219796331232416,"(6,21)":0.0,"(10,12)":0.0,"(15,11)":61.209332009882566,"(16,16)":0,"(17,17)":0,"(16,22)":0.0,"(17,13)":365.969857065518,"(19,8)":0.0,"(17,3)":0.0,"(2,8)":31.736422704800564,"(5,8)":12.03294226962874,"(13,21)":16.33891968985438,"(17,12)":413.1904837713105,"(7,22)":52.40510909395899,"(5,19)":25.176474123460387,"(1,1)":0,"(22,12)":0.0,"(21,19)":8.006804793442313,"(17,8)":28.37727134581458,"(10,9)":0.0,"(10,21)":0.6217796115692295,"(4,19)":59.14203083366653,"(11,5)":67.26460763795366,"(14,17)":324.0030468618311,"(22,6)":69.37643386331821,"(14,14)":0,"(2,2)":0,"(17,21)":0.0,"(5,18)":7.527543054139498,"(15,12)":13.39563418192044,"(10,16)":0.8546797458278318,"(20,9)":24.263147317453928,"(7,1)":318.7952115491491,"(3,11)":79.63786981733425,"(5,13)":0.0,"(10,13)":0.0,"(11,17)":61.6906576206981,"(14,12)":621.3420838239786,"(21,22)":47.18151928288195,"(14,5)":82.66784577160242,"(12,11)":47.81369782796212,"(15,14)":51.03298641617994,"(1,16)":325.81433282801834,"(11,18)":34.69863558613342,"(21,1)":26.252893819644985,"(22,13)":4.122460820180459,"(2,20)":70.8211747027102,"(6,6)":0,"(16,8)":4.194136836863099,"(20,3)":27.588779662699523,"(10,2)":0.0,"(4,2)":14.068400688677194,"(15,21)":29.7824335491725,"(1,6)":39.271499360282675,"(13,13)":0,"(19,10)":1.2302260422895284,"(11,3)":53.98760254560899,"(3,19)":0.0,"(22,17)":38.40664082009514,"(22,9)":7.434049827446158,"(9,20)":0.0,"(8,6)":48.06794359364103,"(4,6)":6.680240538942263,"(15,5)":14.038721730861962,"(8,1)":52.76380781654461,"(13,2)":0.0,"(17,2)":0.0,"(14,9)":12.56145286245358,"(9,15)":0.0,"(15,7)":0.0,"(6,10)":0.0,"(6,4)":22.948223505701925,"(10,7)":0.0,"(5,2)":53.70960676893858,"(21,7)":9.904925270495895,