{"(6,9)":8.332897929312566,"(18,3)":50.225446615065536,"(21,13)":73.59180815837577,"(22,16)":146.10303166285087,"(15,17)":19.045346953309497,"(22,14)":0.0,"(13,9)":5.4795123457095345,"(8,9)":36.48979870593011,"(17,14)":344.39437485846855,"(9,1)":0.0,"(16,6)":0.0,"(16,12)":338.51689729320844,"(16,13)":766.4705973094252,"(22,2)":0.0,"(7,16)":497.9092295173456,"(1,12)":290.56399441098955,"(4,5)":0.0,"(11,8)":136.08157035967895,"(18,21)":0.0,"(19,4)":0.0,"(20,13)":70.16699494994145,"(15,4)":86.5861308517687,"(6,18)":6.816494099025771,"(5,16)":0.0,"(4,9)":0.0,"(8,4)":35.22466314833354,"(1,22)":0.0,"(22,15)":0.0,"(1,2)":0.0,"(17,9)":0.0,"(19,20)":24.64202908583046,"(14,2)":0.0,"(6,11)":62.95354142879473,"(16,2)":0.0,"(8,21)":95.13920861628993,"(9,6)":16.046903595663494,"(8,2)":0.0,"(21,3)":83.4955311836152,"(13,19)":0.0,"(7,19)":0.0,"(8,12)":4.603407060750918,"(11,4)":0.0,"(17,10)":0.0,"(1,17)":0.0,"(18,5)":0.0,"(2,5)":0.0,"(8,5)":18.63134937911157,"(3,16)":0.0,"(14,13)":780.1347550177563,"(22,4)":0.0,"(3,9)":31.665017900722273,"(15,2)":25.767762765269268,"(19,6)":0.0,"(19,9)":0.0,"(18,12)":0.0,"(15,1)":0.0,"(14,6)":215.80378671133735,"(14,18)":46.467103273775585,"(21,4)":0.0,"(22,7)":40.39780908866339,"(13,4)":86.53652388170028,"(16,20)":0.0,"(7,12)":232.10311324176618,"(10,22)":58.03545762193841,"(12,19)":0.0,"(4,10)":0.0,"(10,8)":60.806939964287636,"(7,2)":0.0,"(11,15)":23.916311941331458,"(10,17)":0.0,"(3,13)":0.0,"(20,8)":4.818961247521234,"(6,3)":28.84504035174821,"(1,7)":45.65556378661931,"(19,13)":0.0,"(21,20)":99.58136165606656,"(8,8)":0.0,"(1,3)":122.23586789645495,"(4,15)":140.6333156122471,"(22,10)":0.0,"(21,9)":47.681319374580156,"(11,11)":0.0,"(12,15)":102.78224146016238,"(9,10)":0.0,"(12,5)":8.269157910250753,"(12,2)":0.0,"(20,4)":40.04362439585477,"(9,3)":37.44521923778417,"(16,4)":116.38313519112549,"(16,10)":0.0,"(17,19)":70.76003430491673,"(11,19)":4.913635435328423,"(16,19)":0.0,"(4,1)":381.24480070994156,"(13,20)":25.989553497690782,"(5,15)":142.3048055798988,"(16,9)":0.0,"(4,17)":0.0,"(5,12)":39.522564119736465,"(5,14)":0.0,"(17,11)":0.0,"(6,16)":0.0,"(22,22)":0.0,"(2,14)":0.0,"(11,9)":2.418213605021056,"(17,6)":0.0,"(20,12)":15.18115271638205,"(21,11)":170.5900924180523,"(9,13)":0.0,"(20,15)":117.96339417654445,"(10,20)":0.0,"(11,10)":75.27463039539133,"(15,22)":136.3409707323403,"(2,17)":0.0,"(6,2)":22.394312123194748,"(21,14)":112.1704906705406,"(8,7)":1.4438435204511135,"(4,20)":114.24547860761001,"(3,17)":0.0,"(2,15)":78.25812171282747,"(12,21)":38.893728932309095,"(1,8)":0.0,"(22,8)":0.0,"(21,5)":0.0,"(1,13)":0.0,"(3,12)":0.0,"(3,14)":63.025736566581614,"(5,11)":0.0,"(15,9)":0.0,"(9,11)":0.0,"(6,15)":0.0,"(1,14)":184.19731278388065,"(7,14)":1248.088592997261,"(12,1)":85.1035373894145,"(8,10)":63.89208230888228,"(14,10)":25.904803708927208,"(10,5)":0.0,"(15,8)":51.361467703435174,"(15,19)":31.870306169760138,"(21,12)":0.0,"(22,20)":0.0,"(2,18)":0.0,"(20,10)":58.89658449942578,"(8,22)":121.92753993082066,"(16,15)":46.73420496713844,"(1,15)":6.258654871152068,"(10,11)":72.1284349751157,"(12,16)":182.4191953777983,"(17,4)":0.0,"(3,1)":107.1600131065079,"(20,5)":23.450310626632806,"(15,15)":0.0,"(16,21)":30.95459857380418,"(21,8)":121.78311102520655,"(16,3)":0.0,"(17,16)":227.4429013363919,"(12,8)":0.0,"(13,7)":437.84424522464235,"(3,18)":41.80987498489535,"(6,17)":0.0,"(22,19)":0.0,"(6,5)":81.54119024204245,"(16,17)":196.63362983198178,"(18,18)":0.0,"(13,11)":84.27410249427778,"(13,18)":0.0,"(16,11)":0.0,"(2,13)":0.0,"(9,8)":1.7087045501607792,"(3,4)":134.80588310955255,"(5,17)":161.35015253320836,"(5,20)":115.91696857526168,"(10,19)":0.0,"(2,3)":12.128604002737669,"(21,17)":62.58284353654254,"(13,3)":31.02773410820957,"(4,11)":0.0,"(6,20)":0.0,"(5,4)":16.593313769221975,"(17,1)":0.0,"(2,1)":0.0,"(20,6)":58.19900981865562,"(20,11)":154.44109744421922,"(5,9)":0.0,"(1,4)":229.655902258905,"(13,22)":138.7088224416086,"(19,19)":0.0,"(18,19)":0.0,"(9,18)":0.0,"(20,16)":49.06205065883069,"(3,21)":28.29339491775255,"(16,5)":0.0,"(11,22)":21.72600082179556,"(19,1)":0.0,"(13,1)":26.7767941718213,"(18,17)":0.0,"(17,18)":0.0,"(14,15)":32.10346346170191,"(2,11)":0.0,"(20,2)":0.0,"(10,10)":0.0,"(4,12)":497.23882015208477,"(2,22)":0.0,"(5,22)":0.0,"(6,12)":0.0,"(18,2)":0.0,"(16,7)":495.4198745340675,"(19,7)":0.0,"(7,21)":0.0,"(4,13)":127.74245378569702,"(6,1)":136.0050534582561,"(7,11)":0.0,"(11,6)":157.38418496382553,"(12,13)":214.47744711843572,"(18,22)":0.0,"(21,18)":0.1161508648116715,"(22,11)":0.0,"(7,15)":0.0,"(7,6)":80.93419285313693,"(15,16)":0.0,"(21,16)":53.58535253813665,"(20,19)":0.0,"(11,16)":167.82903248464643,"(11,7)":76.44999211068861,"(8,14)":57.15821121941399,"(5,5)":0.0,"(2,7)":0.0,"(8,3)":100.89001355221731,"(5,21)":0.0,"(4,3)":65.66535040388375,"(2,21)":0.0,"(9,7)":0.0,"(18,15)":52.33426685372968,"(14,3)":244.64882706308555,"(4,14)":451.16007852497586,"(18,7)":0.0,"(11,21)":49.981815435088976,"(2,10)":0.0,"(14,16)":954.493422246718,"(14,8)":76.00452582781973,"(11,2)":0.0,"(15,6)":0.0,"(19,18)":0.0,"(8,13)":16.35080662586601,"(17,22)":0.0,"(1,19)":0.0,"(18,20)":0.0,"(20,1)":0.0,"(3,10)":0.0,"(7,20)":0.0,"(6,14)":11.432533666723263,"(9,21)":6.6263660664203465,"(13,15)":6.447230443945582,"(21,21)":0.0,"(17,15)":38.88972813515659,"(17,20)":177.00779176297777,"(20,21)":173.15223476381482,"(20,7)":9.268884686359499,"(11,1)":0.0,"(15,18)":17.99046240336956,"(19,17)":70.07521304377713,"(10,14)":8.272364496519256,"(1,10)":0.0,"(9,9)":0.0,"(13,16)":574.7945282593628,"(22,21)":7.031038427623485,"(12,17)":249.6610404134719,"(21,6)":63.15161719074639,"(12,14)":363.64478797617716,"(12,10)":0.0,"(19,14)":31.22365597871311,"(2,6)":1.6367265498764034,"(13,14)":843.0654678577415,"(16,1)":0.5014644812465949,"(16,14)":1454.569762522077,"(10,4)":0.0,"(1,20)":0.0,"(6,21)":14.798904021848617,"(10,12)":0.0,"(15,11)":81.90625078500946,"(16,16)":0.0,"(17,17)":0.0,"(16,22)":0.0,"(17,13)":263.6489656458171,"(19,8)":0.0,"(17,3)":0.0,"(2,8)":0.0,"(5,8)":34.91915705898554,"(13,21)":102.98523981387338,"(17,12)":484.32319030745253,"(7,22)":6.0603795811285455,"(5,19)":9.669211117200632,"(1,1)":0.0,"(22,12)":0.0,"(21,19)":29.009172511853727,"(17,8)":90.25119583859176,"(10,9)":1.2943184846411684,"(10,21)":42.16552566947963,"(4,19)":7.997721149548916,"(11,5)":0.0,"(14,17)":482.0128800786997,"(22,6)":121.33200194180036,"(14,14)":0.0,"(2,2)":0.0,"(17,21)":6.13566099853541,"(5,18)":1.2771368497729356,"(15,12)":61.72365917229598,"(10,16)":0.0,"(20,9)":42.69223122487614,"(7,1)":90.77596894717908,"(3,11)":114.54674432865309,"(5,13)":0.0,"(10,13)":0.0,"(11,17)":175.67350931662827,"(14,12)":577.7057650015396,"(21,22)":185.41749925440766,"(14,5)":0.0,"(12,11)":20.182591612713495,"(15,14)":63.09396214847326,"(1,16)":-5.551115123125783e-17,"(11,18)":1.66535492716101,"(21,1)":0.0,"(22,13)":0.0,"(2,20)":51.87028470819031,"(6,6)":0.0,"(16,8)":11.020793704737214,"(20,3)":78.55261335887361,"(10,2)":0.0,"(4,2)":0.0,"(15,21)":100.61738810460507,"(1,6)":173.82907079631326,"(13,13)":0.0,"(19,10)":0.0,"(11,3)":186.2292253155738,"(3,19)":0.0,"(22,17)":153.9475084948327,"(22,9)":0.0,"(9,20)":0.0,"(8,6)":72.04497320046909,"(4,6)":36.82031005213554,"(15,5)":69.9928170825467,"(8,1)":0.0,"(13,2)":0.0,"(17,2)":0.0,"(14,9)":32.9090138600503,"(9,15)":0.0,"(15,7)":0.0,"(6,10)":0.0,"(6,4)":83.21268020969417,"(10,7)":0.0,"(5,2)":0.0,"(21,7)":13.849032323855448,"(8,19)":0.0,"(7,3)":109.77923320488513,"(12,12)":0.0,"(14,1)":247.3272148053793,"(10,3)":23.71967063660132,"(13,6)":14.687672649944334,"(15,3)":7.55914298714149,"(20,14)":135.628808807683,"(1,5)":0.0,"(3,5)":133.1343931419008,"(3,8)":168.0535502008863,"(9,5)":0.0,"(14,19)":0.0,"(3,6)":51.59320289985835,"(19,5)":0.0,"(7,17)":8.400231349327061,"(12,4)":188.71111367947273,"(4,21)":0.0,"(4,4)":0.0,"(13,17)":242.1324480913444,"(19,12)":0.0,"(9,4)":0.0,"(20,17)":137.00874112985397,"(22,3)":150.1770422935486,"(13,12)":376.6192539837833,"(8,11)":0.25533301025437605,"(8,18)":3.1954940281637385,"(6,19)":0.0,"(12,7)":76.34018434307816,