{"4":0.5031777861635337,"2":0.6009173196722659,"3":0.5873835550127867,"5":0.37998696735917953,"6":0.37998696735917953,"1":1.0}