{"18":0.11685645782285983,"2":0.5882706714210775,"16":0.12281469321811116,"11":0.18026744912813267,"7":0.478361047493296,"9":0.3637023574725201,"10":0.3406017073035087,"19":0.10784840892266537,"17":0.117019820839416,"8":0.3783819060734307,"6":0.48974523906185546,"4":0.5645835094826073,"3":0.5806562372639943,"5":0.5604528477405474,"20":0.10784840892266537,"13":0.1404169482513499,"14":0.1258678460550589,"15":0.12402835871446453,"12":0.1653652811144667,"1":1.0}