{"18":0.3877849201694104,"2":0.4836707260598188,"16":0.4012044236678823,"11":0.42959228367531915,"21":0.3685082000118461,"7":0.4619921699724773,"9":0.44832042917865395,"10":0.43781867955025977,"19":0.38511837791368636,"17":0.3922031461475791,"8":0.4596368262119619,"22":0.36143814093922433,"6":0.4630732584381321,"24":0.3605275110156054,"4":0.4794162829120321,"3":0.48176374360365254,"5":0.46581082064282553,"20":0.37029084708454757,"23":0.3605275110156054,"13":0.4173068857408535,"14":0.4104458318254982,"15":0.40358420257181493,"12":0.42908560199329254,"1":1.0}