{"0":{"(17,15)":822.9599619721723,"(3,6)":864.5373015750429,"(21,13)":301.1029667129198,"(22,16)":5.438987823952629e-10,"(19,12)":171.69156960443183,"(22,14)":94.6625069078315,"(15,17)":653.1852219799919,"(10,11)":507.16466419361603,"(13,12)":1.0120739549067401e-13,"(3,1)":1533.8713316973142,"(16,13)":545.194989091963,"(4,5)":720.0459623709298,"(13,16)":740.2210641798455,"(17,16)":689.4644472180155,"(20,13)":279.5823134995158,"(12,8)":379.80044968316554,"(2,4)":482.60890837120724,"(16,17)":859.239187210196,"(1,2)":1069.4651993401042,"(14,21)":301.10296671291985,"(2,3)":99.53808126316005,"(13,19)":171.69156960443183,"(13,14)":470.8984652502943,"(16,14)":344.2808121412871,"(8,12)":917.5718333276523,"(5,4)":383.5780647475548,"(2,1)":821.885857474138,"(16,22)":94.6625069078315,"(14,13)":78.31400414732533,"(8,5)":439.89276337213875,"(5,9)":250.12793665380642,"(5,8)":829.9444533966001,"(13,21)":318.24186060434124,"(14,22)":5.438987823953687e-10,"(7,9)":601.5426825510276,"(4,18)":619.7524680348386,"(10,9)":946.8465691617969,"(12,19)":646.5042583906499,"(11,14)":674.6211984081359,"(10,8)":410.2908750387702,"(6,3)":1086.571040257848,"(4,7)":119.39999459345069,"(19,13)":646.5042583906499,"(15,12)":1169.5942692575215,"(7,11)":572.9321665737904,"(12,13)":375.82098603240706,"(1,3)":1286.2919898313478,"(10,13)":1784.9333765284864,"(12,20)":279.5823134995158,"(3,2)":73.99247807999885,"(7,6)":802.4874365883635,"(12,15)":694.781580471304,"(9,10)":1005.279845427738,"(14,11)":1109.5958884982285,"(11,7)":1021.417132864193,"(13,20)":117.63191588743601,"(15,13)":5.433319168756477e-11,"(4,2)":260.5751696884021,"(9,7)":489.52561388400005,"(20,12)":117.63191588743601,"(4,6)":208.22484870778118,"(18,7)":619.7524680348386,"(13,10)":1887.730070082881,"(11,10)":493.6543879933058,"(14,16)":413.6919839528726,"(7,4)":274.263289701952,"(21,14)":318.2418606043413,"(6,4)":212.36953504503754,"(6,7)":576.3090115683019,"(7,18)":575.1786455296508,"(18,4)":575.1786455296508,"(13,15)":305.03794879409134,"(8,10)":262.5711814187449,"(9,5)":303.71172905489277},"4":{"(17,15)":444.423206198801,"(3,6)":69.77723098461436,"(21,13)":6.846720328266511,"(22,16)":948.5499376864556,"(19,12)":1956.2934072018206,"(22,14)":2095.0973733350797,"(15,17)":175.71908459800855,"(10,11)":4.842901871257971,"(13,12)":0.0,"(3,1)":113.04422268056767,"(16,13)":3405.459146052192,"(4,5)":835.6614068184819,"(13,16)":2603.7536856586016,"(17,16)":1678.1380150690343,"(20,13)":8.339237756339235,"(12,8)":391.0123136226577,"(2,4)":1913.8506813012298,"(16,17)":834.4835071572581,"(1,2)":1914.31407773013,"(14,21)":2.875224209978944,"(2,3)":0.9504864870214151,"(13,19)":1956.2934072018206,"(13,14)":1117.5119923867055,"(16,14)":0.0,"(8,12)":857.3791836276204,"(5,4)":366.1477110931362,"(2,1)":1828.2748285602606,"(16,22)":2095.0973733350797,"(14,13)":1339.0537180676013,"(8,5)":381.96260401519083,"(5,9)":0.0,"(5,8)":846.0718454070093,"(13,21)":9.359401472753529,"(14,22)":948.5499376864556,"(7,9)":3875.398958609928,"(4,18)":2855.0694055169524,"(10,9)":3021.536098245132,"(12,19)":1045.3641918138806,"(11,14)":2238.4914589631608,"(10,8)":12.491336547871793,"(6,3)":135.1911130443748,"(4,7)":0.0,"(19,13)":1036.4014023655175,"(15,12)":483.6663522410978,"(7,11)":2238.4914589631608,"(12,13)":0.0,"(1,3)":32.5880186591438,"(10,13)":3875.398958609928,"(12,20)":34.73404423362589,"(3,2)":0.0,"(7,6)":103.8109565792284,"(12,15)":198.6972060320832,"(9,10)":3875.398958609928,"(14,11)":1322.265149255102,"(11,7)":1324.7503278736049,"(13,20)":5.094760150249861,"(15,13)":0.0,"(4,2)":1828.2748285602606,"(9,7)":3021.536098245132,"(20,12)":24.07264319509885,"(4,6)":25.04277430642614,"(18,7)":2855.0694055169524,"(13,10)":3021.536098245132,"(11,10)":13.287372512885382,"(14,16)":0.0,"(7,4)":0.0,"(21,14)":3.4757174412203837,"(6,4)":31.103175697248144,"(6,7)":19.05932265220783,"(7,18)":2566.443727704993,"(18,4)":2566.443727704993,"(13,15)":0.0,"(8,10)":2.507285218407498,"(9,5)":0.0},"2":{"(17,15)":424.72429508989035,"(3,6)":47.2533180838884,"(21,13)":4.585712969061515,"(22,16)":961.0454814709025,"(19,12)":2048.0834114672334,"(22,14)":2124.6982242845115,"(15,17)":160.56399595813608,"(10,11)":3.2308825942691386,"(13,12)":0.0,"(3,1)":407.09438066680576,"(16,13)":3720.244061763946,"(4,5)":836.3289374400347,"(13,16)":2867.8832234055967,"(17,16)":1852.1395830404965,"(20,13)":5.589500903821527,"(12,8)":382.00896300637174,"(2,4)":2107.256693639264,"(16,17)":936.9476704691164,"(1,2)":2107.256693639264,"(14,21)":1.918170572435985,"(2,3)":0.6341054038759252,"(13,19)":2048.0834114672334,"(13,14)":1124.437861466254,"(16,14)":0.0,"(8,12)":851.2392744301418,"(5,4)":362.19458181428803,"(2,1)":1736.3768473999417,"(16,22)":2124.6982242845115,"(14,13)":1359.1804788225686,"(8,5)":374.55540251373867,"(5,9)":0.0,"(5,8)":843.468177112179,"(13,21)":5.952762383572778,"(14,22)":961.0454814709025,"(7,9)":4289.105809571671,"(4,18)":3227.6458237653196,"(10,9)":3413.929664587834,"(12,19)":1083.271674453754,"(11,14)":2311.9753239108427,"(10,8)":8.372315665965985,"(6,3)":414.1489336194025,"(4,7)":0.0,"(19,13)":1077.3773502081979,"(15,12)":452.1687732745431,"(7,11)":2311.9753239108427,"(12,13)":0.0,"(1,3)":21.8961140354676,"(10,13)":4289.105809571671,"(12,20)":23.840321600502,"(3,2)":0.0,"(7,6)":398.22237751185395,"(12,15)":176.36800622120603,"(9,10)":4289.105809571671,"(14,11)":1359.5514574514343,"(11,7)":1362.0917872233063,"(13,20)":3.416914220815076,"(15,13)":0.0,"(4,2)":1736.3768473999417,"(9,7)":3413.929664587834,"(20,12)":16.830742496748073,"(4,6)":13.885109709141215,"(18,7)":3227.6458237653196,"(13,10)":3413.929664587834,"(11,10)":8.903381298131391,"(14,16)":0.0,"(7,4)":0.0,"(21,14)":2.2407271488520806,"(6,4)":21.207647469727704,"(6,7)":12.850248624695505,"(7,18)":2615.228782267111,"(18,4)":2615.228782267111,"(13,15)":0.0,"(8,10)":1.6727045862931902,"(9,5)":0.0},"3":{"(17,15)":427.22163124282633,"(3,6)":50.10724172005671,"(21,13)":4.871652775399403,"(22,16)":959.4598676676367,"(19,12)":2036.3819614022536,"(22,14)":2120.9451963242836,"(15,17)":162.48712310841623,"(10,11)":3.4346221883622214,"(13,12)":0.0,"(3,1)":367.9656416697407,"(16,13)":3679.9815934962776,"(4,5)":836.2338690681025,"(13,16)":2833.999112388134,"(17,16)":1829.887053869079,"(20,13)":5.937308551088728,"(12,8)":383.1723073687379,"(2,4)":2082.450386809663,"(16,17)":923.7918013259913,"(1,2)":2082.4863634825842,"(14,21)":2.039130490485192,"(2,3)":0.6740921176695709,"(13,19)":2036.3819614022536,"(13,14)":1123.5586260514224,"(16,14)":0.0,"(8,12)":852.0093681869538,"(5,4)":362.6847933450463,"(2,1)":1747.325746084195,"(16,22)":2120.9451963242836,"(14,13)":1356.6275301957987,"(8,5)":375.501051501297,"(5,9)":0.0,"(5,8)":843.7892869472532,"(13,21)":6.381579440686323,"(14,22)":959.4598676676367,"(7,9)":4236.049585170535,"(4,18)":3179.864577964124,"(10,9)":3363.7019396631754,"(12,19)":1078.4007589772493,"(11,14)":2302.586220735924,"(10,8)":8.89328971298711,"(6,3)":376.82490407591234,"(4,7)":0.0,"(19,13)":1072.1184895158212,"(15,12)":456.1669746333016,"(7,11)":2302.586220735924,"(12,13)":0.0,"(1,3)":23.24892691875336,"(10,13)":4236.049585170535,"(12,20)":25.224318067465326,"(3,2)":0.0,"(7,6)":358.9932312704985,"(12,15)":179.20319610279265,"(9,10)":4236.049585170535,"(14,11)":1354.79275216554,"(11,7)":1354.8759546016356,"(13,20)":3.629149528274972,"(15,13)":0.0,"(4,2)":1747.325746084195,"(9,7)":3363.7019396631754,"(20,12)":17.752416615342767,"(4,6)":15.259527354909565,"(18,7)":3179.864577964124,"(13,10)":3363.7019396631754,"(11,10)":9.457844366550598,"(14,16)":0.0,"(7,4)":0.0,"(21,14)":2.3951879967029286,"(6,4)":22.463658469661123,"(6,7)":13.636286078066385,"(7,18)":2608.16178601014,"(18,4)":2608.16178601014,"(13,15)":0.0,"(8,10)":1.7781854087946047,"(9,5)":0.0},"5":{"(17,15)":472.5204229645582,"(3,6)":102.05363892104381,"(21,13)":10.137516273157342,"(22,16)":930.8557967811031,"(19,12)":1831.2789636541547,"(22,14)":2052.895491033645,"(15,17)":197.16869796075468,"(10,11)":7.200849588659219,"(13,12)":0.0,"(3,1)":40.44692037906469,