{"2":[2184.119645667994,1107.8491292979318,32.12141096569529,1601.8536596813176,2.8918735451827997,0.0,2446.410219745364,1570.7223906560455,439.4913487772414,1934.0578864746678,196.77452877636523,330.33548646818974,0.0,0.0,3353.883286992446,3287.582778871562,2957.6882893056554,2929.937287399982,2452.2233856823236,1395.3860934756472,414.9867825812637,2103.015683266147,2184.5724888152185,1310.4794811395877,0.0,0.0,4312.114837102144,4200.011624941484,2820.416931099598,2723.005326199831,4280.222291502912,4175.181541792688,38.372819661979264,130.84853061686007,171.67397022193913,52.77357272453919,1860.198554257139,1021.7787318696187,4319.952063312047,4460.53036921058,2807.551939202954,2566.1052731170284,0.0,0.0,1532.961407136979,1445.6227595921252,2081.9420376237135,2011.5031905241058,373.50534818974177,320.6485300208503,220.6161838177845,78.55451995642807,1497.21687985869,1498.1304151837592,73.98980272123819,76.08008206326184,296.28044040099934,75.6601057490441,503.2033166863224,858.1637261223748,0.0,0.0,3132.396893944065,4040.206586996848,0.0,0.0,1742.5840306569335,1230.1154309299218,3096.5490958361324,2332.2439468219186,205.61933349706317,512.616885440957,1180.412788659936,2054.649290924887],"11":[1942.6960493891406,1861.770598789699,62.47125066924326,982.1010296397725,5.777032561641119,0.0,2195.1443757598695,2228.6597030701723,613.244660028173,1441.1365937222347,209.5276534097986,425.6498592726898,0.0,0.0,2964.0220332273093,2926.568879645278,2781.254292184367,2717.7330759328524,2038.6393337373254,1468.6663657378858,532.0572875124626,1756.1656819247144,2040.5335537600563,1343.014854517687,0.0,0.0,4095.426595389353,4517.722267609205,2843.9830203093697,2048.0980223927845,4092.5488753607706,4665.90586010338,95.55743886852905,194.7030446631677,117.35908608590788,82.11761982424045,1808.3293031354528,1071.0067615283003,4183.007666253369,4886.235821157507,2890.4893385581936,1987.5627065580559,0.0,0.0,1681.3576173530114,1680.9906054078813,2042.965024934112,1968.6426732376997,448.8488252442861,542.1974579831525,250.3296111746348,87.33072691230491,1720.2331528458064,1481.0655918767363,140.7468782955221,113.24292326484911,478.30330189701954,77.73803185605918,528.6328384746263,1073.1228176308189,0.0,0.0,3129.8161150602755,4024.722671810722,0.0,0.0,2053.741848700021,1397.2451203677335,2466.5321647168416,2159.4078123234553,221.93049385443106,613.7056851617058,1417.335262356784,2003.1236649362113],"0":[280.2721227789015,570.5586797626838,947.2727434951436,656.9861865113612,261.2819012067136,143.5777764989519,1362.4806805506084,1770.4713622421527,1007.6365052131526,599.6458235216086,655.1867901164954,1660.4414173701573,1131.0797537949022,1.437907826253691e-15,2219.011209884896,2219.011209884896,2909.784497790077,2909.784497790077,3377.665503300478,3220.7080236280813,2045.4965417286382,2642.7604872907564,3259.3300129938357,1924.5726815589005,4.8717392193142415e-15,1177.7998517625383,2615.777595661024,3109.1225857449713,4144.076882590451,3807.6893721788997,2251.667943543751,3922.812785390237,820.0159404636529,1136.3234119424596,556.3348811588405,1785.2986440143409,1657.3962787421158,6.3314758283736365,3264.5835658345773,4023.072116304369,1804.8530652490163,2697.4293176929664,665.7631238608878,260.01399819774787,922.7183153378601,922.7183153378601,529.0361142588068,529.0361142588068,1952.6459396675266,1952.6459396675268,707.3302624169243,707.3302624169243,2567.6538342385657,1713.094113184016,1070.9740580958853,1070.9740580958853,1977.3296420131833,1977.3296420131833,700.8567203528743,1094.538921431928,21.576188520821326,693.445081531651,4749.9281036172,2740.004894220617,811.4106749683563,1306.5562051554793,3347.818938013827,3347.8189380138265,3797.0455231334017,3797.0455231334017,126.29964348736563,1191.8507375772492,1281.7606554045672,216.20956131468358],"7":[2107.8458047822605,1092.8537691096403,37.25217049443809,1596.1065209093285,3.450361552388453,0.0,2379.598999197784,1590.7775555647804,493.7444923822456,1924.9525158893878,211.88548435200042,366.31638741912883,0.0,0.0,3264.3992856338123,3194.6886425161997,2957.0400425752136,2931.89866323909,2531.4522261013176,1480.886893757835,471.5549603666692,2100.4535635866655,2249.738424540532,1371.9010006670164,0.0,0.0,4198.403288610485,4107.659537023688,2866.3017826767036,2787.488341406993,4166.110579081478,4093.8588292874647,52.80251891441584,149.89647434625604,169.7859234503007,66.84308929844548,1896.3383417483606,1047.6997525789234,4228.194761949065,4395.13800648096,2844.992833885505,2623.7936851604345,0.0,0.0,1519.92290239282,1443.818455444143,2042.0881778549995,1972.3836164611587,406.70085122067303,358.38659194273595,234.4324629704747,92.82486270108083,1543.227582332564,1503.699785266613,84.30335894018711,86.10716226226027,327.54510004036774,87.22008980123348,517.9260770404028,876.6506818622531,0.0,0.0,3118.385429991589,3965.652191744112,0.0,0.0,1842.2391713618986,1267.1842886953152,3154.6772920575986,2346.3664936924743,208.8532712179131,524.3196964533961,1196.6370992378988,2011.7207749637291],"9":[1830.881951630382,1918.1339552102513,52.02990063857183,102.0346665211239,3.3734615810247552,0.0,1864.4922033399434,2034.505819426228,279.29576631241736,239.22957425989205,69.81179006697965,230.57894477715024,0.0,0.0,2769.8267760553076,2769.8267760553076,2616.9122886790956,2646.5703438192786,1137.9923611198246,604.9013109080005,152.59276163995975,330.12823292229604,1160.1143525823784,596.8122698078962,0.0,0.0,3831.790329411674,2970.5569417868414,2411.6982582962846,1807.4339579742357,3829.2975363501937,2970.5569417868414,41.3274286720654,56.725287872432176,108.88838625520951,47.296866702886575,1120.2170006588892,576.31075939686,3867.047874669619,3084.758620323238,2528.4318959592592,1813.4032297560325,0.0,0.0,1201.4118409497096,1238.8498576536633,1939.9878101899326,1940.8212358064566,185.4203451427287,202.357139978539,140.5822852892966,50.18539039685983,1431.1270989687102,1346.9728234673194,94.98773113667116,113.09256887449183,123.04733542232158,52.28954881473527,318.1120390053732,644.6673600969835,0.0,0.0,2794.1961901541786,3425.371824049706,0.0,0.0,1653.2082661989934,1283.9696046462225,2295.3411682860983,2129.781902069145,206.74548183115115,503.1472804263744,1098.6655253501806,1662.6789511658944],"10":[1999.1565415760233,1831.0858152086912,56.28890598218123,1024.9592697868077,5.125463407540903,0.0,2242.073611246708,2184.5724096562835,560.8827929934963,1488.3319304422591,198.46423756382003,393.789958759062,0.0,0.0,3045.7225832070226,3007.9567126466927,2794.4480510628655,2735.4531309254503,2002.4211087060683,1432.2892901621062,484.5773564358168,1801.4638280225458,1999.9517989788978,1323.8756323396647,0.0,0.0,4165.013474964708,4614.433339999504,2817.8452157172837,2024.7572154365098,4161.645255458688,4751.368157902735,81.71319656460146,178.32419047076488,72.42054190859913,70.70604020252065,1781.3880384805664,1068.6917617175172,4233.584828807266,4919.921938252495,2862.2359715125663,2007.8963807952346,0.0,0.0,1716.7904279721563,1711.8733180211843,2073.2477015021154,1994.5370468880585,419.45209518968926,506.11744914216683,243.68819970765222,77.38536038434351,1723.5626154536094,1478.1240616847977,128.0328995942566,102.96477864980892,452.56441868047034,70.03487405830799,513.8277631567792,1073.8476708633843,0.0,0.0,3128.018474108254,4081.8289948087818,0.0,0.0,1973.6112781838785,1360.1567086265939,2461.7086003791533,2164.2267295423712,218.34117607759552,598.810827863234,1376.934166849685,2034.9299114892447],