{"0":[1069.4651993401042,821.885857474138,1286.2919898313478,1533.8713316973142,99.53808126316005,73.99247807999885,482.60890837120724,260.5751696884021,864.5373015750429,1086.571040257848,208.22484870778118,212.36953504503754,119.39999459345069,274.263289701952,619.7524680348386,619.7524680348386,575.1786455296508,575.1786455296508,720.0459623709298,383.5780647475548,576.3090115683019,802.4874365883635,829.9444533966001,439.89276337213875,250.12793665380642,303.71172905489277,601.5426825510276,489.52561388400005,572.9321665737904,1021.417132864193,1005.279845427738,946.8465691617969,262.5711814187449,410.2908750387702,507.16466419361603,493.6543879933058,917.5718333276523,379.80044968316554,1784.9333765284864,1887.730070082881,674.6211984081359,1109.5958884982285,375.82098603240706,1.0120739549067401e-13,646.5042583906499,646.5042583906499,171.69156960443183,171.69156960443183,279.5823134995158,279.5823134995158,117.63191588743601,117.63191588743601,470.8984652502943,78.31400414732533,318.24186060434124,318.2418606043413,301.1029667129198,301.10296671291985,694.781580471304,1169.5942692575215,305.03794879409134,5.433319168756477e-11,740.2210641798455,545.194989091963,413.6919839528726,344.2808121412871,5.438987823953687e-10,5.438987823952629e-10,94.6625069078315,94.6625069078315,653.1852219799919,822.9599619721723,859.239187210196,689.4644472180155],"4":[1914.31407773013,1828.2748285602606,32.5880186591438,113.04422268056767,0.9504864870214151,0.0,1913.8506813012298,1828.2748285602606,69.77723098461436,135.1911130443748,25.04277430642614,31.103175697248144,0.0,0.0,2855.0694055169524,2855.0694055169524,2566.443727704993,2566.443727704993,835.6614068184819,366.1477110931362,19.05932265220783,103.8109565792284,846.0718454070093,381.96260401519083,0.0,0.0,3875.398958609928,3021.536098245132,2238.4914589631608,1324.7503278736049,3875.398958609928,3021.536098245132,2.507285218407498,12.491336547871793,4.842901871257971,13.287372512885382,857.3791836276204,391.0123136226577,3875.398958609928,3021.536098245132,2238.4914589631608,1322.265149255102,0.0,0.0,1045.3641918138806,1036.4014023655175,1956.2934072018206,1956.2934072018206,34.73404423362589,8.339237756339235,24.07264319509885,5.094760150249861,1117.5119923867055,1339.0537180676013,9.359401472753529,3.4757174412203837,6.846720328266511,2.875224209978944,198.6972060320832,483.6663522410978,0.0,0.0,2603.7536856586016,3405.459146052192,0.0,0.0,948.5499376864556,948.5499376864556,2095.0973733350797,2095.0973733350797,175.71908459800855,444.423206198801,834.4835071572581,1678.1380150690343],"2":[2107.256693639264,1736.3768473999417,21.8961140354676,407.09438066680576,0.6341054038759252,0.0,2107.256693639264,1736.3768473999417,47.2533180838884,414.1489336194025,13.885109709141215,21.207647469727704,0.0,0.0,3227.6458237653196,3227.6458237653196,2615.228782267111,2615.228782267111,836.3289374400347,362.19458181428803,12.850248624695505,398.22237751185395,843.468177112179,374.55540251373867,0.0,0.0,4289.105809571671,3413.929664587834,2311.9753239108427,1362.0917872233063,4289.105809571671,3413.929664587834,1.6727045862931902,8.372315665965985,3.2308825942691386,8.903381298131391,851.2392744301418,382.00896300637174,4289.105809571671,3413.929664587834,2311.9753239108427,1359.5514574514343,0.0,0.0,1083.271674453754,1077.3773502081979,2048.0834114672334,2048.0834114672334,23.840321600502,5.589500903821527,16.830742496748073,3.416914220815076,1124.437861466254,1359.1804788225686,5.952762383572778,2.2407271488520806,4.585712969061515,1.918170572435985,176.36800622120603,452.1687732745431,0.0,0.0,2867.8832234055967,3720.244061763946,0.0,0.0,961.0454814709025,961.0454814709025,2124.6982242845115,2124.6982242845115,160.56399595813608,424.72429508989035,936.9476704691164,1852.1395830404965],"3":[2082.4863634825842,1747.325746084195,23.24892691875336,367.9656416697407,0.6740921176695709,0.0,2082.450386809663,1747.325746084195,50.10724172005671,376.82490407591234,15.259527354909565,22.463658469661123,0.0,0.0,3179.864577964124,3179.864577964124,2608.16178601014,2608.16178601014,836.2338690681025,362.6847933450463,13.636286078066385,358.9932312704985,843.7892869472532,375.501051501297,0.0,0.0,4236.049585170535,3363.7019396631754,2302.586220735924,1354.8759546016356,4236.049585170535,3363.7019396631754,1.7781854087946047,8.89328971298711,3.4346221883622214,9.457844366550598,852.0093681869538,383.1723073687379,4236.049585170535,3363.7019396631754,2302.586220735924,1354.79275216554,0.0,0.0,1078.4007589772493,1072.1184895158212,2036.3819614022536,2036.3819614022536,25.224318067465326,5.937308551088728,17.752416615342767,3.629149528274972,1123.5586260514224,1356.6275301957987,6.381579440686323,2.3951879967029286,4.871652775399403,2.039130490485192,179.20319610279265,456.1669746333016,0.0,0.0,2833.999112388134,3679.9815934962776,0.0,0.0,959.4598676676367,959.4598676676367,2120.9451963242836,2120.9451963242836,162.48712310841623,427.22163124282633,923.7918013259913,1829.887053869079],"5":[1667.420959085818,1628.8733918561406,48.08871982840418,40.44692037906469,1.413266345476551,0.0,1664.2538642387958,1628.8733918561406,102.05363892104381,93.48982590030663,44.47077377805145,45.0782657917874,0.0,0.0,2442.021044187072,2442.021044187072,2182.6799633678406,2182.6799633678406,835.6544138424442,372.6061045479763,28.021574133253203,36.088545672686195,850.5931658839359,391.7947400937375,0.0,0.0,3409.233583740049,2505.472238287153,2140.358297186105,1282.3703100841285,3409.233583740049,2505.472238287153,3.728050704634904,18.480846779904915,7.200849588659219,19.664462596125677,866.8830389354912,401.77082357557396,3409.233583740049,2505.472238287153,2140.358297186105,1272.1869529277044,0.0,0.0,997.263980486672,983.8292516539831,1831.2789636541547,1831.2789636541547,50.000143351434694,12.335645681794338,34.074103042017825,7.532548825418917,1107.7389542681844,1310.4634530274811,14.499726796767803,5.432513449949708,10.137516273157342,4.275134541256338,230.1416001274833,528.1245435441022,0.0,0.0,2331.781873477862,2988.6813814418965,0.0,0.0,930.8557967811031,930.8557967811031,2052.895491033645,2052.895491033645,197.16869796075468,472.5204229645582,771.787764941632,1447.4952104306553],"6":[1667.420959085818,1628.8733918561406,48.08871982840418,40.44692037906469,1.413266345476551,0.0,1664.2538642387958,1628.8733918561406,102.05363892104381,93.48982590030663,44.47077377805145,45.0782657917874,0.0,0.0,2442.021044187072,2442.021044187072,2182.6799633678406,2182.6799633678406,835.6544138424442,372.6061045479763,28.021574133253203,36.088545672686195,850.5931658839359,391.7947400937375,0.0,0.0,3409.233583740049,2505.472238287153,2140.358297186105,1282.3703100841285,3409.233583740049,2505.472238287153,3.728050704634904,18.480846779904915,7.200849588659219,19.664462596125677,866.8830389354912,401.77082357557396,3409.233583740049,2505.472238287153,2140.358297186105,1272.1869529277044,0.0,0.0,997.263980486672,983.8292516539831,1831.2789636541547,1831.2789636541547,50.000143351434694,12.335645681794338,34.074103042017825,7.532548825418917,1107.7389542681844,1310.4634530274811,14.499726796767803,5.432513449949708,10.137516273157342,4.275134541256338,230.1416001274833,528.1245435441022,0.0,0.0,2331.781873477862,2988.6813814418965,0.0,0.0,930.8557967811031,930.8557967811031,2052.895491033645,2052.895491033645,197.16869796075468,472.5204229645582,771.787764941632,1447.4952104306553],