{"(5,1.5,100.0,1)":[1.0,0.0040786683982851,0.009289054827491488,0.008793142885618731,0.004142746240785717,0.0008016023660822689],"(4,0.5,0.1,1)":[1.0,-2.1908930474062697e-8,0.004979401474911727,0.0755419142875127,0.09249196531660415],"(6,1.5,10.0,1)":[1.0,-1.3077978645579237e-7,0.02991774870015146,0.05762871085562497,0.05026128980046564,0.022087783218177753,0.0039848475582641915],"(6,1.5,0.1,1)":[1.0,0.005716463407215048,-0.028586767910961312,0.05810791789598327,0.09467465560578953,0.02440260348319282,-0.0039848063159409865],"(4,1.0,100.0,1)":[1.0,0.0006884632404840204,0.001742923880847299,0.0016427077892464954,0.0005794354171217564],"(6,0.5,1.0,1)":[1.0,0.0008570021923863518,0.00690639033424165,0.022390356679149744,0.038945882122756174,0.03622382330042041,0.01423611498104008],"(5,1.5,0.1,1)":[1.0,0.004600596856453049,-0.036334913636131984,0.08172831063889581,0.08248466785190864,0.018109334759534156],"(6,1.5,0.01,1)":[1.0,0.0022671817499489207,-0.014806896642349045,0.038624497743887605,0.10418656670825163,0.02500940867142899,-0.0051055685972958955],"(6,1.0,100.0,1)":[1.0,0.0009597851289834346,0.0041392113804357075,0.007838740111858861,0.00826677575415564,0.004764762028067455,0.0011801245551984682],"(3,1.0,100.0,1)":[1.0,0.0005324074586834466,0.0009073049322166296,0.0004299729787663741],"(5,1.5,0.01,1)":[1.0,0.006809977201632916,-0.03163798239648427,0.0547594664554381,0.11112111232904345,0.009572508989776877],"(4,0.5,1.0,1)":[1.0,0.004561657455084191,0.02539286152236349,0.049448993890279805,0.03558892124122691],"(6,1.0,1.0,1)":[1.0,-5.955676693999542e-8,0.013536265081909322,0.05034049554869004,0.05661906882364856,0.0275016440420176,0.004569764389706743],"(5,0.5,100.0,1)":[1.0,5.3927913547329236e-5,0.00036312153038086205,0.0010266153761941748,0.0014485387299442453,0.0008407309408548555],"(4,1.5,10.0,1)":[1.0,0.019086687992174497,0.034013914136087474,0.021890353038780907,0.00521183988873287],"(3,1.5,10.0,1)":[1.0,0.011320719814636683,0.012877987314874944,0.00405757290851847],"(5,0.5,0.1,1)":[1.0,-2.7622458818572698e-8,0.00627838344891812,0.04565055135735081,0.06871154870455647,0.03101868114581422],"(6,1.5,1.0,1)":[1.0,0.0004783152780446085,-0.010240538823525238,0.06875640803072554,0.06764263777696138,0.022829373312487612,0.002228916930437466],"(6,1.0,0.1,1)":[1.0,0.0016597327411410133,-0.017555122372099507,0.05055873254641552,0.09038176024161776,0.03084447671750924,-0.005837416521715624],"(4,1.5,0.1,1)":[1.0,0.0030707416812695188,-0.036323624959814824,0.13533645124315702,0.07088460224756747],"(4,0.5,0.01,1)":[1.0,0.00459510091569014,-0.01911027919466005,0.02467054465797875,0.14087311121828314],"(6,0.5,0.1,1)":[1.0,-2.0792706216003406e-8,0.004725662125712109,0.0374836120302673,0.07188338182918491,0.042989892421121126,-0.006338833694135404],"(4,1.0,0.1,1)":[1.0,0.0003678257925835108,-0.011089405037547781,0.10801086922819314,0.07772384752712348],"(5,1.0,10.0,1)":[1.0,0.00576971503323588,0.021286985494320246,0.03100170654774343,0.022088383578493957,0.006413405518431108],"(3,0.5,0.01,1)":[1.0,0.0031341755189591724,-0.04767873580393098,0.24176569861022393],"(3,0.5,100.0,1)":[1.0,0.00013343380758854117,0.0004536262176150996,0.0004298314664256455],"(5,0.5,10.0,1)":[1.0,0.00047236675922063574,0.0032881841297885553,0.009372279058973134,0.013182565195555017,0.00758679461300738],"(6,1.0,0.01,1)":[1.0,0.002148380037813031,-0.016624219539375523,0.0455067419521656,0.09492937136615293,0.030395350237622475,-0.006252520248276067],"(6,0.5,0.01,1)":[1.0,0.0005427664292275113,-0.008609388920897215,0.03801576311933671,0.08976181004127796,0.03992401764054287,-0.009417563916533336],"(3,0.5,0.1,1)":[1.0,0.004905637326798642,0.07872419687287407,0.10839218983489449],"(5,1.0,100.0,1)":[1.0,0.0008542216093527685,0.002884963228818864,0.004080328755994889,0.0028796567151125633,0.0008360121649285059],"(5,1.5,10.0,1)":[1.0,0.017693470322104825,0.04865820718706463,0.049425690587920776,0.024331552000151815,0.004867418316444797],"(4,1.0,1.0,1)":[1.0,0.01694277676903352,0.06410309056752463,0.06952703854660111,0.026630932825849017],"(5,1.0,0.1,1)":[1.0,0.0016391146701600005,-0.019346489895498715,0.06712306092622963,0.07958995468979277,0.02175948165868659],"(6,0.5,10.0,1)":[1.0,0.00022942309880568317,0.0020659790434725744,0.007878432585602809,0.016506453393859092,0.018792195011287555,0.009179738375454903],"(3,1.0,10.0,1)":[1.0,0.005075613714227982,0.008624940083687575,0.004073002208954879],"(3,0.5,1.0,1)":[1.0,0.010243162681115605,0.036634688551634695,0.03550328736049082],"(3,0.5,10.0,1)":[1.0,0.0012856551003307892,0.004346378304606741,0.00409877846644173],"(3,1.0,0.01,1)":[1.0,0.00488975922991733,-0.060596261372554514,0.2503030376802187],"(4,0.5,10.0,1)":[1.0,0.0008448325517502265,0.004295547908785069,0.008111999183847435,0.005729800277824615],"(3,1.0,1.0,1)":[1.0,0.03125459810118353,0.060826204982749606,0.030293683080174074],"(3,1.5,0.1,1)":[1.0,-5.209135342915947e-7,0.1183896447271443,0.08104778154837383],"(5,1.0,1.0,1)":[1.0,-9.361422527508814e-8,0.02127596608571344,0.062108545247372866,0.06148517811603576,0.021917271361418092],"(5,1.0,0.01,1)":[1.0,0.006764727084169137,-0.032357083914147045,0.05715683635670687,0.10830379906149197,0.010567048170240687],"(6,1.5,100.0,1)":[1.0,0.006055550581977921,0.017996395010911288,0.023028093063348364,0.016319099020766073,0.006299403162277513,0.001042246179791102],"(4,1.5,0.01,1)":[1.0,0.013843941182781918,-0.05159578824554278,0.0631050319678073,0.12736120249383415],"(6,1.0,10.0,1)":[1.0,0.003788227338395916,0.0189102415043697,0.037288864428380857,0.03996084120080808,0.02323516619592656,0.005788874095208852],"(3,1.5,1.0,1)":[1.0,0.0529190343754338,0.07767407727128216,0.026849527180121777],"(4,1.5,100.0,1)":[1.0,0.0023082045082578133,0.003911976886485105,0.0024601162220243924,0.0005786642861563781],"(4,0.5,100.0,1)":[1.0,8.81454554258117e-5,0.0004496464072918695,0.0008516641474262662,0.00060126047717213],"(6,0.5,100.0,1)":[1.0,3.197114419337084e-5,0.0002717724174093712,0.0010251203308244323,0.0021596093268054927,0.0024907766351371205,0.0012360344382450082],"(5,1.5,1.0,1)":[1.0,-1.5912782930157053e-8,0.0036165419065451077,0.08066929982807652,0.06649218065292885,0.01721184312092062],"(3,1.5,0.01,1)":[1.0,0.0055533063291022585,-0.0650258444447885,0.25377297091071566],"(3,1.5,100.0,1)":[1.0,0.0011971114880219083,0.0013613261285126848,0.0004300086935899567],"(5,0.5,0.01,1)":[1.0,0.0018949882530434237,-0.018388796848432636,0.044990309160644566,0.10982139646378929,0.01162295329036736],"(4,1.5,1.0,1)":[1.0,0.015445286083747114,0.08482342382184968,0.07244196903197983,0.02018207833118015],"(4,1.0,0.01,1)":[1.0,0.009476472058293668,-0.03675704063604887,0.045823843674485415,0.13342107328948052],"(5,0.5,1.0,1)":[1.0,0.0015480510132972844,0.013606608650251494,0.041357200529493446,0.0598819355062923,0.03507686016663626],"(4,1.0,10.0,1)":[1.0,0.0062974434954700675,0.016260394953877773,0.015440261639623169,0.005465478855076212],"(3,1.0,0.1,1)":[1.0,-4.772184210279117e-7,0.10845954760804781,0.08914787230784674]}