{"23-147": 0.99979576310223772, "17-107": 0.99923788431180038, "107-683": 0.36583334428501835, "32-221": 0.49717151834901069, "104-664": 0.91938828360709224, "57-370": 0.99944502131441704, "105-672": 0.17068115590859753, "93-594": 0.99181826673318163, "105-670": 0.7649398709482288, "87-548": 0.79996463257646699, "128-824": 0.79378131672129981, "50-330": 0.98876968753405037, "102-657": 0.2730165739416362, "97-613": 0.99943484478787326, "6-32": 0.18200412802001617, "34-226": 0.98654865421555993, "75-472": 0.3660699767023633, "6-31": 0.81568591130371637, "88-557": 0.10740784799107807, "55-355": 0.11786707874706612, "55-354": 0.87092645707914806, "65-420": 0.89027048546662879, "88-556": 0.79364261427149152, "46-304": 0.96918560896596651, "94-599": 0.8146589468839559, "11-72": 0.99726742928114476, "38-254": 0.99674658772043589, "103-658": 0.61661400773803099, "16-100": 0.99944502131441704, "122-781": 0.99726742928114476, "81-518": 0.98700943242420736, "96-611": 0.37693013997088498, "113-722": 0.49717151834901069, "12-75": 0.9984928487579785, "29-191": 0.91174753628271987, "113-728": 0.49717151834901069, "129-837": 0.10740784799107807, "129-833": 0.79364261427149152, "31-211": 0.45012823271124996, "31-212": 0.27301657394163625, "31-213": 0.27301657394163625, "24-151": 0.92382786707190101, "118-757": 0.79996463257646699, "87-553": 0.10826344012900897, "131-854": 0.94985214267781681, "114-729": 0.97137006974090589, "61-398": 0.999795741832193, "112-714": 0.14221543729852107, "112-715": 0.63736537097413026, "96-609": 0.62145273933797474, "54-348": 0.90843751702609021, "22-139": 0.9116366883746545, "37-244": 0.99976438287285185, "4-18": 0.92157906162141789, "5-23": 0.1822765577051878, "63-406": 0.81465894688395579, "59-385": 0.99674658772043578, "28-183": 0.9120859416634044, "9-56": 0.42978118385232095, "83-529": 0.99979570044972832, "67-437": 0.18200412802001617, "67-436": 0.81568591130371626, "36-239": 0.99729726169345856, "42-283": 0.61661400773803099, "42-284": 0.37399530090139876, "130-843": 0.35451781793313769, "109-694": 0.99583906078706641, "47-308": 0.99562616299667361, "32-218": 0.49717151834901069, "45-295": 0.92157906162141778, "101-643": 0.72797652493403897, "35-234": 0.81603638670307777, "118-759": 0.10826344012900897, "33-222": 0.99749947532400951, "84-533": 1.0, "35-233": 0.18208232965200377, "101-644": 0.16243351859282956, "10-67": 0.49418016046426794, "10-65": 0.49418016046426794, "124-796": 0.99749947532400951, "90-575": 0.17716668398395091, "110-704": 0.94985214267781659, "70-455": 0.98701336090547998, "39-261": 0.98701336090547998, "53-347": 0.91938828360709224, "77-485": 0.10742661932640847, "77-484": 0.79378131672129981, "21-134": 0.63736537097413015, "21-133": 0.14221543729852104, "21-131": 0.14221543729852104, "108-690": 0.99943484478787326, "89-564": 0.85638699241496186, "19-120": 0.79400599123891058, "44-290": 0.87947008865754683, "19-122": 0.17716668398395086, "80-507": 0.91174753628271987, "52-337": 0.99181826673318163, "128-827": 0.10742661932640847, "130-848": 0.58450106726855944, "90-574": 0.79400599123891069, "75-473": 0.60354735715388674, "115-734": 0.90843751702609021, "14-87": 0.18208232965200377, "73-467": 1.0, "44-294": 0.119023333546598, "14-89": 0.81603638670307777, "69-447": 0.9120859416634044, "68-442": 0.99923788431180038, "3-13": 0.98654865421555993, "112-720": 0.14221543729852107, "7-36": 0.81531400184634828, "15-97": 0.96918560896596639, "86-542": 0.36583334428501846, "40-268": 0.98700943242420736, "7-38": 0.18192114380323293, "123-788": 0.9116366883746545, "82-524": 0.98876887457778195, "100-639": 0.26067546497402488, "2-5": 0.99979576310223772, "41-276": 0.96630408757040787, "100-634": 0.429781183852321, "51-335": 0.98876887457778195, "76-482": 0.10826344012900897, "86-543": 0.60315721625407304, "56-363": 0.1822765577051878, "56-362": 0.81690685644618566, "71-460": 0.98876968753405037, "116-741": 0.89027048546662868, "111-712": 0.49418016046426794, "117-752": 0.10826344012900897, "99-632": 0.58450106726855933, "63-409": 0.18177498128456826, "95-607": 0.62150040429272524, "95-606": 0.37695905022733506, "79-499": 0.99923668353860429, "103-662": 0.37399530090139876, "125-802": 0.119023333546598, "125-800": 0.87947008865754683, "76-477": 0.79996463257646699, "121-777": 0.98181402194019241, "62-399": 0.99979570044972832, "8-47": 0.85638699241496186, "72-464": 0.999795741832193, "26-166": 0.99562616299667361, "66-429": 0.1097460871705277, "66-428": 0.81091999474116239, "102-655": 0.2730165739416362, "48-316": 0.99976438287285185, "43-285": 0.97137006974090589, "132-857": 0.98181402194019241, "5-22": 0.81690685644618566, "100-641": 0.26067546497402488, "126-809": 0.11786707874706612, "99-626": 0.35451781793313764, "111-706": 0.49418016046426794, "117-749": 0.79996463257646699, "94-601": 0.18177498128456829, "49-323": 0.99828937512971483, "120-773": 0.99583906078706641, "98-625": 0.9225640563666947, "92-588": 0.96630408757040809, "64-415": 0.76493987094822868, "64-416": 0.1706811559085975, "127-814": 0.81091999474116228, "107-682": 0.60315721625407293, "9-57": 0.26067546497402483, "27-173": 0.92032840908323121, "1-1": 0.9984928487579785, "9-58": 0.26067546497402483, "74-468": 0.62150040429272524, "74-469": 0.37695905022733506, "13-79": 0.92382786707190101, "127-819": 0.10974608717052768, "78-492": 0.18192114380323293, "78-491": 0.81531400184634828, "85-534": 0.62145273933797474, "85-536": 0.37693013997088498, "30-201": 0.93562058176907203, "20-128": 0.72797652493403897, "20-129": 0.16243351859282956, "58-375": 0.92032840908323121, "60-391": 0.99828937512971483, "102-650": 0.45012823271124985, "106-678": 0.3660699767023633, "106-679": 0.60354735715388674, "91-580": 0.93562058176907226, "126-807": 0.87092645707914806, "119-768": 0.92256405636669447, "25-159": 0.99729726169345856, "18-112": 0.9992366835386044}