{"0":{"(11,12)":4194.728975972957,"(4,3)":7105.2710212288885,"(2,6)":3499.9999986713683,"(11,4)":4155.548193381439,"(5,6)":8050.27717071561,"(4,11)":4202.510698517833,"(8,6)":7541.964082860455,"(5,4)":10641.964082937508,"(10,11)":8158.035914355255,"(2,1)":2299.999998663629,"(8,9)":5158.035914394822,"(12,3)":2994.7289762235932,"(11,10)":8249.722826326752,"(3,1)":3899.999998689427,"(5,9)":7899.9999987258425,"(6,2)":3499.9999986701755,"(6,8)":7550.277170840937,"(4,5)":10650.277170964806,"(1,3)":3899.999998688233,"(8,7)":6499.999998663742,"(7,8)":6499.999998663742,"(12,11)":4239.453382808038,"(9,10)":13758.035914328017,"(3,12)":3039.4533830586906,"(6,5)":8041.964082736314,"(1,2)":2299.9999986648204,"(9,8)":5149.722826414328,"(10,9)":13749.722826299527,"(3,4)":7060.546614392599,"(9,5)":7899.999998677847},"1":{"(11,12)":4205.286602270504,"(4,3)":7009.7906962856905,"(2,6)":3517.5346840841125,"(11,4)":4168.556327161083,"(5,6)":8087.86025726949,"(4,11)":4088.7300854800915,"(8,6)":7581.185227309326,"(5,4)":10723.191468950674,"(10,11)":7903.962050103726,"(2,1)":2250.319423035758,"(8,9)":5286.740330136929,"(12,3)":3106.003601181918,"(11,10)":8372.18772494333,"(3,1)":4036.4848331078238,"(5,9)":8094.818772042862,"(6,2)":3437.6975556300818,"(6,8)":7616.2740476399995,"(4,5)":11012.132753056687,"(1,3)":3958.554788098521,"(8,7)":6675.561264269382,"(7,8)":6611.435045343745,"(12,11)":4132.063588008527,"(9,10)":13929.31083106717,"(3,12)":2815.4888696367602,"(6,5)":8120.136132325712,"(1,2)":2221.3505413332286,"(9,8)":5237.554909791967,"(10,9)":13874.450394847663,"(3,4)":7197.373353300301,"(9,5)":7932.633681501525}}