{"0":{"(11,12)":4239.4400000000005,"(4,3)":7059.979999999992,"(2,6)":3500.5800000000036,"(11,4)":4202.520000000005,"(5,6)":8041.820000000009,"(4,11)":4155.440000000001,"(8,6)":7550.4,"(5,4)":10650.25999999997,"(10,11)":8249.480000000009,"(2,1)":2300.2599999999993,"(8,9)":5149.6,"(12,3)":3039.680000000007,"(11,10)":8157.800000000014,"(3,1)":3900.2599999999993,"(5,9)":7900.120000000007,"(6,2)":3500.5800000000036,"(6,8)":7542.079999999992,"(4,5)":10641.939999999982,"(1,3)":3900.2599999999993,"(8,7)":6500.0,"(7,8)":6500.0,"(12,11)":4194.84,"(9,10)":13749.480000000009,"(3,12)":2995.080000000005,"(6,5)":8050.1399999999885,"(1,2)":2300.2599999999993,"(9,8)":5157.920000000008,"(10,9)":13757.799999999985,"(3,4)":7104.580000000007,"(9,5)":7900.120000000007},"1":{"(11,12)":4360.315647065885,"(4,3)":7142.043100644636,"(2,6)":3450.384301139889,"(11,4)":4324.798015564581,"(5,6)":8005.714043159727,"(4,11)":4129.013470938392,"(8,6)":7579.9192845867,"(5,4)":10749.395371917502,"(10,11)":8229.15641428012,"(2,1)":2256.736397526296,"(8,9)":5275.696368045857,"(12,3)":3026.6888618419584,"(11,10)":8346.245672522615,"(3,1)":3826.0663296080984,"(5,9)":7959.866870064843,"(6,2)":3487.228084859441,"(6,8)":7676.145105926741,"(4,5)":10832.21685556055,"(1,3)":3889.393594283884,"(8,7)":6617.494736895733,"(7,8)":6580.801568750054,"(12,11)":4170.230787023548,"(9,10)":13790.468475304517,"(3,12)":3185.9785509441026,"(6,5)":8120.556076320431,"(1,2)":2364.933817740623,"(9,8)":5248.55760288275,"(10,9)":13434.391593024608,"(3,4)":7148.561791332971,"(9,5)":7815.639417361072}}