{"0":{"(11,12)":4239.4400000000005,"(4,3)":7059.979999999992,"(2,6)":3500.5800000000036,"(11,4)":4202.520000000005,"(5,6)":8041.820000000009,"(4,11)":4155.440000000001,"(8,6)":7550.4,"(5,4)":10650.25999999997,"(10,11)":8249.480000000009,"(2,1)":2300.2599999999993,"(8,9)":5149.6,"(12,3)":3039.680000000007,"(11,10)":8157.800000000014,"(3,1)":3900.2599999999993,"(5,9)":7900.120000000007,"(6,2)":3500.5800000000036,"(6,8)":7542.079999999992,"(4,5)":10641.939999999982,"(1,3)":3900.2599999999993,"(8,7)":6500.0,"(7,8)":6500.0,"(12,11)":4194.84,"(9,10)":13749.480000000009,"(3,12)":2995.080000000005,"(6,5)":8050.1399999999885,"(1,2)":2300.2599999999993,"(9,8)":5157.920000000008,"(10,9)":13757.799999999985,"(3,4)":7104.580000000007,"(9,5)":7900.120000000007},"1":{"(11,12)":4338.30152705115,"(4,3)":7144.113856185715,"(2,6)":3574.5355085167803,"(11,4)":4301.941632702298,"(5,6)":8029.357320439546,"(4,11)":4108.327672430691,"(8,6)":7576.2608342429,"(5,4)":10909.939275861398,"(10,11)":8444.762338724158,"(2,1)":2247.9011892455073,"(8,9)":5297.43205844192,"(12,3)":2991.6192223121852,"(11,10)":7850.58287772113,"(3,1)":3996.4114954380047,"(5,9)":8068.77677585696,"(6,2)":3472.91176592473,"(6,8)":7493.890834377024,"(4,5)":10689.9516614935,"(1,3)":3884.832975066063,"(8,7)":6530.5674121276925,"(7,8)":6564.8952602051395,"(12,11)":4149.209768469415,"(9,10)":13859.27601107196,"(3,12)":2921.2782562407683,"(6,5)":8160.841537916506,"(1,2)":2400.414294948403,"(9,8)":5189.793981294237,"(10,9)":13647.529219779868,"(3,4)":7109.303877749196,"(9,5)":8034.125821729041}}