{"(6,3.5,1.0,10)":[1.0,0.007796146223955283,-0.05175659922939628,0.0987644685970684,0.07818754314421425,0.01601856154036994,0.0008777181428038869],"(6,3.5,1.0,12)":[1.0,0.007796101678947661,-0.05175637514342234,0.0987641055614752,0.07818779835256497,0.016018483098316383,0.0008777255938844258],"(6,3.5,1.0,9)":[1.0,0.007796146223955283,-0.05175659922939628,0.0987644685970684,0.07818754314421425,0.01601856154036994,0.0008777181428038869],"(6,3.5,1.0,2)":[1.0,0.008760418137450338,-0.050090373516777385,0.07828394545358536,0.07507622424891405,0.00825445163910771,-0.0005938743123063722],"(6,3.5,1.0,7)":[1.0,0.007796144840499671,-0.05175661142676913,0.09876456816230819,0.07818741788877642,0.01601860807996396,0.0008777146939833823],"(6,3.5,1.0,4)":[1.0,0.0077829395997665585,-0.05168764066647537,0.09864468988425279,0.07826835332962151,0.016002687388282078,0.0008761040972815452],"(6,3.5,1.0,3)":[1.0,0.007766362586616382,-0.051599596171385126,0.098485062143486,0.07838480316661532,0.01597326127235564,0.000876191132507847],"(6,3.5,1.0,6)":[1.0,0.007796117949608238,-0.051756478190845355,0.09876436925472787,0.07818751499337352,0.016018613365773655,0.0008777042119779355],"(6,3.5,1.0,1)":[1.0,0.008760418137450338,-0.050090373516777385,0.07828394545358536,0.07507622424891405,0.00825445163910771,-0.0005938743123063722],"(6,3.5,1.0,8)":[1.0,0.007796146223955283,-0.05175659922939628,0.0987644685970684,0.07818754314421425,0.01601856154036994,0.0008777181428038869],"(6,3.5,1.0,5)":[1.0,0.0077829395997665585,-0.05168764066647537,0.09864468988425279,0.07826835332962151,0.016002687388282078,0.0008761040972815452],"(6,3.5,1.0,11)":[1.0,0.007796101678947661,-0.05175637514342234,0.0987641055614752,0.07818779835256497,0.016018483098316383,0.0008777255938844258]}