{"(6,3.5,1.0,1)":[1.0,0.008760418137450338,-0.050090373516777385,0.07828394545358536,0.07507622424891405,0.00825445163910771,-0.0005938743123063722],"(6,3.5,1.0,2)":[1.0,0.007851383988247456,-0.05101730763448976,0.09393960291582314,0.08057095466421539,0.01619201623586581,0.0009062674630658189],"(6,3.5,1.0,4)":[1.0,0.00779466951841949,-0.051748927542438365,0.09875130580255553,0.07819630815761659,0.01601689173189792,0.0008775261092599697],"(6,3.5,1.0,5)":[1.0,0.00779466951841949,-0.051748927542438365,0.09875130580255553,0.07819630815761659,0.01601689173189792,0.0008775261092599697],"(6,3.5,1.0,3)":[1.0,0.04613156897905805,0.055749675370334976,0.029482769137303407,0.00881932644353254,0.0014572436976083467,0.00010394284517434554]}