{"(6,3.5,1.0,10)":[1.0,0.007710441971431528,-0.05131662012968792,0.09804017188574835,0.07862198704714068,0.015974458284537273,0.0008537914690518876],"(6,3.5,1.0,9)":[1.0,0.007710441971431528,-0.05131662012968792,0.09804017188574835,0.07862198704714068,0.015974458284537273,0.0008537914690518876],"(6,3.5,1.0,2)":[1.0,0.008549369675176192,-0.053049314719723795,0.09177488263404476,0.0837168827023777,0.01579696791097692,0.000694350782455777],"(6,3.5,1.0,7)":[1.0,0.007717603461367416,-0.05135637480847478,0.0981200555123085,0.0785541131555265,0.015998169014180448,0.0008513314775213199],"(6,3.5,1.0,4)":[1.0,0.008549369675176192,-0.053049314719723795,0.09177488263404476,0.0837168827023777,0.01579696791097692,0.000694350782455777],"(6,3.5,1.0,3)":[1.0,0.008549369675176192,-0.053049314719723795,0.09177488263404476,0.0837168827023777,0.01579696791097692,0.000694350782455777],"(6,3.5,1.0,6)":[1.0,0.007717673976401819,-0.05135675996075876,0.09812080338135659,0.07855349699259538,0.015998377195220636,0.0008513113728050843],"(6,3.5,1.0,1)":[1.0,0.008549369675176192,-0.053049314719723795,0.09177488263404476,0.0837168827023777,0.01579696791097692,0.000694350782455777],"(6,3.5,1.0,8)":[1.0,0.007712034332211666,-0.05132581149368465,0.09806018578869831,0.0786034139301756,0.01598180353413313,0.0008528088085955004],"(6,3.5,1.0,5)":[1.0,0.007717910487763733,-0.05135809621824157,0.0981235997822484,0.0785509664115959,0.015999367463652124,0.0008511785743436942],"(6,3.5,1.0,11)":[1.0,0.007710441971431528,-0.05131662012968792,0.09804017188574835,0.07862198704714068,0.015974458284537273,0.0008537914690518876]}