{"4":0.00011982140134505707,"2":0.029604141212392108,"3":0.009312783019886792,"5":0.00011982140134505707,"1":0.11855677759010376}