{"2":0.057522009318444985,"11":0.056759746915935896,"7":0.056900534192245854,"9":0.056759746915935896,"10":0.056759746915935896,"8":0.05681693544876054,"6":0.056901612624116006,"4":0.0571662952355431,"3":0.05719429484066981,"5":0.05690677904618659,"1":0.05927838879505188}