{"2":0.0028205770969250924,"11":3.397624702665396e-5,"7":4.9871629861686344e-5,"9":3.637789928093233e-5,"10":3.458337931459861e-5,"8":4.3869045544013774e-5,"6":5.272559660942331e-5,"4":0.0004968060662239898,"3":0.0006521875014683508,"5":0.0001337714860200302,"12":3.397624702665396e-5,"1":0.11855677759010376}