{"2":0.6615014975715615,"11":0.40669833617664614,"7":0.4313814282357471,"9":0.4068582178986029,"10":0.40669833617664614,"8":0.41924825069171223,"6":0.43155155195366757,"4":0.517747335338531,"3":0.5280790850730909,"5":0.45698370174966413,"1":1.0}