{"2":0.0012749125300146877,"11":4.828702326531947e-5,"7":4.867502083164062e-5,"9":4.839161867766281e-5,"10":4.8316838142732006e-5,"8":4.859550013727792e-5,"6":4.874021597340479e-5,"4":6.67213170634663e-5,"3":0.0007347596742694937,"5":4.96881352849823e-5,"12":4.828702326531947e-5,"1":1.0}