{"4":1.598466089065745e-6,"2":0.06235231615775214,"3":0.006170303939424713,"5":1.598466089065745e-6,"1":1.0}