{"2":0.0005477915864214904,"11":0.0006510337975042575,"7":0.0006517924367408254,"9":0.0006480454191990212,"10":0.0006509134320204933,"8":0.0006519755663228876,"6":0.0006522883150588867,"4":0.0009751856878476919,"3":0.0016278361725520114,"5":0.0006971155824271081,"12":0.0006510337975042575,"1":0.0334463366764019}