{"2":0.0005439958846920431,"11":0.0016411851842139842,"7":0.0011109623512136821,"9":0.0016411850638109217,"10":0.0016411851842139842,"8":0.001477225439811512,"6":0.001106284260509345,"4":0.0005479696652527934,"3":0.0005472938292393652,"5":0.0010850940800426472,"1":0.017118733116283848}