{"4":0.0006851802232098018,"2":0.008877891450205356,"3":0.0005475960115871363,"5":0.0006851802232098018,"1":0.0334463366764019}