{"(6,3.41,1.0,6)":[1.0,0.029651833898378784,-0.12457432027200775,0.1284296884930671,0.10220557841388524,0.0022835941464330357,0.0012798179792414145],"(6,3.41,1.0,11)":[1.0,0.010539785089024782,-0.05903701905399056,0.08547858792529504,0.1037556988415287,0.008012913840141455,0.0002476219210402278],"(6,3.41,1.0,20)":[1.0,0.01954214333484851,-0.09089616000000714,0.11003578587610072,0.1005483349699152,0.005426622623508237,0.0008702520496594748],"(6,3.41,1.0,21)":[1.0,0.030221046667308325,-0.1283594246415276,0.13766405099515913,0.09787615193601472,0.002131153310385981,0.0015984382246375822],"(6,3.41,1.0,25)":[1.0,0.012602797078918218,-0.06713867010841598,0.0947227408675461,0.10046159632115102,0.007817186559221046,0.00045053031185778844],"(6,3.41,1.0,13)":[1.0,0.025761979111133013,-0.086254864265976,0.11400625144008339,0.08849411184390825,0.012062321952510252,-9.15197167769329e-5],"(6,3.41,1.0,30)":[1.0,0.01586413746959898,-0.07866054386095464,0.10353780387279114,0.09931918773248184,0.006905631419110196,0.0006667240861009279],"(6,3.41,1.0,3)":[1.0,0.029377527461326686,-0.12348544286552121,0.12771754955610948,0.0997989755734478,0.004492220296250381,0.0007786991609922448],"(6,3.41,1.0,10)":[1.0,0.010557478636376818,-0.059115125399159786,0.08560344365051935,0.10366591278481647,0.008042646536065701,0.00024395655053116913],"(6,3.41,1.0,35)":[1.0,0.016139229202675787,-0.07968409536393946,0.10453670807445974,0.09894542028471522,0.0069439813301749136,0.0006688553608457598],"(6,3.41,1.0,8)":[1.0,0.02967017803950111,-0.12465009571887081,0.1284917682540247,0.10233638891362008,0.002218295251725781,0.0012869656277941137],"(6,3.41,1.0,15)":[1.0,-0.013610348591445148,0.009825241315703732,0.09369072272401358,0.06447140113576527,0.016879215129688215,0.0015192800540443317],"(6,3.41,1.0,29)":[1.0,0.01268442569206489,-0.06749926414925914,0.09530011635008356,0.10004546058762774,0.007955363115238184,0.00043344285546963727],"(6,3.41,1.0,14)":[1.0,0.03071425998185028,-0.12975372556103412,0.13727860796135363,0.09956454557918513,0.0012229418329600071,0.00173830362122498],"(6,3.41,1.0,19)":[1.0,0.015837112376869963,-0.07836115570148097,0.1024573809292551,0.10042300189052282,0.006458575453855159,0.0007284637980952475],"(6,3.41,1.0,22)":[1.0,0.012704903488280118,-0.06758979534959349,0.09544530764567301,0.09994069081792521,0.007990181883868472,0.00042913472489756647],"(6,3.41,1.0,17)":[1.0,0.030741871020955686,-0.12990367277071782,0.13761200257858208,0.09927421283189435,0.0013315995330111516,0.001723908176924211],"(6,3.41,1.0,9)":[1.0,0.029662527762398062,-0.12460547378480523,0.12838432413287923,0.10243270264866743,0.0021818082662169074,0.0012918104974699415],"(6,3.41,1.0,5)":[1.0,0.027752097901291656,-0.11505122346046423,0.11087980883728957,0.11044562077057658,0.002365160543044181,0.0007559084203774891],"(6,3.41,1.0,32)":[1.0,0.019650778314423713,-0.09195035209279863,0.11333859378422743,0.09846434013354567,0.005651361398831945,0.0009451149290040688],"(6,3.41,1.0,33)":[1.0,0.012797654226595987,-0.06799958526314856,0.09610166744894516,0.09946751457630629,0.008147326118685794,0.00040969954870707676],"(6,3.41,1.0,27)":[1.0,0.03094081384069891,-0.13098448192621057,0.14001620400507825,0.0971801194029627,0.002115401998135568,0.0016200612487300644],"(6,3.41,1.0,12)":[1.0,0.010475886463460754,-0.05875494413368102,0.08502767709131431,0.10407996327991159,0.007905530683681477,0.00026086029214057044],"(6,3.41,1.0,26)":[1.0,0.01596353016321901,-0.07891473683052677,0.10332750534234338,0.09980466714415552,0.006661711914865949,0.0007035179676828228],"(6,3.41,1.0,36)":[1.0,0.016558221603818785,-0.08117380197805237,0.10571595172242321,0.09874786480945401,0.006847969704691263,0.000693681837504823],"(6,3.41,1.0,24)":[1.0,0.01267225575004203,-0.06744555166463756,0.09521427297008331,0.10010724587137132,0.007934868137533647,0.0004359757770520616],"(6,3.41,1.0,37)":[1.0,0.016580690816676544,-0.08125434573553189,0.10578250312485163,0.09873361878122265,0.006844360717549523,0.0006947940578091022],"(6,3.41,1.0,31)":[1.0,0.016062097397999308,-0.07934624567002696,0.10400536734926424,0.09932317289275788,0.0068198397894437615,0.0006841036490949009],"(6,3.41,1.0,38)":[1.0,0.016580690816676544,-0.08125434573553189,0.10578250312485163,0.09873361878122265,0.006844360717549523,0.0006947940578091022],"(6,3.41,1.0,18)":[1.0,0.014956519504483845,-0.0752089722325175,0.0998738492053262,0.10095240254378714,0.006612922283861436,0.0006829158038877393],"(6,3.41,1.0,2)":[1.0,0.028398662876258526,-0.11984762806778056,0.1242247894401323,0.10089155655179702,0.004525577774438532,0.0007355162190207598],"(6,3.41,1.0,28)":[1.0,0.012670417087164263,-0.06743741185691655,0.09520118147594088,0.10011671219902592,0.007931717474858843,0.00043636595380469796],"(6,3.41,1.0,7)":[1.0,0.029675411254559383,-0.12467576726180195,0.12854139972101497,0.10229602672958493,0.002232825717592272,0.0012850797837303946],"(6,3.41,1.0,34)":[1.0,0.013631627758890125,-0.07089970974759022,0.09812784395641212,0.09942278109080438,0.0078115774346764685,0.00047930616998460466],"(6,3.41,1.0,16)":[1.0,0.03689992954796372,-0.10194909356030626,0.1145456911460997,0.09832790221658809,0.006814753157484226,0.0007197405845808695],"(6,3.41,1.0,4)":[1.0,0.029383898310400343,-0.12350523730993498,0.12771671510615595,0.09982469258045923,0.004475477017516043,0.000781759526942044],"(6,3.41,1.0,1)":[1.0,0.04748334828124313,-0.15456876354610669,0.10722878361655094,0.13647761448264142,-0.009003434355611796,0.0018997075999089106],"(6,3.41,1.0,23)":[1.0,0.012684997620744955,-0.06750184754964013,0.09530444263044047,0.10004223946654402,0.007956458301232905,0.00043330535175370243]}