{"18":0.11226057947083563,"30":0.11391128311477537,"33":0.11422821036613273,"32":0.11407028197757077,"2":0.11115980913458146,"16":0.11204817558497711,"11":0.10944369008911267,"21":0.11320261750007733,"7":0.10988840237496585,"9":0.1094905890674295,"25":0.11332755496494035,"10":0.10944019608061369,"26":0.11337070999652818,"29":0.1138951416887392,"34":0.11425976272669544,"35":0.11430680300026319,"19":0.11273990831845274,"17":0.11213783840176002,"8":0.10976806606881244,"22":0.11328928424497463,"6":0.11003266579413462,"24":0.11330311925416488,"4":0.1110238113184137,"37":0.11440761577900692,"3":0.11104225263256703,"28":0.11385564305481458,"5":0.11051596966519324,"38":0.11440761577900692,"20":0.11279565017407492,"23":0.11329808309580904,"13":0.11122643363217302,"14":0.11147061307494502,"31":0.11393752679509365,"27":0.113765334551869,"36":0.11440527872935008,"15":0.11202842929295069,"12":0.10945631950888991,"1":0.11213149364083595}