{"2":0.11026283878320205,"11":0.10916091948574468,"7":0.1091610112598715,"9":0.1091609547488471,"10":0.10916091987558664,"8":0.10916099994343786,"6":0.10922645046299968,"4":0.11005022326207593,"3":0.11024372768651626,"5":0.10938654010317872,"13":0.10916091325443922,"12":0.10916091325443922,"1":0.11213149364083595}