{"18":0.04396309971811811,"30":0.01078105072578065,"33":0.007646559126894711,"32":0.00988494309399057,"2":0.717491434440112,"16":0.06800257877619188,"11":0.26389146925763174,"21":0.02383734476533928,"7":0.4322528610442085,"9":0.3077080535340029,"25":0.019464309894201445,"10":0.27327364498490897,"26":0.018010894358349457,"29":0.011289938717882779,"34":0.007182501076800239,"35":0.007005275715787952,"19":0.033708723947816904,"17":0.05418449149886161,"8":0.4066892127999087,"22":0.020895188452323403,"6":0.46932669948437294,"24":0.01970750602640548,"4":0.6786236328404471,"37":0.005785279648491873,"3":0.6838174906684064,"28":0.012347326436989096,"5":0.5486523388457949,"38":0.005785279648491873,"20":0.032095827402720774,"23":0.020256069534413546,"13":0.12315286119297882,"14":0.10107883142936258,"31":0.010641143810003638,"27":0.015408822681262698,"36":0.006271316197512626,"15":0.07768878850911977,"12":0.24651060589777007,"1":1.0}