{"2":0.0006835566074264429,"11":0.011372994535514753,"7":0.011372648059541987,"9":0.011372920218207783,"10":0.011372943843133127,"8":0.011372706231907836,"6":0.012565265584198477,"4":0.002783200954814005,"3":0.0006843445468377021,"5":0.017677651940298085,"13":0.011372776186520285,"12":0.011372776186520285,"1":0.046470195369830915}