{"2":[4993.685918004376,8076.801874343151,4495.084702577736,6034.733861761621,8275.972014806528,14120.237191720564,10290.700259074212,14477.728643753733,18300.933258862082,5323.1066428404965,18419.877297586605,8864.562171156596,16087.473142650533,6057.170255437751,8863.409441679332,12292.919978066338,12442.760981744306,15928.88165624432,12586.720574457759,11979.241803019493,6844.168583006068,8381.11147501004,16226.345005570827,6507.593040597507,21818.535487919093,21327.2374743701,17842.50430686765,22530.911359227062,10863.669614773875,8015.558568832419,5181.7369308233065,17688.25025116353,8412.184800634719,9426.235304782153,10319.403072027562,8487.840186883932,12234.453644332481,12502.356446435677,11011.00005365069,10041.791658946579,9234.377656006714,8508.073150820457,23500.9234925159,8975.390139274155,18583.358975508003,18246.493897900793,8518.656949282715,11141.735684033018,11805.608295490234,15741.142447555463,8822.430167079994,11585.808598751688,9893.356623938338,15466.657501416319,16174.585259177013,19074.117319690282,18734.415806521996,10034.897249012154,8654.954451107014,19574.32624013473,8768.162176905225,6089.979676500857,6597.5937714821375,6108.691829406865,8722.24351540993,10390.90649974515,18363.936705311626,6971.191657747024,8529.039640899036,9697.523216947486,8181.92983955814,9677.817544179585,8011.017945865229,11265.338553340585,10291.262054093233,7926.796111412604],"11":[4830.699999559669,8099.81415607781,4495.126494559989,6010.998303826384,8081.225693664886,14016.068394053666,10164.23896826117,14126.621885183606,18138.39872593376,5337.092173360153,18089.410472060164,8817.720577366934,15986.149469506105,5965.788400153423,8797.00980072134,12367.927558469622,12360.233710022643,15879.640602269184,12502.940911940417,12073.454633818497,6789.438642211729,8406.395136061741,15952.196844474296,6594.733271654681,21898.536631901658,21364.927776293775,17775.666746557854,22759.439309870464,10919.949150785478,7971.566731312878,5135.281255875508,17723.680577996714,8333.455462244234,9563.238555570304,10120.285526622056,8439.908075254632,12232.966611369277,12336.947906830736,11060.028568760463,9957.140765713802,9196.731883907376,8537.854660763463,23385.225308257344,8996.966762854143,18692.577837306817,18339.318616653498,8487.46424841271,11101.766040502162,11749.007941624513,15859.737964941536,8666.134790201251,11609.842767104685,9926.690073024216,15527.39657248837,15897.980237422807,19230.103979061867,18760.803421171964,10001.216591008802,8651.016987630186,19374.880367081245,8736.696123364985,6186.485822436218,6682.875971504986,6105.2367394669145,8671.613542098636,10378.6952675773,18340.216494342145,6892.895976865004,8541.366048763342,9712.613515497518,8184.100984519294,9652.595007178448,7934.277756801051,11114.651951394395,10286.853767555323,7914.009175297721],"0":[4514.700000000003,8142.799999999987,4540.200000000002,5972.700000000007,8117.300000000001,14069.500000000018,10099.9,14086.599999999997,18055.9,5222.899999999998,18076.300000000003,8797.800000000005,15808.999999999989,5998.200000000008,8804.099999999999,12503.0,12114.700000000004,15827.799999999996,12534.8,12058.299999999994,6889.499999999996,8387.999999999995,15823.100000000013,6843.000000000002,21765.899999999976,21833.499999999975,17735.900000000005,23140.600000000006,11047.299999999983,8109.300000000003,5319.599999999999,17611.799999999985,8372.799999999992,9783.000000000007,10057.299999999992,8407.300000000008,12346.000000000002,12437.899999999987,11122.900000000009,9821.09999999999,9047.400000000014,8403.199999999999,23206.599999999973,9089.900000000005,19093.800000000007,18409.000000000007,8409.900000000009,11076.899999999992,11688.20000000001,15352.700000000006,8105.399999999993,11678.699999999983,9955.099999999979,15884.2,15413.699999999997,19018.60000000003,19128.10000000004,9941.700000000012,8686.200000000004,19036.0,8707.099999999999,6318.100000000003,7015.399999999999,6255.9999999999945,8628.30000000001,10311.900000000005,18383.20000000002,7015.8,8615.800000000008,9664.099999999997,8398.800000000012,9626.19999999999,7914.099999999995,11114.800000000014,10262.29999999999,7871.800000000003],"7":[4825.737414959156,8095.503118677508,4490.8183070501345,6009.701903649825,8076.245109155892,14021.050500210002,10162.791145558755,14125.900364482162,18142.751598465045,5336.376252856422,18087.971866284683,8821.186346366288,15990.748610234774,5965.161713702983,8801.40525079839,12366.505170553557,12363.279893338016,15886.31610816475,12503.126055506118,12077.529585289134,6789.773850966304,8401.720296016838,15950.068824202344,6595.541120268322,21903.014575597816,21363.149473452075,17774.7496124059,22760.72049604174,10921.352853482053,7971.569654234148,5134.637664005074,17720.215782154526,8334.994555322124,9561.675351902193,10123.86494802502,8437.303723117238,12232.650587002172,12337.520071435882,11059.473281075841,9957.273927800097,9201.067016505855,8536.636388555424,23384.06450439756,9001.527975862104,18690.751757478763,18339.936681451247,8484.94353703411,11101.950727998437,11749.353889562053,15867.6942433731,8666.151386843669,11608.37268776272,9924.655383804986,15533.010323894616,15908.700446450679,19235.125521937156,18759.690650983495,9997.37845175249,8650.00299477209,19381.619503526013,8734.591684518964,6186.979586064034,6682.873568101161,6106.250006429569,8669.17727618195,10380.934882574285,18337.90698920931,6892.9959243344865,8544.14543944815,9708.671818280127,8184.325889428729,9651.036132590938,7931.460398150238,11114.986102175462,10284.38768830049,7915.015591010171],"9":[4827.773724151941,8097.044738343475,4492.358069904871,6008.979643529259,8078.293549120487,14020.531095750486,10164.227597466148,14128.468385659287,18142.864317486707,5337.09155893497,18091.256280690654,8820.151646009486,15989.094331501174,5963.932587046978,8801.765308501701,12367.426381981417,12356.386278715188,15882.05904069602,12504.93126957453,12075.118407320195,6786.751905962453,8403.621828097057,15950.196656475586,6594.121110932976,21902.08330155588,21365.6044475871,17773.627465165395,22756.97432147346,10922.56446985388,7971.567779632374,5135.27973351775,17723.759428311067,8333.148150101335,9565.045519857178,10122.725497257485,8438.334850034686,12232.643136988416,12337.810390269196,11059.161916628113,9962.34205455405,9195.65016702916,8535.754674528735,23381.274777101724,8997.760326871585,18690.956642687815,18340.25457174997,8490.616427779149,11100.897893808598,11751.169992495239,15856.982687109574,8666.140652462671,11608.605097172373,9927.848352549514,15524.29212569419,15901.067700450485,19231.20423763471,18760.890349585155,9998.978718238297,8651.47721740657,19376.30584473945,8735.468078541642,6187.96512336816,6682.875134271725,6105.3431280238865,8669.48301538025,10379.022208182156,18339.83528541075,6892.899150873834,8540.212602367577,9713.54310133451,8183.509679782435,9653.185628624247,7934.2716481489,11114.971462937894,10284.827731827729,7915.172691120959],