{"(8,1.5,0.01,5)":[1.0,0.03049779587366579,-0.15644461655516295,0.3309315795705105,0.6036562758915487,0.2615469677795843,-0.015890341879722634,-0.03724044919126501,-0.007142060143369247],"(8,1.5,0.01,1)":[1.0,0.05984791523194132,0.1664694243313862,0.20563970496310816,0.1534256252962916,0.07451736979261625,0.023507674408609975,0.004458851332336925,0.0003918629921556886],"(8,1.5,0.01,6)":[1.0,0.03049779587366579,-0.15644461655516295,0.3309315795705105,0.6036562758915487,0.2615469677795843,-0.015890341879722634,-0.03724044919126501,-0.007142060143369247],"(8,1.5,0.01,10)":[1.0,0.03049779587366579,-0.15644461655516295,0.3309315795705105,0.6036562758915487,0.2615469677795843,-0.015890341879722634,-0.03724044919126501,-0.007142060143369247],"(8,1.5,0.01,3)":[1.0,-1.78268993915143e-7,0.13462724294942977,0.2770875779299281,0.2742844792437598,0.1622509238862256,0.059280191910542096,0.012540597003127972,0.0011913270532273056],"(8,1.5,0.01,2)":[1.0,0.05889059225723344,0.17255751668503203,0.2206230954478365,0.16939792194021808,0.08435272121682275,0.02719311418447528,0.005252893192092012,0.00046841491551864473],"(8,1.5,0.01,4)":[1.0,0.0027421885242900463,-0.054152685356580264,0.32706805759794366,0.428534499167897,0.24187676589060184,0.07194046299785103,0.010549779574580876,0.0005275545024085062],"(8,1.5,0.01,9)":[1.0,0.03049779587366579,-0.15644461655516295,0.3309315795705105,0.6036562758915487,0.2615469677795843,-0.015890341879722634,-0.03724044919126501,-0.007142060143369247],"(8,1.5,0.01,7)":[1.0,0.03049779587366579,-0.15644461655516295,0.3309315795705105,0.6036562758915487,0.2615469677795843,-0.015890341879722634,-0.03724044919126501,-0.007142060143369247],"(8,1.5,0.01,8)":[1.0,0.03049779587366579,-0.15644461655516295,0.3309315795705105,0.6036562758915487,0.2615469677795843,-0.015890341879722634,-0.03724044919126501,-0.007142060143369247],"(8,1.5,0.01,11)":[1.0,0.03049779587366579,-0.15644461655516295,0.3309315795705105,0.6036562758915487,0.2615469677795843,-0.015890341879722634,-0.03724044919126501,-0.007142060143369247]}