{"(6,0.5,0.001,7)":[1.0,0.015828854643367345,0.09219275201219293,0.2201142997350803,0.28276628672804266,0.19479323318252892,0.057419730387866706],"(6,0.5,0.001,8)":[1.0,0.01670899353481496,0.09401759666924207,0.2221025513769853,0.2863244942060792,0.1999152413437107,0.06018576891400019],"(6,0.5,0.001,1)":[1.0,0.015357551906786757,0.08921633776206417,0.21303971820400294,0.27379968280943623,0.18869850998609955,0.055645463171820536],"(6,0.5,0.001,2)":[1.0,0.015392336568268099,0.08943446146580845,0.21355757025812175,0.2744561091146743,0.18914517674578746,0.0557757685802082],"(6,0.5,0.001,18)":[1.0,0.01674959006861887,0.09381505540310468,0.22098966887162816,0.2842735933775779,0.19813386191417454,0.0595555914775261],"(6,0.5,0.001,15)":[1.0,0.01674959006861887,0.09381505540310468,0.22098966887162816,0.2842735933775779,0.19813386191417454,0.0595555914775261],"(6,0.5,0.001,6)":[1.0,0.015828854643367345,0.09219275201219293,0.2201142997350803,0.28276628672804266,0.19479323318252892,0.057419730387866706],"(6,0.5,0.001,14)":[1.0,0.01674959006861887,0.09381505540310468,0.22098966887162816,0.2842735933775779,0.19813386191417454,0.0595555914775261],"(6,0.5,0.001,12)":[1.0,0.01598087777023434,0.0931332460917657,0.2223036840501442,0.2854893273072544,0.19661328915805795,0.05794120700280106],"(6,0.5,0.001,11)":[1.0,0.01598087777023434,0.0931332460917657,0.2223036840501442,0.2854893273072544,0.19661328915805795,0.05794120700280106],"(6,0.5,0.001,17)":[1.0,0.01674959006861887,0.09381505540310468,0.22098966887162816,0.2842735933775779,0.19813386191417454,0.0595555914775261],"(6,0.5,0.001,20)":[1.0,0.01674959006861887,0.09381505540310468,0.22098966887162816,0.2842735933775779,0.19813386191417454,0.0595555914775261],"(6,0.5,0.001,3)":[1.0,0.01544503633499172,0.08976579395470202,0.214344283596384,0.27545291674756445,0.1898229719086476,0.055973312816418035],"(6,0.5,0.001,4)":[1.0,0.01560894369123915,0.09080896096907844,0.21683656312337737,0.2786261545264905,0.19198937346301806,0.05660691640554062],"(6,0.5,0.001,10)":[1.0,0.01598087777023434,0.0931332460917657,0.2223036840501442,0.2854893273072544,0.19661328915805795,0.05794120700280106],"(6,0.5,0.001,5)":[1.0,0.01580324536733707,0.09203684748952237,0.21975256757042305,0.2823172583366711,0.1944940465695825,0.05733447901713603],"(6,0.5,0.001,19)":[1.0,0.01674959006861887,0.09381505540310468,0.22098966887162816,0.2842735933775779,0.19813386191417454,0.0595555914775261],"(6,0.5,0.001,13)":[1.0,0.01598087777023434,0.0931332460917657,0.2223036840501442,0.2854893273072544,0.19661328915805795,0.05794120700280106],"(6,0.5,0.001,16)":[1.0,0.01674959006861887,0.09381505540310468,0.22098966887162816,0.2842735933775779,0.19813386191417454,0.0595555914775261],"(6,0.5,0.001,9)":[1.0,0.01670899353481496,0.09401759666924207,0.2221025513769853,0.2863244942060792,0.1999152413437107,0.06018576891400019]}