{"(8,1.5,0.01,5)":[1.0,0.06014152747194403,0.16737153055327444,0.20676481722620932,0.15426194024905365,0.07492081487020387,0.02363400049717764,0.004482636827406544,0.00039393939668873595],"(8,1.5,0.01,1)":[1.0,0.05984791523194132,0.1664694243313862,0.20563970496310816,0.1534256252962916,0.07451736979261625,0.023507674408609975,0.004458851332336925,0.0003918629921556886],"(8,1.5,0.01,3)":[1.0,0.06007342782115314,0.167158752836196,0.20649803989690788,0.1540627112485638,0.07482423055397756,0.023603597796179928,0.00447688100419394,0.00039343427578893695],"(8,1.5,0.01,6)":[1.0,0.06014152747194403,0.16737153055327444,0.20676481722620932,0.15426194024905365,0.07492081487020387,0.02363400049717764,0.004482636827406544,0.00039393939668873595],"(8,1.5,0.01,4)":[1.0,0.06008251319051056,0.16718963340364493,0.20653667344335258,0.15409122185446286,0.07483783428428396,0.0236078015952809,0.004477661246639088,0.0003935014260948028],"(8,1.5,0.01,2)":[1.0,0.059996400163332964,0.16692669421707768,0.2062125576285279,0.15385335067921513,0.07472466099580467,0.02357289705680972,0.004471193872811592,0.00039294577816376987]}