{"(6,0.5,0.001,7)":[1.0,0.015733065479128224,0.0915364769584866,0.218495809151161,0.2806599394121111,0.19333004882118932,0.05698511741882804],"(6,0.5,0.001,8)":[1.0,0.015734452051235425,0.09151301806885041,0.21839514235172855,0.2804887704583231,0.19319013519287376,0.056938486792453995],"(6,0.5,0.001,1)":[1.0,0.01535755573177411,0.08921634495852968,0.21303973228923595,0.2737997007605436,0.18869852364981052,0.05564546793181684],"(6,0.5,0.001,2)":[1.0,0.015392352714374979,0.08943449717607711,0.2135576402114488,0.2744561953702939,0.18914523767525496,0.05577578772762503],"(6,0.5,0.001,15)":[1.0,0.01464691573744469,0.08850064458665875,0.22139088135253704,0.3006617154995744,0.220013730556422,0.06904987490230893],"(6,0.5,0.001,6)":[1.0,0.015704417837442232,0.09136202909178935,0.21809046180769012,0.2801564341858858,0.1929946474651082,0.056889644884715415],"(6,0.5,0.001,14)":[1.0,0.014345545404051195,0.08759376180011948,0.22082480831584403,0.30184341074488336,0.22208641306373925,0.07002029360433078],"(6,0.5,0.001,12)":[1.0,0.015957083159936315,0.09281831338765342,0.22134595432213627,0.28407287268408515,0.19553139717785104,0.057591777560144185],"(6,0.5,0.001,11)":[1.0,0.01598173045478099,0.09310525011847523,0.2222110612239486,0.2853546043099397,0.19651355316163321,0.05790990862984301],"(6,0.5,0.001,3)":[1.0,0.015444991874865317,0.0897657228141632,0.21434416046135116,0.27545276671369134,0.18982286058251485,0.05597327499278916],"(6,0.5,0.001,4)":[1.0,0.01553560000835491,0.09030773478285854,0.21560038609400353,0.27701525098970425,0.19086755050974194,0.05627249759664348],"(6,0.5,0.001,10)":[1.0,0.015972444897492902,0.09305988523627298,0.22212292885168614,0.28526302476883497,0.19646342002588865,0.05789886576676123],"(6,0.5,0.001,5)":[1.0,0.015535609966687063,0.09030775193605156,0.21560041853190573,0.27701529313824186,0.19086758339098625,0.05627250919665503],"(6,0.5,0.001,13)":[1.0,0.013857486023944628,0.08612317818379672,0.21990292944024484,0.3037591517121094,0.2254530720039258,0.07159707837780832],"(6,0.5,0.001,16)":[1.0,0.01464691573744469,0.08850064458665875,0.22139088135253704,0.3006617154995744,0.220013730556422,0.06904987490230893],"(6,0.5,0.001,9)":[1.0,0.015962706485323924,0.09301103930412181,0.22202574903573222,0.28516038557297185,0.1964068650086645,0.05788646354979904]}