{"(6,0.5,0.001,1)":[1.0,0.013638307081511938,0.07778626436499957,0.18454763533412813,0.23584068681027553,0.16144774330937697,0.04720496007096242],"(6,0.5,0.001,2)":[1.0,0.013746247856058762,0.07842860583143442,0.1860517302093863,0.2377134748216254,0.16268671518147487,0.0475520558177086],"(6,0.5,0.001,3)":[1.0,0.013738876006864369,0.07835323434754,0.18583835359902146,0.23740361292264486,0.16244870805103034,0.04747423203357043],"(6,0.5,0.001,4)":[1.0,0.013738876006864369,0.07835323434754,0.18583835359902146,0.23740361292264486,0.16244870805103034,0.04747423203357043]}