{"(8,1.5,0.01,7)":[1.0,0.028546184907344917,-0.14331292001489035,0.30545443579714004,0.6120315426408611,0.2735250385553468,-0.017666982110804516,-0.04032408253147244,-0.007753846794926974],"(8,1.5,0.01,5)":[1.0,0.028523619782877797,-0.14316429248352722,0.30515211252634034,0.6121635067103157,0.27364380099408875,-0.01769821479773883,-0.040357696711468244,-0.0077599296567547145],"(8,1.5,0.01,1)":[1.0,0.05984791523194132,0.1664694243313862,0.20563970496310816,0.1534256252962916,0.07451736979261625,0.023507674408609975,0.004458851332336925,0.0003918629921556886],"(8,1.5,0.01,3)":[1.0,9.974446310813981e-6,-0.00345413589890116,0.32816893931566143,0.37788756987542416,0.20939442978246642,0.06429893700881407,0.01036261333865913,0.0006638414407395319],"(8,1.5,0.01,6)":[1.0,0.028497727606552174,-0.1429947817634619,0.3048411851840697,0.6122655049252198,0.27377080334423176,-0.017718955547137948,-0.04038738849736506,-0.007765347439312622],"(8,1.5,0.01,4)":[1.0,0.02875662021590714,-0.14481998369667382,0.30833710432851513,0.6110718906735143,0.2722608112121656,-0.01745176676293339,-0.04002197372897811,-0.007699441122442506],"(8,1.5,0.01,2)":[1.0,0.006111325659931005,0.1439285980069025,0.27114725677227824,0.25908393726022394,0.15017590269483852,0.054127358654563223,0.011339147587431278,0.0010694821327995932]}