{"(6,0.5,0.001,1)":[1.0,0.013638307081511938,0.07778626436499957,0.18454763533412813,0.23584068681027553,0.16144774330937697,0.04720496007096242],"(6,0.5,0.001,2)":[1.0,0.013746247856058762,0.07842860583143442,0.1860517302093863,0.2377134748216254,0.16268671518147487,0.0475520558177086],"(6,0.5,0.001,3)":[1.0,0.013738890767977149,0.07835319481912188,0.18583823536650632,0.23740346766527534,0.16244862391372972,0.04747421448548053],"(6,0.5,0.001,4)":[1.0,0.013738890767977149,0.07835319481912188,0.18583823536650632,0.23740346766527534,0.16244862391372972,0.04747421448548053]}