{"2":0.08901193072745403,"11":9.474401383140667e-5,"7":0.00010110608250708121,"9":9.483482463892085e-5,"10":9.476273553366066e-5,"8":9.549420870401584e-5,"6":0.00010456706644626177,"4":0.004944389761411229,"3":0.024429850150135143,"5":0.0005066668004748483,"1":0.11492598865993399}