{"4":0.11480420994311744,"2":0.11484162976435182,"3":0.11480420994311744,"1":0.11492598865993399}