{"4":0.11492227525440765,"2":0.11492341146680925,"3":0.11492238609927344,"5":0.11492126902492712,"6":0.11492126902492712,"1":0.11492598865993399}