{"2":0.0574457200203593,"16":0.05764118097085647,"11":0.05737846567386395,"7":0.05736097628677459,"9":0.057362405660539066,"10":0.05736966150929628,"8":0.05736022512347652,"6":0.05736369684196929,"4":0.057398186238654066,"3":0.057422026809817436,"5":0.057398186238654066,"13":0.057586103114664715,"14":0.05761931238077183,"15":0.05764118097085647,"12":0.05748704863688403,"1":0.057462994329966974}