{"7":3.4236730514739815e-6,"4":0.0011917860683969158,"2":0.028179714062781913,"3":0.006959318911272836,"5":1.8473117892597456e-5,"6":4.170798560489479e-6,"1":0.11492598865993399}