{"18":0.057874925426941226,"2":0.0574457200203593,"16":0.057873891920987956,"11":0.0573515766923434,"7":0.05734566601695414,"9":0.057343542844421856,"10":0.057351426721211116,"19":0.057874954542531026,"17":0.05787486674337082,"8":0.057339290864319034,"6":0.05734566601695414,"4":0.05737210218511035,"3":0.057422026809817436,"5":0.05734693540023047,"20":0.057874954542531026,"13":0.057520558069597334,"14":0.057541723725562106,"15":0.0578727058810786,"12":0.05735928285935128,"1":0.057462994329966974}