{"4":0.9283042884436175,"2":0.9756526501771491,"3":0.9283042884436175,"1":1.0}