{"2":0.9871109889689644,"16":0.47240591766330925,"11":0.6843840198331669,"7":0.798018793807349,"9":0.719714441709779,"10":0.6951360778636912,"8":0.7580745369960075,"6":0.8224448608362973,"4":0.9143954182876551,"3":0.9680350645023463,"5":0.9056074844282546,"13":0.5407453250210296,"14":0.47303890823562084,"15":0.47240591766330925,"12":0.5917845913366316,"1":1.0}