{"4":0.9283042978446253,"2":0.9756526538467126,"3":0.9283042978446253,"1":1.0}