{"18":0.45580283341612515,"2":0.9871109889689644,"16":0.45846137291582645,"11":0.6838812412082129,"7":0.7707567051885695,"9":0.711381005555426,"10":0.6858044711983332,"19":0.455793024305725,"17":0.4558226059609215,"8":0.7269653939372189,"6":0.7788599712608169,"4":0.9128828460017171,"3":0.967636828794327,"5":0.8082837293827206,"20":0.455793024305725,"13":0.5580571202837159,"14":0.5511288687616251,"15":0.46210915593350915,"12":0.6708494074007154,"1":1.0}