{"7":1.4560769426410583e-9,"4":0.00010754712455441079,"2":0.06012266204664731,"3":0.003666940021865528,"5":2.6163683884537227e-8,"6":1.885667874223785e-9,"1":1.0}