{"2":0.6008086992974722,"11":3.3814263960933176e-6,"7":3.6150660629991095e-6,"9":3.4001881561197983e-6,"10":3.3817283153840507e-6,"8":3.410883093874513e-6,"6":3.8051928663753374e-6,"4":0.002355607836011622,"3":0.04675946460042703,"5":4.3263662525513925e-5,"1":1.0}