{"4":0.9848613459151527,"2":0.9984737114048169,"3":0.9875888509570456,"5":0.9840790632546094,"6":0.9840790632546094,"1":1.0}