{"18":0.06407155717868301,"2":0.06406316129743996,"16":0.06407151100968814,"11":0.06406839438766507,"7":0.06406704950592583,"9":0.06406947212563897,"10":0.06406835891815621,"19":0.06407155890078843,"17":0.06407155383074319,"8":0.06406945558114391,"6":0.06406704950592583,"4":0.0640650956571414,"3":0.06406362182297537,"5":0.06406683463313846,"20":0.06407155890078843,"13":0.064066944781963,"14":0.06406860112031398,"15":0.06407147683838595,"12":0.0640685348290349,"1":0.06406285891514532}