{"2":0.00039384515411431255,"11":0.0004714026218928184,"7":0.00047283220433036064,"9":0.0004721374103024379,"10":0.0004723914142554369,"8":0.00047177440237978525,"6":0.0004739462037369281,"4":0.0004019870936263444,"3":0.0003967770411423736,"5":0.00040927003009264424,"1":0.0003933736428576928}