{"7":0.0004668279214547306,"4":0.0004959970827598974,"2":0.00039623661779773783,"3":0.0003998169413692694,"5":0.00046635115865456013,"6":0.00046668315079190405,"1":0.0003933736428576928}