{"4":0.0003934011397559218,"2":0.00039339120622415384,"3":0.0003933999674478833,"5":0.000393408164285848,"6":0.000393408164285848,"1":0.0003933736428576928}