{"4":0.06404744931050402,"2":0.0640475672369951,"3":0.06404744931050402,"1":0.06404681822066782}