{"18":0.0003940599860309183,"2":0.00039338049146756665,"16":0.0003939187904575026,"11":0.00039388108370965466,"21":0.00039407416662942934,"7":0.0003936150062609614,"9":0.00039375242731911323,"10":0.0003938811094029863,"19":0.0003944158827264019,"17":0.0003939091907941718,"8":0.00039367629015692244,"22":0.00039407416662942934,"6":0.00039355583593044614,"4":0.0003934671897408807,"3":0.0003933903445267809,"5":0.00039355586216204566,"20":0.0003944890326010043,"13":0.0003938875421675332,"14":0.00039389668250713265,"15":0.00039389668250713265,"12":0.0003938869920665377,"1":0.0003933462581164772}