{"4":0.06404744936168547,"2":0.0640475672369951,"3":0.06404744936168547,"1":0.06404681822066782}