{"2":0.06406316134130467,"16":0.0640741134857401,"11":0.06406829982927786,"7":0.0640660653189975,"9":0.06406819871995253,"10":0.06406825179326568,"8":0.0640659944266432,"6":0.06406582633185118,"4":0.0640643532103993,"3":0.06406362174053452,"5":0.06406435323271599,"13":0.06407495316436472,"14":0.06407442667332346,"15":0.0640741134857401,"12":0.06406772551438722,"1":0.06406285892441452}