{"0":{"(248,65)":494.57000000000005,"(137,106)":223.97000000000003,"(267,256)":86.95025999999999,"(354,353)":416.9289400000001,"(56,55)":0.0,"(259,255)":0.0,"(125,177)":0.0,"(36,35)":19.65131999999999,"(183,184)":0.0,"(43,361)":6.5303799999999965,"(16,277)":1556.2682200000004,"(298,307)":1529.7441999999994,"(31,34)":106.18041999999997,"(187,191)":228.4893,"(241,244)":0.0,"(84,95)":0.0,"(221,2)":739.2046599999996,"(23,351)":0.0,"(159,200)":0.0,"(96,92)":0.0,"(35,39)":3.9707800000000004,"(24,243)":0.0,"(28,32)":182.82,"(151,17)":893.9425399999993,"(107,84)":129.8476400000002,"(204,209)":0.0,"(191,11)":228.4893,"(229,161)":0.0,"(286,290)":70.60113999999994,"(301,305)":291.27779999999984,"(2,219)":469.79961999999995,"(352,23)":840.2275200000004,"(304,199)":1238.7974400000003,"(199,228)":516.9907000000006,"(11,186)":0.0,"(244,291)":86.89000000000001,"(111,131)":0.0,"(227,225)":739.2046599999996,"(9,83)":0.0,"(116,117)":307.0130600000002,"(17,149)":57.939219999999956,"(228,201)":0.0,"(10,238)":0.0,"(242,24)":2.03,"(5,273)":212.5982600000001,"(270,273)":0.0,"(21,349)":0.0,"(261,259)":0.0,"(260,14)":357.66561999999993,"(243,239)":0.0,"(16,155)":1078.6109400000003,"(272,5)":101.10113999999994,"(319,15)":0.0,"(213,218)":0.0,"(27,188)":0.0,"(259,14)":290.84915999999976,"(54,57)":315.4989599999996,"(80,187)":0.0,"(209,20)":633.3141999999987,"(176,126)":223.97000000000003,"(334,19)":0.0,"(319,318)":0.0,"(175,173)":223.97000000000003,"(188,192)":0.0,"(324,326)":0.0,"(9,97)":0.0,"(69,6)":0.0,"(155,16)":1089.9037999999987,"(58,59)":0.0,"(330,340)":29.241479999999992,"(21,315)":0.0,"(121,8)":0.0,"(14,259)":223.21395999999996,"(162,156)":19.65131999999999,"(292,240)":0.0,"(361,167)":71.29847999999994,"(5,264)":0.0,"(19,337)":0.0,"(255,267)":110.20405999999994,"(17,151)":331.3909999999999,"(126,102)":223.97000000000003,"(305,301)":426.8970200000003,"(355,356)":0.0,"(349,315)":0.0,"(346,155)":0.0,"(74,80)":0.0,"(242,246)":86.89000000000001,"(327,326)":0.0,"(10,172)":0.0,"(354,257)":291.71171999999973,"(44,45)":37.441539999999996,"(325,208)":469.79961999999995,"(320,202)":195.07999999999998,"(293,241)":309.5699999999998,"(337,46)":0.0,"(142,145)":279.58328000000034,"(306,305)":426.8970200000003,"(205,13)":592.5496800000001,"(204,223)":1.5830399999999991,"(67,58)":37.441539999999996,"(75,76)":162.34020000000004,"(186,28)":0.0,"(222,204)":0.0,"(164,168)":115.30846000000005,"(30,33)":196.42084000000008,"(52,53)":312.2613399999999,"(84,97)":0.0,"(270,56)":0.0,"(333,292)":0.0,"(260,255)":0.0,"(149,142)":0.0,"(318,279)":691.46122,"(333,184)":0.0,"(298,4)":776.4997599999996,"(89,93)":247.31251999999995,"(226,314)":0.0,"(21,205)":595.6165800000009,"(311,300)":291.27779999999984,"(46,19)":0.0,"(86,87)":0.0,"(93,101)":0.0,"(66,45)":6.5303799999999965,"(207,323)":468.4612199999996,"(198,302)":661.6971400000002,"(209,2)":1440.7620200000001,"(102,85)":223.97000000000003,"(165,167)":0.0,"(238,10)":309.72999999999996,"(356,22)":823.0236399999997,"(44,43)":0.0,"(180,181)":0.0,"(142,143)":321.33820000000014,"(359,354)":0.0,"(71,6)":799.5702999999997,"(240,295)":0.0,"(65,63)":0.0,"(86,7)":105.24252000000006,"(266,252)":0.0,"(348,269)":0.0,"(264,5)":0.0,"(22,356)":0.0,"(23,352)":476.67810000000003,"(325,324)":760.96024,"(207,202)":0.0,"(195,201)":222.21396000000001,"(91,90)":0.0,"(117,8)":288.7630600000002,"(185,176)":223.97000000000003,"(351,357)":0.0,"(112,115)":0.0,"(344,347)":0.0,"(10,175)":223.97000000000003,"(296,297)":0.0,"(131,48)":385.8997999999999,"(194,197)":186.7124600000001,"(51,138)":289.7406999999998,"(115,75)":0.0,"(20,209)":1440.7620200000001,"(1,348)":0.0,"(2,209)":633.3141999999987,"(47,52)":254.32212000000015,"(117,118)":67.22,"(232,234)":0.0,"(164,170)":3.8111199999999985,"(3,195)":222.21396000000001,"(99,247)":494.57000000000005,"(235,236)":0.0,"(79,80)":162.34020000000004,"(205,21)":747.0927599999997,"(118,108)":67.22,"(269,266)":147.84,"(349,21)":451.3233400000002,"(177,176)":0.0,"(166,165)":189.6294999999999,"(284,283)":0.0,"(65,37)":0.0,"(51,48)":25.758260000000003,"(300,298)":426.8970200000003,"(63,94)":0.0,"(205,226)":0.0,"(107,90)":0.0,"(59,26)":0.0,"(4,303)":266.68,"(184,175)":0.0,"(251,165)":110.20405999999994,"(134,130)":0.0,"(96,82)":0.0,"(355,22)":0.0,"(7,88)":0.0,"(98,120)":166.82000000000002,"(270,5)":648.4871199999991,"(335,93)":264.6802,"(175,182)":0.0,"(206,218)":0.0,"(7,87)":0.0,"(68,6)":0.0,"(196,200)":488.7505400000004,"(289,284)":719.2058999999997,"(145,146)":0.0,"(197,356)":823.0236399999997,"(177,179)":0.0,"(315,21)":58.04044000000005,"(139,140)":0.0,"(208,207)":468.4612199999996,"(164,165)":145.19850000000028,"(3,161)":565.88024,"(71,196)":539.2699199999997,"(225,224)":0.0,"(350,349)":451.3233400000002,"(321,345)":0.0,"(146,143)":178.95131999999987,"(275,276)":0.0,"(147,148)":57.939219999999956,"(239,24)":0.0,"(353,354)":291.71171999999973,"(248,108)":0.0,"(33,189)":0.0,"(153,162)":0.0,"(1,170)":41.120000000000005,"(290,287)":70.60113999999994,"(61,66)":6.5303799999999965,"(87,86)":0.0,"(167,274)":2.49,"(256,261)":426.8970200000003,"(277,196)":1556.2682200000004,"(97,98)":0.0,"(146,276)":0.0,"(155,159)":0.0,"(223,210)":0.0,"(353,351)":0.0,"(35,163)":19.65131999999999,"(308,304)":1238.7974400000003,"(318,15)":445.21,"(243,242)":0.0,"(300,301)":291.27779999999984,"(141,152)":0.0,"(299,303)":0.0,"(352,353)":0.0,"(80,75)":162.34020000000004,"(347,321)":0.0,"(245,238)":309.5699999999998,"(163,154)":0.0,"(351,359)":0.0,"(256,14)":47.34962000000002,"(218,214)":0.0,"(203,322)":1.3384000000000005,"(303,309)":266.68,"(93,89)":264.6802,"(281,279)":445.21,"(32,40)":182.82,"(220,213)":0.0,"(272,280)":613.7664399999998,"(150,148)":0.0,"(334,338)":112.75825999999994,"(216,213)":0.0,"(11,192)":0.0,"(170,169)":60.709999999999994,"(43,44)":37.441539999999996,"(226,206)":0.0,"(165,251)":86.95025999999999,"(210,208)":0.0,"(339,342)":112.75825999999994,"(74,72)":0.0,"(270,272)":0.0,"(161,3)":0.0,"(358,260)":357.66561999999993,"(22,355)":705.7168200000006,"(46,47)":339.0612799999996,"(86,36)":95.45020000000002,"(215,204)":0.0,"(277,16)":0.0,"(181,180)":0.0,"(49,334)":0.0,"(13,315)":58.04044000000005,"(40,41)":182.82,"(10,242)":77.92,"(175,10)":0.0,"(355,310)":705.7168200000006,"(241,245)":309.5699999999998,"(145,153)":131.65327999999994,"(340,342)":0.0,"(89,88)":0.0,"(85,103)":223.97000000000003,"(70,71)":0.0,"(99,8)":555.1991600000003,"(57,56)":0.0,"(205,204)":234.75077999999996,"(147,100)":0.0,"(341,332)":264.6802,"(237,231)":0.0,"(129,122)":212.89070000000012,"(195,3)":818.8786599999999,"(271,280)":378.3200000000001,"(8,121)":531.7298000000009,"(252,251)":0.0,"(109,108)":0.0,"(25,206)":474.94245999999987,"(133,106)":72.69764000000005,"(134,8)":140.52993999999984,"(339,343)":0.0,"(200,196)":166.2416200000001,"(139,144)":375.0723000000003,"(186,11)":0.0,"(14,260)":0.0,"(32,33)":67.22,"(130,121)":0.0,"(278,271)":1026.8071200000002,"(255,14)":0.0,"(18,146)":178.95131999999987,"(109,111)":0.0,"(212,215)":0.0,"(230,188)":0.0,"(89,87)":0.0,"(8,99)":405.41236000000015,"(230,27)":0.0,"(275,157)":0.0,"(314,21)":0.0,"(119,116)":140.19305999999997,"(210,325)":760.96024,"(360,119)":140.19305999999997,"(15,323)":0.0,"(71,288)":70.60113999999994,"(152,52)":57.939219999999956,"(157,18)":0.0,"(136,137)":0.0,"(236,234)":0.0,"(248,250)":508.8291599999998,"(103,137)":223.97000000000003,"(326,212)":0.0,"(343,339)":0.0,"(330,331)":218.07103999999993,"(217,220)":0.0,"(37,12)":0.0,"(182,172)":0.0,"(218,216)":0.0,"(55,56)":0.0,"(213,215)":0.0,"(140,149)":0.0,"(332,335)":264.6802,"(11,27)":323.34993999999995,"(7,86)":95.45020000000002,"(82,85)":0.0,"(12,37)":0.0,"(26,61)":6.5303799999999965,"(191,79)":162.34020000000004,"(250,99)":508.8291599999998,"(114,111)":0.0,"(104,93)":0.0,"(343,336)":29.241479999999992,"(257,139)":291.71171999999973,"(215,326)":0.0,"(70,6)":470.6810599999999,"(24,239)":0.0,"(310,198)":705.7168200000006,"(50,51)":315.4989599999996,"(223,224)":818.8786599999999,"(8,134)":0.0,"(297,333)":0.0,"(190,64)":0.0,"(194,200)":995.9158999999987,