{"7":0.6499381287145976,"4":0.6798938755549278,"9":0.6499367142522906,"2":0.7817481770690798,"3":0.7237786752878491,"5":0.6544910567242153,"8":0.6499367142522906,"6":0.6499409687245336,"1":1.0}