{"7":1.1995764980377461,"22":1.1792677909200802,"14":1.1723699126454084,"29":1.1121481816693903,"28":1.1090109683696685,"8":1.1669544712546729,"15":1.1542264219695402,"21":1.1540968522866675,"1":1.180722607748575}