{"(6,9)":0.0,"(18,3)":55.4486922933068,"(21,13)":20.020822043013396,"(22,16)":0.0,"(15,17)":38.718596403444856,"(22,14)":0.0,"(13,9)":22.454277209900887,"(8,9)":7.4156397740146875,"(17,14)":0.0,"(9,1)":0.0,"(16,6)":0.0,"(16,12)":1.7763568394002506e-16,"(16,13)":497.86241107639603,"(22,2)":0.0,"(7,16)":232.5164681659076,"(1,12)":219.94975141696938,"(4,5)":0.0,"(11,8)":83.06404306268867,"(18,21)":0.0,"(19,4)":0.0,"(20,13)":16.004359312459766,"(15,4)":25.632038447261614,"(6,18)":20.96176848514861,"(5,16)":0.0,"(4,9)":0.0,"(8,4)":0.0,"(1,22)":0.0,"(22,15)":0.0,"(1,2)":24.601196789402348,"(17,9)":0.0,"(19,20)":0.0,"(14,2)":0.0,"(6,11)":0.0,"(16,2)":0.0,"(8,21)":62.224754271005104,"(9,6)":0.0,"(8,2)":0.0,"(21,3)":31.672359253533187,"(13,19)":0.0,"(7,19)":0.0,"(8,12)":0.0,"(11,4)":0.0,"(17,10)":0.0,"(1,17)":0.0,"(18,5)":0.0,"(2,5)":0.0,"(8,5)":0.24696144334058723,"(3,16)":0.0,"(14,13)":467.04112081388524,"(22,4)":0.0,"(3,9)":0.0,"(15,2)":0.0,"(19,6)":0.0,"(19,9)":7.234417007230447,"(18,12)":0.0,"(15,1)":0.0,"(14,6)":26.373001834073143,"(14,18)":0.0,"(21,4)":0.0,"(22,7)":0.0,"(13,4)":19.693918331919065,"(16,20)":0.0,"(7,12)":0.0,"(10,22)":0.0,"(12,19)":0.0,"(4,10)":0.0,"(10,8)":34.13918051561324,"(7,2)":0.0,"(11,15)":0.06620445236470589,"(10,17)":17.55564342812496,"(3,13)":0.0,"(20,8)":0.0,"(6,3)":54.991522597466975,"(1,7)":69.1555433829148,"(19,13)":0.0,"(21,20)":26.623466894719815,"(8,8)":0.0,"(1,3)":149.80398795476523,"(4,15)":4.296444803273004,"(22,10)":0.0,"(21,9)":33.23806962685352,"(11,11)":0.0,"(12,15)":32.891707364483494,"(9,10)":0.0,"(12,5)":0.0,"(12,2)":0.0,"(20,4)":0.0,"(9,3)":0.0,"(16,4)":-1.4210854715202005e-15,"(16,10)":0.0,"(17,19)":32.52081297083936,"(11,19)":9.641510904128648,"(16,19)":0.0,"(4,1)":327.9986490216082,"(13,20)":6.602644851706422,"(5,15)":22.163087853328964,"(16,9)":0.0,"(4,17)":0.0,"(5,12)":0.0,"(5,14)":0.0,"(17,11)":0.0,"(6,16)":0.0,"(22,22)":0.0,"(2,14)":0.0,"(11,9)":0.0,"(17,6)":0.0,"(20,12)":3.0955015192806403,"(21,11)":37.83292984207157,"(9,13)":3.4195049046335337,"(20,15)":35.98720888376413,"(10,20)":27.005534330420716,"(11,10)":48.924862547075406,"(15,22)":0.0,"(2,17)":0.0,"(6,2)":0.0,"(21,14)":38.94718886309388,"(8,7)":7.833848818073327,"(4,20)":0.0,"(3,17)":0.0,"(2,15)":0.0,"(12,21)":0.0,"(1,8)":0.0,"(22,8)":0.0,"(21,5)":0.0,"(1,13)":0.0,"(3,12)":0.0,"(3,14)":0.0,"(5,11)":0.0,"(15,9)":8.18036355216214,"(9,11)":0.0,"(6,15)":0.0,"(1,14)":0.0,"(7,14)":784.1192201858015,"(12,1)":56.422034698142504,"(8,10)":27.4997436343426,"(14,10)":0.0,"(10,5)":0.0,"(15,8)":29.90673868648075,"(15,19)":12.127055191661151,"(21,12)":0.0,"(22,20)":0.0,"(2,18)":0.0,"(20,10)":49.771451174271014,"(8,22)":0.0,"(16,15)":56.26336329919269,"(1,15)":0.0,"(10,11)":42.39678760729086,"(12,16)":56.628789238705636,"(17,4)":0.0,"(3,1)":167.03606378996562,"(20,5)":0.0,"(15,15)":0.0,"(16,21)":0.0,"(21,8)":80.7219087242459,"(16,3)":0.0,"(17,16)":195.84234740509257,"(12,8)":0.0,"(13,7)":285.7869094373423,"(3,18)":62.05422868067629,"(6,17)":0.0,"(22,19)":0.0,"(6,5)":0.0,"(16,17)":186.18740706557446,"(18,18)":0.0,"(13,11)":71.36133242566105,"(13,18)":0.0,"(16,11)":0.0,"(2,13)":0.0,"(9,8)":0.0,"(3,4)":68.43822866886653,"(5,17)":60.881684256773816,"(5,20)":7.410732704855952,"(10,19)":0.0,"(2,3)":13.053524328540774,"(21,17)":0.08791324270823192,"(13,3)":19.241264882312137,"(4,11)":0.0,"(6,20)":0.0,"(5,4)":0.0,"(17,1)":0.0,"(2,1)":18.190427077402784,"(20,6)":1.2314431610928578,"(20,11)":84.16660969498038,"(5,9)":0.0,"(1,4)":230.09939957817997,"(13,22)":0.0,"(19,19)":0.0,"(18,19)":0.0,"(9,18)":0.0,"(20,16)":0.0,"(3,21)":7.546644600953567,"(16,5)":0.0,"(11,22)":0.0,"(19,1)":0.0,"(13,1)":0.0,"(18,17)":0.0,"(17,18)":0.0,"(14,15)":0.0,"(2,11)":0.0,"(20,2)":0.0,"(10,10)":0.0,"(4,12)":338.91493423878956,"(2,22)":0.0,"(5,22)":0.0,"(6,12)":0.0,"(18,2)":0.0,"(16,7)":216.533346113738,"(19,7)":0.0,"(7,21)":0.0,"(4,13)":5.981440362152675,"(6,1)":222.02758638743262,"(7,11)":0.0,"(11,6)":27.48726085509543,"(12,13)":165.6173688302158,"(18,22)":0.0,"(21,18)":0.0,"(22,11)":0.0,"(7,15)":0.0,"(7,6)":52.109762781309556,"(15,16)":21.159645025632866,"(21,16)":0.0,"(20,19)":0.0,"(11,16)":0.0,"(11,7)":0.0,"(8,14)":0.0,"(5,5)":0.0,"(2,7)":1.522900770445097,"(8,3)":55.465533843284106,"(5,21)":0.0,"(4,3)":59.74023408250326,"(2,21)":0.0,"(9,7)":0.0,"(18,15)":0.0,"(14,3)":81.36452443154012,"(4,14)":132.83282319053612,"(18,7)":3.668184098189086,"(11,21)":0.0,"(2,10)":0.0,"(14,16)":379.2974150977418,"(14,8)":0.0,"(11,2)":0.0,"(15,6)":0.0,"(19,18)":0.0,"(8,13)":42.73249162838607,"(17,22)":0.0,"(1,19)":0.0,"(18,20)":0.0,"(20,1)":0.0,"(3,10)":0.0,"(7,20)":0.0,"(6,14)":0.0,"(9,21)":13.217228689755482,"(13,15)":0.0,"(21,21)":0.0,"(17,15)":20.393757779178216,"(17,20)":78.93877476591604,"(20,21)":43.692556113294444,"(20,7)":0.0,"(11,1)":0.0,"(15,18)":5.941520649220092,"(19,17)":0.0,"(10,14)":0.0,"(1,10)":0.0,"(9,9)":0.0,"(13,16)":376.49364440848984,"(22,21)":0.0,"(12,17)":173.8770653679284,"(21,6)":4.230778448974926,"(12,14)":156.88364352486312,"(12,10)":2.2485493229739415,"(19,14)":0.0,"(2,6)":0.0,"(13,14)":546.3847762946473,"(16,1)":0.0,"(16,14)":871.4859825933177,"(10,4)":0.0,"(1,20)":0.0,"(6,21)":0.0,"(10,12)":0.0,"(15,11)":57.355024434436814,"(16,16)":0.0,"(17,17)":0.0,"(16,22)":0.0,"(17,13)":109.49313208148845,"(19,8)":0.0,"(17,3)":0.0,"(2,8)":0.0,"(5,8)":0.0,"(13,21)":27.688196800834675,"(17,12)":367.7672649499056,"(7,22)":0.0,"(5,19)":0.0,"(1,1)":0.0,"(22,12)":0.0,"(21,19)":0.0,"(17,8)":50.30049646565896,"(10,9)":0.03217209814414609,"(10,21)":41.597240496048656,"(4,19)":0.0,"(11,5)":0.0,"(14,17)":30.19348456331643,"(22,6)":0.0,"(14,14)":0.0,"(2,2)":0.0,"(17,21)":0.0,"(5,18)":4.787475562850669,"(15,12)":40.40566477072734,"(10,16)":0.0,"(20,9)":29.881328336017482,"(7,1)":34.38232751618501,"(3,11)":0.0,"(5,13)":0.0,"(10,13)":24.424081813007916,"(11,17)":0.0,"(14,12)":149.59847773748936,"(21,22)":0.0,"(14,5)":0.0,"(12,11)":31.338836979356707,"(15,14)":0.0,"(1,16)":0.0,"(11,18)":0.0,"(21,1)":0.0,"(22,13)":0.0,"(2,20)":0.0,"(6,6)":0.0,"(16,8)":0.0,"(20,3)":28.269224114167248,"(10,2)":0.0,"(4,2)":0.0,"(15,21)":10.85606400177781,"(1,6)":209.1014354294565,"(13,13)":0.0,"(19,10)":19.533230439931927,"(11,3)":82.47878345256242,"(3,19)":0.0,"(22,17)":0.0,"(22,9)":0.0,"(9,20)":3.3747572932667866,"(8,6)":0.4740112458171266,"(4,6)":4.748711485036273,"(15,5)":30.153700129821335,"(8,1)":0.0,"(13,2)":0.0,"(17,2)":0.0,"(14,9)":0.0,"(9,15)":0.0,"(15,7)":0.0,"(6,10)":0.0,"(6,4)":9.140781194175283,"(10,7)":0.0,"(5,2)":0.0,"(21,7)":0.0,"(8,19)":0.0,"(7,3)":107.10128537877652,"(12,12)":0.0,"(14,1)":25.990888168948608,"(10,3)":0.0,"(13,6)":0.0,"(15,3)":5.055175527415795,"(20,14)":0.0,"(1,5)":0.0,"(3,5)":50.57158561881056,"(3,8)":42.88191895236316,"(9,5)":0.0,"(14,19)":0.0,"(3,6)":59.29744747469123,"(19,5)":0.0,"(7,17)":0.0,"(12,4)":116.30528727653427,"(4,21)":0.0,"(4,4)":0.0,"(13,17)":139.24448347406422,"(19,12)":0.0,"(9,4)":0.0,"(20,17)":74.70580528720897,"(22,3)":0.0,"(13,12)":145.7959521236041,"(8,11)":0.0,"(8,18)":4.168349179011012,"(6,19)":0.0,"(12,7)":0.0,"(12,18)":0.05542174068012915,"(19,22)":0.0,"(20,22)":0.0,"(14,4)":217.41914474734037,"(3,15)":0.0,"(4,22)":0.0,"(2,4)":0.0,"(9,19)":0.0,"(18,16)":0.0,"(6,22)":0.0,"(19,2)":0.0,"(9,22)":0.0,"(22,1)":0.0,"(9,2)":0.0,"(14,21)":39.486946618867556,"(5,1)":0.0,"(15,20)":58.54501698673781,"(10,6)":0.0,"(11,12)":0.0,"(8,16)":3.4143135743495736,"(1,18)":10.956659637792518,"(2,16)":0.0,"(7,13)":650.8089253574178,"(21,15)":0.0,"(8,15)":29.852754519776358,"(9,17)":2.0996337805729826,"(19,16)":0.0,"(5,10)":0.0,"(18,10)":0.0,"(18,13)":0.0,"(21,10)":53.309546375847646,"(8,17)":68.57135092322122,"(8,20)":15.100399371303348,"(4,8)":0.0,"(11,20)":61.97243209767461,"(12,9)":0.27885830596896183,"(7,8)":0.0,"(14,22)":0.0,"(7,7)":0.0,"(18,1)":0.0,"(22,18)":0.0,"(7,9)":0.0,"(9,14)":0.0,"(4,18)":7.681855671007202,"(19,15)":0.0,"(20,20)":0.0,"(3,22)":0.0,"(5,7)":8.455659661039755,"(11,14)":0.0,"(12,6)":0.0,"(17,5)":50.547457908999554,"(18,6)":22.948811507780857,"(6,13)":0.0,