{"2":0.15233738918889173,"11":0.41652445062609866,"7":0.3769607822577993,"9":0.40500729358885473,"10":0.4142502817319606,"8":0.40477756766197526,"6":0.24462372258539739,"4":0.19563414101189938,"3":0.1927500015658439,"5":0.2236755984583271,"12":0.41652445062609866,"1":0.0}