{"(6,9)":0.0,"(18,3)":45.090137864806486,"(21,13)":17.535223944069813,"(22,16)":0.0,"(15,17)":9.460012733684243,"(22,14)":0.0,"(13,9)":0.0,"(8,9)":0.0,"(17,14)":279.3334005136027,"(9,1)":0.0,"(16,6)":0.0,"(16,12)":219.00292259179955,"(16,13)":696.0868188278013,"(22,2)":0.0,"(7,16)":333.24598603309875,"(1,12)":288.1358739083372,"(4,5)":0.0,"(11,8)":57.525226317826046,"(18,21)":0.0,"(19,4)":0.0,"(20,13)":14.491603610725765,"(15,4)":55.93534329786649,"(6,18)":14.860610681230293,"(5,16)":0.0,"(4,9)":0.0,"(8,4)":23.63702107074398,"(1,22)":0.0,"(22,15)":0.0,"(1,2)":1.9745571445389336,"(17,9)":0.0,"(19,20)":0.0,"(14,2)":0.0,"(6,11)":0.0,"(16,2)":0.0,"(8,21)":4.605126346609834,"(9,6)":0.0,"(8,2)":0.0,"(21,3)":0.0,"(13,19)":0.0,"(7,19)":0.0,"(8,12)":0.0,"(11,4)":0.0,"(17,10)":0.0,"(1,17)":0.0,"(18,5)":0.0,"(2,5)":0.0,"(8,5)":7.661850211994905,"(3,16)":0.0,"(14,13)":698.7982292500722,"(22,4)":0.0,"(3,9)":24.632507522596065,"(15,2)":24.720501345609886,"(19,6)":0.0,"(19,9)":0.0,"(18,12)":0.0,"(15,1)":12.421206004209866,"(14,6)":14.456533763958113,"(14,18)":0.0,"(21,4)":0.0,"(22,7)":0.0,"(13,4)":0.0,"(16,20)":0.0,"(7,12)":88.46172780318176,"(10,22)":0.0,"(12,19)":8.36230446026066,"(4,10)":0.0,"(10,8)":24.304627514156408,"(7,2)":0.0,"(11,15)":0.0,"(10,17)":0.0,"(3,13)":0.0,"(20,8)":25.167085743383577,"(6,3)":71.60284073897648,"(1,7)":119.67160219576715,"(19,13)":10.084615078577425,"(21,20)":33.25190573759355,"(8,8)":0.0,"(1,3)":72.31678155016066,"(4,15)":0.0,"(22,10)":0.0,"(21,9)":0.0,"(11,11)":0.0,"(12,15)":6.839619463966104,"(9,10)":0.0,"(12,5)":23.74043696676488,"(12,2)":8.50076587325734,"(20,4)":48.80410681412756,"(9,3)":15.46772925831132,"(16,4)":0.0,"(16,10)":0.0,"(17,19)":34.43960002155049,"(11,19)":0.0,"(16,19)":0.0,"(4,1)":462.9906187908303,"(13,20)":15.716681793523742,"(5,15)":0.0,"(16,9)":0.0,"(4,17)":0.0,"(5,12)":0.0,"(5,14)":0.0,"(17,11)":0.0,"(6,16)":0.0,"(22,22)":0.0,"(2,14)":0.0,"(11,9)":0.0,"(17,6)":0.0,"(20,12)":9.088498988613608,"(21,11)":37.71275465241699,"(9,13)":0.0,"(20,15)":15.928118452579715,"(10,20)":0.0,"(11,10)":33.220598803669645,"(15,22)":0.0,"(2,17)":0.0,"(6,2)":0.0,"(21,14)":33.00980085917982,"(8,7)":0.027450950715193826,"(4,20)":0.0,"(3,17)":0.0,"(2,15)":0.0,"(12,21)":46.46977769956605,"(1,8)":0.0,"(22,8)":0.0,"(21,5)":0.0,"(1,13)":0.0,"(3,12)":0.0,"(3,14)":0.0,"(5,11)":0.0,"(15,9)":0.0,"(9,11)":0.0,"(6,15)":0.0,"(1,14)":163.69610620849178,"(7,14)":1153.5713480127245,"(12,1)":181.70249161634422,"(8,10)":24.283864615373503,"(14,10)":0.0,"(10,5)":0.0,"(15,8)":32.29832222712251,"(15,19)":24.582039932613203,"(21,12)":0.0,"(22,20)":0.0,"(2,18)":0.0,"(20,10)":0.0441768614972041,"(8,22)":0.0,"(16,15)":28.437533708054428,"(1,15)":0.0,"(10,11)":23.09615553163108,"(12,16)":194.80557153275294,"(17,4)":0.0,"(3,1)":72.453196823819,"(20,5)":32.82893595537848,"(15,15)":0.0,"(16,21)":0.0,"(21,8)":7.929211927216739,"(16,3)":0.0,"(17,16)":242.45777005947832,"(12,8)":16.07858675476997,"(13,7)":278.9656304611619,"(3,18)":74.15173804584164,"(6,17)":0.0,"(22,19)":0.0,"(6,5)":0.0,"(16,17)":206.43384133025924,"(18,18)":0.0,"(13,11)":1.8622234906082453,"(13,18)":0.0,"(16,11)":0.0,"(2,13)":0.0,"(9,8)":0.0,"(3,4)":86.44852384392294,"(5,17)":4.2514926626241,"(5,20)":1.1624145486490765,"(10,19)":0.0,"(2,3)":5.705956128501456,"(21,17)":0.0,"(13,3)":0.0,"(4,11)":0.0,"(6,20)":0.0,"(5,4)":15.97517085874907,"(17,1)":0.0,"(2,1)":1.6479574700772113,"(20,6)":0.0,"(20,11)":6.60079729117986,"(5,9)":0.0,"(1,4)":293.9721535074949,"(13,22)":0.0,"(19,19)":0.0,"(18,19)":0.0,"(9,18)":0.0,"(20,16)":0.0,"(3,21)":0.0,"(16,5)":0.0,"(11,22)":0.0,"(19,1)":0.0,"(13,1)":0.0,"(18,17)":0.0,"(17,18)":0.0,"(14,15)":0.0,"(2,11)":0.0,"(20,2)":17.589264861870948,"(10,10)":0.0,"(4,12)":430.4944484008424,"(2,22)":0.0,"(5,22)":0.0,"(6,12)":0.0,"(18,2)":0.0,"(16,7)":266.1574812889633,"(19,7)":0.0,"(7,21)":0.0,"(4,13)":42.931051727456,"(6,1)":144.05603756279547,"(7,11)":0.0,"(11,6)":9.753579970720939,"(12,13)":297.015877538838,"(18,22)":0.0,"(21,18)":0.0,"(22,11)":0.0,"(7,15)":0.0,"(7,6)":31.965093744760246,"(15,16)":0.0,"(21,16)":0.0,"(20,19)":17.45080344887427,"(11,16)":0.0,"(11,7)":0.0,"(8,14)":0.0,"(5,5)":0.0,"(2,7)":0.0,"(8,3)":111.95112447721662,"(5,21)":0.0,"(4,3)":88.31410340647264,"(2,21)":0.0,"(9,7)":0.0,"(18,15)":0.0,"(14,3)":86.05937450293457,"(4,14)":366.3426207009969,"(18,7)":0.023640033878108088,"(11,21)":0.0,"(2,10)":0.0,"(14,16)":654.3659625715262,"(14,8)":0.0,"(11,2)":0.0,"(15,6)":0.0,"(19,18)":0.0,"(8,13)":0.0032381093687390483,"(17,22)":0.0,"(1,19)":0.0,"(18,20)":0.0,"(20,1)":7.8282900726732345,"(3,10)":0.0,"(7,20)":0.0,"(6,14)":0.0,"(9,21)":0.0,"(13,15)":0.0,"(21,21)":0.0,"(17,15)":9.857560088937287,"(17,20)":39.02501864518849,"(20,21)":42.51446177145374,"(20,7)":0.0,"(11,1)":0.0,"(15,18)":4.081388572426639,"(19,17)":0.0,"(10,14)":0.0,"(1,10)":0.0,"(9,9)":0.0,"(13,16)":504.6424739939149,"(22,21)":0.0,"(12,17)":144.13308419765042,"(21,6)":0.0,"(12,14)":340.7077478501678,"(12,10)":1.3502839416718229,"(19,14)":0.0,"(2,6)":0.0,"(13,14)":737.5899973113295,"(16,1)":0.0,"(16,14)":1374.4939194541241,"(10,4)":0.0,"(1,20)":0.0,"(6,21)":0.0,"(10,12)":0.0,"(15,11)":14.605600990675923,"(16,16)":0.0,"(17,17)":0.0,"(16,22)":0.0,"(17,13)":208.28005588727981,"(19,8)":0.0,"(17,3)":0.0,"(2,8)":0.0,"(5,8)":0.0,"(13,21)":28.022858160727967,"(17,12)":409.7870985612899,"(7,22)":0.0,"(5,19)":0.0,"(1,1)":0.0,"(22,12)":0.0,"(21,19)":0.0,"(17,8)":42.15588231605981,"(10,9)":0.0,"(10,21)":0.0,"(4,19)":0.0,"(11,5)":0.0,"(14,17)":191.68563190178529,"(22,6)":0.0,"(14,14)":0.0,"(2,2)":0.0,"(17,21)":0.0,"(5,18)":0.6707760692793177,"(15,12)":16.219735472352543,"(10,16)":0.0,"(20,9)":0.0,"(7,1)":125.69799755627898,"(3,11)":47.91259215017356,"(5,13)":0.0,"(10,13)":0.0,"(11,17)":0.0,"(14,12)":447.23904301407026,"(21,22)":0.0,"(14,5)":0.0,"(12,11)":10.097258272543492,"(15,14)":0.0,"(1,16)":0.0,"(11,18)":0.0,"(21,1)":0.0,"(22,13)":0.0,"(2,20)":0.0,"(6,6)":0.0,"(16,8)":0.0,"(20,3)":0.0,"(10,2)":0.0,"(4,2)":0.0,"(15,21)":62.689513171918605,"(1,6)":152.80034368372375,"(13,13)":0.0,"(19,10)":0.0,"(11,3)":81.35642070969743,"(3,19)":0.0,"(22,17)":0.0,"(22,9)":0.0,"(9,20)":0.0,"(8,6)":40.34828373824015,"(4,6)":16.71126266749618,"(15,5)":39.96017243911743,"(8,1)":0.0,"(13,2)":0.0,"(17,2)":0.0,"(14,9)":0.0,"(9,15)":0.0,"(15,7)":0.0,"(6,10)":0.0,"(6,4)":5.964961710359833,"(10,7)":0.0,"(5,2)":0.0,"(21,7)":0.0,"(8,19)":7.040048658577972,"(7,3)":103.56793448373672,"(12,12)":0.0,"(14,1)":129.87108957547684,"(10,3)":0.0,"(13,6)":0.0,"(15,3)":0.17022029153418752,"(20,14)":0.0,"(1,5)":0.0,"(3,5)":69.60336577979149,"(3,8)":59.348071701791085,"(9,5)":0.0,"(14,19)":0.0,"(3,6)":80.48356213356313,"(19,5)":0.0,"(7,17)":0.0,"(12,4)":203.56424982551388,"(4,21)":0.0,"(4,4)":0.0,"(13,17)":181.78060532417416,"(19,12)":0.0,"(9,4)":0.0,"(20,17)":25.388131186263962,"(22,3)":0.0,"(13,12)":327.4890577639981,"(8,11)":0.0,"(8,18)":0.0038109168370857385,"(6,19)":0.0,"(12,7)":2.220446049250313e-16,"(12,18)":0.7782276210136351,"(19,22)":0.0,"(20,22)":0.0,"(14,4)":316.1641027846466,"(3,15)":0.0,"(4,22)":0.0,"(2,4)":0.0,"(9,19)":0.0,"(18,16)":0.0,"(6,22)":0.0,"(19,2)":0.0,"(9,22)":0.0,"(22,1)":0.0,"(9,2)":0.0,"(14,21)":18.64063173740409,"(5,1)":0.0,"(15,20)":29.167458556251198,"(10,6)":0.0,"(11,12)":0.0,"(8,16)":0.0,"(1,18)":0.16423867973832296,"(2,16)":0.0,"(7,13)":822.086139039184,"(21,15)":0.0,"(8,15)":5.046774006940245,"(9,17)":0.0,"(19,16)":0.0,"(5,10)":0.0,"(18,10)":0.0,"(18,13)":0.0,"(21,10)":0.4471700653237947,"(8,17)":14.506786740624491,"(8,20)":11.154877626872802,"(4,8)":0.0,"(11,20)":4.280514934669815,"(12,9)":0.0,"(7,8)":0.0,"(14,22)":0.0,"(7,7)":0.0,"(18,1)":0.0,"(22,18)":0.0,"(7,9)":0.0,"(9,14)":0.0,"(4,18)":0.2401203548759386,"(19,15)":0.0,"(20,20)":0.0,"(3,22)":0.0,"(5,7)":0.4590448025677838,"(11,14)":0.0,"(12,6)":0.0,"(17,5)":49.81773252805471,"(18,6)":6.594958573619198,"(6,13)":0.0,"(11,13)":0.48753524488753835,"(2,19)":0.0,"(19,11)":6.038970463836162,"(20,18)":0.0,"(13,5)":0.0,"(4,7)":190.66589768827214,"(6,8)":0.0,"(21,2)":0.0,