{"(6,9)":0.0,"(18,3)":60.892438238997315,"(21,13)":12.5410407696622,"(22,16)":0.0,"(15,17)":47.00844437988708,"(22,14)":0.0,"(13,9)":2.9247499746591137,"(8,9)":0.004510700651201524,"(17,14)":370.6858212661802,"(9,1)":0.0,"(16,6)":0.0,"(16,12)":285.94663753986197,"(16,13)":729.0257188328297,"(22,2)":0.0,"(7,16)":437.098649523109,"(1,12)":361.8774987042522,"(4,5)":3.8689536569041456,"(11,8)":33.236431728933425,"(18,21)":0.0,"(19,4)":0.0,"(20,13)":8.323042856873352,"(15,4)":80.79260482057167,"(6,18)":2.071422732080998,"(5,16)":0.0,"(4,9)":0.0,"(8,4)":43.259722110350474,"(1,22)":0.0,"(22,15)":0.0,"(1,2)":1.5743340959954506,"(17,9)":0.0,"(19,20)":0.0,"(14,2)":0.0,"(6,11)":0.0,"(16,2)":0.0,"(8,21)":2.5037351957770553,"(9,6)":0.0,"(8,2)":9.785024731730244,"(21,3)":14.861699168735628,"(13,19)":0.0,"(7,19)":0.0,"(8,12)":12.801259032847014,"(11,4)":0.0,"(17,10)":0.0,"(1,17)":0.0,"(18,5)":0.0,"(2,5)":0.0,"(8,5)":16.244094340039403,"(3,16)":0.0,"(14,13)":710.0950443445477,"(22,4)":0.0,"(3,9)":12.341854234196266,"(15,2)":47.317907441951434,"(19,6)":0.0,"(19,9)":2.6134382678035943,"(18,12)":0.0,"(15,1)":30.647291677722784,"(14,6)":31.817952430070367,"(14,18)":0.0,"(21,4)":0.0,"(22,7)":0.0,"(13,4)":116.24945983211234,"(16,20)":0.0,"(7,12)":210.1460381007755,"(10,22)":0.0,"(12,19)":0.0,"(4,10)":0.0,"(10,8)":10.243057638512987,"(7,2)":0.0,"(11,15)":0.0,"(10,17)":0.0,"(3,13)":0.0,"(20,8)":13.230799213415619,"(6,3)":95.55484684769938,"(1,7)":154.03149921628872,"(19,13)":0.0,"(21,20)":15.50255262100923,"(8,8)":0.0,"(1,3)":104.25598439036558,"(4,15)":60.031452659382325,"(22,10)":0.0,"(21,9)":5.840989753475541,"(11,11)":0.0,"(12,15)":30.158849833160613,"(9,10)":0.0,"(12,5)":33.1427728861792,"(12,2)":26.68370327787004,"(20,4)":56.49052132376608,"(9,3)":28.640417376532397,"(16,4)":108.65119266494213,"(16,10)":0.0,"(17,19)":55.1545040597319,"(11,19)":0.0,"(16,19)":0.0,"(4,1)":461.31227485715107,"(13,20)":2.9615118513470318,"(5,15)":56.162499002478185,"(16,9)":0.0,"(4,17)":0.0,"(5,12)":26.00364916931756,"(5,14)":0.0,"(17,11)":0.0,"(6,16)":0.0,"(22,22)":0.0,"(2,14)":0.0,"(11,9)":0.0,"(17,6)":0.0,"(20,12)":0.0,"(21,11)":22.72640913772482,"(9,13)":0.0,"(20,15)":26.490970500436433,"(10,20)":0.0,"(11,10)":22.993374090420442,"(15,22)":0.0,"(2,17)":0.0,"(6,2)":0.0,"(21,14)":13.60471484920357,"(8,7)":0.9638345410764446,"(4,20)":33.77602803833793,"(3,17)":0.32287069528069573,"(2,15)":28.310190645578317,"(12,21)":1.1336864248542489,"(1,8)":0.11026422971593289,"(22,8)":0.0,"(21,5)":0.0,"(1,13)":57.5823416100321,"(3,12)":0.0,"(3,14)":16.5245140059066,"(5,11)":0.0,"(15,9)":2.3176803749101422,"(9,11)":0.0,"(6,15)":0.0,"(1,14)":259.64332897302563,"(7,14)":1215.1586737567372,"(12,1)":200.4669405136414,"(8,10)":8.976049154415373,"(14,10)":0.0,"(10,5)":0.0,"(15,8)":37.532882710221195,"(15,19)":11.541859104209294,"(21,12)":0.0,"(22,20)":0.0,"(2,18)":0.0,"(20,10)":7.043299478144448,"(8,22)":0.0,"(16,15)":80.47364838191524,"(1,15)":11.394756061927401,"(10,11)":25.142845199431164,"(12,16)":177.416763455627,"(17,4)":0.0,"(3,1)":110.59698704797196,"(20,5)":29.474893553455026,"(15,15)":0.0,"(16,21)":0.0,"(21,8)":12.723827434171763,"(16,3)":0.0,"(17,16)":274.65217263934886,"(12,8)":16.898678546139795,"(13,7)":391.064734191544,"(3,18)":66.10033484826792,"(6,17)":0.0,"(22,19)":0.0,"(6,5)":9.532174109564743,"(16,17)":225.65015642639264,"(18,18)":0.0,"(13,11)":14.460293237494929,"(13,18)":0.0,"(16,11)":0.0,"(2,13)":0.0,"(9,8)":0.0,"(3,4)":97.18795926414649,"(5,17)":103.17094338236527,"(5,20)":29.907074381433784,"(10,19)":0.0,"(2,3)":3.003065484555096,"(21,17)":5.172021126879093,"(13,3)":11.945459389919199,"(4,11)":0.0,"(6,20)":0.0,"(5,4)":27.015627770311056,"(17,1)":0.0,"(2,1)":1.4381405241403302,"(20,6)":0.0,"(20,11)":19.936792218200345,"(5,9)":0.0,"(1,4)":308.9478778780304,"(13,22)":0.0,"(19,19)":0.0,"(18,19)":0.0,"(9,18)":0.0,"(20,16)":0.0,"(3,21)":0.7704020084117775,"(16,5)":0.0,"(11,22)":0.0,"(19,1)":0.0,"(13,1)":41.31415168926352,"(18,17)":0.0,"(17,18)":0.0,"(14,15)":0.0,"(2,11)":0.0,"(20,2)":23.015823945145858,"(10,10)":0.0,"(4,12)":489.2603488262217,"(2,22)":0.0,"(5,22)":0.0,"(6,12)":0.0,"(18,2)":0.0,"(16,7)":411.1954850243738,"(19,7)":0.0,"(7,21)":0.0,"(4,13)":149.99471973200156,"(6,1)":206.15183389567136,"(7,11)":0.0,"(11,6)":22.69625814154912,"(12,13)":263.4539013262613,"(18,22)":0.0,"(21,18)":0.0,"(22,11)":0.0,"(7,15)":0.0,"(7,6)":23.642692573277767,"(15,16)":38.884415019236016,"(21,16)":0.0,"(20,19)":0.0,"(11,16)":0.0,"(11,7)":0.0,"(8,14)":0.0,"(5,5)":0.0,"(2,7)":0.0,"(8,3)":147.39738064269503,"(5,21)":0.0,"(4,3)":104.13765853234457,"(2,21)":0.0,"(9,7)":0.0,"(18,15)":11.68064331783168,"(14,3)":127.37279927776974,"(4,14)":447.3141190949951,"(18,7)":0.0,"(11,21)":0.0,"(2,10)":0.0,"(14,16)":657.5360553804917,"(14,8)":0.0,"(11,2)":0.0,"(15,6)":0.0,"(19,18)":0.0,"(8,13)":0.0,"(17,22)":0.0,"(1,19)":0.0,"(18,20)":0.0,"(20,1)":6.5071055592713005,"(3,10)":0.4846329500410727,"(7,20)":0.0,"(6,14)":0.0,"(9,21)":0.0,"(13,15)":0.0,"(21,21)":0.0,"(17,15)":43.612644955522605,"(17,20)":68.15027433172024,"(20,21)":21.356532822642173,"(20,7)":0.0,"(11,1)":0.0,"(15,18)":22.847680340809738,"(19,17)":21.179034178010685,"(10,14)":0.0,"(1,10)":0.0,"(9,9)":0.0,"(13,16)":520.8156421293658,"(22,21)":0.0,"(12,17)":205.00074621304768,"(21,6)":0.0,"(12,14)":325.0609378491915,"(12,10)":3.3873935227860996,"(19,14)":0.0,"(2,6)":0.0,"(13,14)":755.5051635229304,"(16,1)":0.0,"(16,14)":1433.6519376268316,"(10,4)":0.0,"(1,20)":0.2974921255030745,"(6,21)":0.0,"(10,12)":0.0,"(15,11)":16.7494760843655,"(16,16)":0.0,"(17,17)":0.0,"(16,22)":0.0,"(17,13)":273.4133584721787,"(19,8)":0.0,"(17,3)":0.0,"(2,8)":0.0,"(5,8)":13.20239013647055,"(13,21)":13.033489965768826,"(17,12)":447.956652119604,"(7,22)":0.0,"(5,19)":16.911304109445464,"(1,1)":0.0,"(22,12)":0.0,"(21,19)":0.0,"(17,8)":81.14552766574378,"(10,9)":0.0,"(10,21)":0.31840158405534796,"(4,19)":20.78025776634961,"(11,5)":0.0,"(14,17)":214.0720398068842,"(22,6)":0.0,"(14,14)":0.0,"(2,2)":0.0,"(17,21)":0.0,"(5,18)":2.0735519129774556,"(15,12)":20.634204164081396,"(10,16)":0.0,"(20,9)":4.724329896751206,"(7,1)":152.09283749771942,"(3,11)":61.3177046904602,"(5,13)":0.0,"(10,13)":0.0,"(11,17)":0.0,"(14,12)":492.5406730515798,"(21,22)":0.0,"(14,5)":0.0,"(12,11)":9.376586710651214,"(15,14)":0.0,"(1,16)":0.0,"(11,18)":0.0,"(21,1)":0.0,"(22,13)":0.0,"(2,20)":2.5936039222424543,"(6,6)":0.0,"(16,8)":0.0,"(20,3)":13.745039312011293,"(10,2)":0.0,"(4,2)":0.0,"(15,21)":18.55263745611144,"(1,6)":195.78072320185146,"(13,13)":0.0,"(19,10)":4.932407849196837,"(11,3)":118.25110498924849,"(3,19)":0.0,"(22,17)":3.338917761814785,"(22,9)":0.0,"(9,20)":0.0,"(8,6)":51.84253379499564,"(4,6)":8.582811684645186,"(15,5)":53.7769770502606,"(8,1)":0.14012405489564028,"(13,2)":0.0,"(17,2)":0.0,"(14,9)":0.0,"(9,15)":0.0,"(15,7)":0.0,"(6,10)":0.0,"(6,4)":5.663220452660594,"(10,7)":0.0,"(5,2)":0.0,"(21,7)":0.0,"(8,19)":3.708913972974913,"(7,3)":119.19753942097714,"(12,12)":0.0,"(14,1)":181.94974935451208,"(10,3)":6.701739833866843,"(13,6)":0.0,"(15,3)":11.338389790170229,"(20,14)":0.0,"(1,5)":0.0,"(3,5)":101.05691292105061,"(3,8)":114.25930305752117,"(9,5)":0.0,"(14,19)":0.0,"(3,6)":91.52473881148588,"(19,5)":0.0,"(7,17)":0.0,"(12,4)":224.00704265649023,"(4,21)":0.0,"(4,4)":0.0,"(13,17)":217.1700885557585,"(19,12)":0.0,"(9,4)":0.0,"(20,17)":73.4994148803235,"(22,3)":32.98716650783732,"(13,12)":361.49387270703227,"(8,11)":0.0,"(8,18)":1.6315039404777534,"(6,19)":0.0,"(12,7)":78.53712751780527,"(12,18)":6.26721322311367,"(19,22)":0.0,"(20,22)":0.0,"(14,4)":369.921106497361,"(3,15)":0.0,"(4,22)":0.0,"(2,4)":0.0,"(9,19)":0.0,"(18,16)":0.0,"(6,22)":0.0,"(19,2)":0.0,"(9,22)":0.0,"(22,1)":0.0,"(9,2)":0.0,"(14,21)":13.065898148591838,"(5,1)":0.4512315662347315,"(15,20)":24.53762937619762,"(10,6)":0.0,"(11,12)":0.0,"(8,16)":0.0,"(1,18)":0.9262288074081138,"(2,16)":0.0,"(7,13)":909.7656343937435,"(21,15)":0.0,"(8,15)":42.96010886600762,"(9,17)":0.0,"(19,16)":0.0,"(5,10)":0.0,"(18,10)":0.0,"(18,13)":0.0,