{"(6,9)":0.0,"(18,3)":51.50611141701386,"(21,13)":3.843519688819565,"(22,16)":0.0,"(15,17)":50.3492921231244,"(22,14)":0.0,"(13,9)":0.0,"(8,9)":0.0,"(17,14)":238.1300226847817,"(9,1)":0.0,"(16,6)":0.0,"(16,12)":202.05581495134624,"(16,13)":718.2380535303712,"(22,2)":0.0,"(7,16)":317.3279017162154,"(1,12)":329.6881958638757,"(4,5)":0.0,"(11,8)":46.74263894175877,"(18,21)":0.0,"(19,4)":0.0,"(20,13)":19.728215414290815,"(15,4)":45.88641189729323,"(6,18)":0.0,"(5,16)":0.0,"(4,9)":0.0,"(8,4)":24.57150694476469,"(1,22)":0.0,"(22,15)":0.0,"(1,2)":3.8221824771602098,"(17,9)":0.0,"(19,20)":0.0,"(14,2)":0.0,"(6,11)":0.0,"(16,2)":0.0,"(8,21)":9.465000610818441,"(9,6)":0.0,"(8,2)":0.0,"(21,3)":0.0,"(13,19)":0.0,"(7,19)":0.0,"(8,12)":7.657456324022274,"(11,4)":0.0,"(17,10)":0.0,"(1,17)":0.0,"(18,5)":0.0,"(2,5)":0.0,"(8,5)":14.824559405133261,"(3,16)":0.0,"(14,13)":696.2371593988541,"(22,4)":0.0,"(3,9)":0.0,"(15,2)":1.7088053911411234,"(19,6)":0.0,"(19,9)":0.0,"(18,12)":0.0,"(15,1)":1.1102230246251565e-16,"(14,6)":30.612955498708125,"(14,18)":0.0,"(21,4)":0.0,"(22,7)":0.0,"(13,4)":0.0,"(16,20)":0.0,"(7,12)":46.484748342230965,"(10,22)":0.0,"(12,19)":0.0,"(4,10)":0.0,"(10,8)":19.39211956077291,"(7,2)":0.0,"(11,15)":0.0,"(10,17)":0.0,"(3,13)":0.0,"(20,8)":36.257038756625455,"(6,3)":70.49017166121168,"(1,7)":163.08507244841928,"(19,13)":0.0,"(21,20)":24.919168164316563,"(8,8)":0.0,"(1,3)":152.88004339186287,"(4,15)":12.311956383839709,"(22,10)":0.0,"(21,9)":0.0,"(11,11)":0.0,"(12,15)":19.08981318736658,"(9,10)":0.0,"(12,5)":44.18051120967001,"(12,2)":9.749852243149325,"(20,4)":60.82854570139016,"(9,3)":2.033998391813261,"(16,4)":0.0,"(16,10)":0.0,"(17,19)":0.0,"(11,19)":0.0,"(16,19)":0.0,"(4,1)":457.65986566943764,"(13,20)":21.075648475496997,"(5,15)":26.442082122779645,"(16,9)":0.0,"(4,17)":0.0,"(5,12)":7.352268935413069,"(5,14)":0.0,"(17,11)":0.0,"(6,16)":0.0,"(22,22)":0.0,"(2,14)":0.0,"(11,9)":0.0,"(17,6)":0.0,"(20,12)":6.901086952088714,"(21,11)":52.31557426311902,"(9,13)":0.0,"(20,15)":25.990900139455288,"(10,20)":0.0,"(11,10)":27.35051938098587,"(15,22)":0.0,"(2,17)":0.0,"(6,2)":0.0,"(21,14)":44.04332869324598,"(8,7)":7.133381438776292,"(4,20)":10.632621107452133,"(3,17)":0.0,"(2,15)":0.0,"(12,21)":0.0,"(1,8)":0.0,"(22,8)":0.0,"(21,5)":0.0,"(1,13)":-7.105427357601002e-15,"(3,12)":0.0,"(3,14)":0.0,"(5,11)":0.0,"(15,9)":0.0,"(9,11)":0.0,"(6,15)":0.0,"(1,14)":167.33282914417896,"(7,14)":1113.7946006957595,"(12,1)":190.58358941873897,"(8,10)":20.820097632795513,"(14,10)":0.0,"(10,5)":0.0,"(15,8)":21.31490495252854,"(15,19)":0.0,"(21,12)":0.0,"(22,20)":0.0,"(2,18)":6.639086844842785,"(20,10)":4.197138378711637,"(8,22)":0.0,"(16,15)":26.661939335956625,"(1,15)":1.9653214410343516,"(10,11)":47.162058310496754,"(12,16)":88.49634897867487,"(17,4)":0.0,"(3,1)":155.7647128040631,"(20,5)":51.081598161758734,"(15,15)":0.0,"(16,21)":0.0,"(21,8)":5.420532788069307,"(16,3)":0.0,"(17,16)":253.0530414038986,"(12,8)":29.355951804536748,"(13,7)":270.4671380920773,"(3,18)":27.255175243662958,"(6,17)":0.0,"(22,19)":0.0,"(6,5)":0.0,"(16,17)":191.95458967261237,"(18,18)":0.0,"(13,11)":18.661319122277774,"(13,18)":0.0,"(16,11)":0.0,"(2,13)":0.0,"(9,8)":0.0,"(3,4)":71.76126123279704,"(5,17)":76.79137424590404,"(5,20)":24.762746846392062,"(10,19)":0.0,"(2,3)":1.699972533380373e-11,"(21,17)":0.0,"(13,3)":0.0,"(4,11)":0.0,"(6,20)":0.0,"(5,4)":9.746947539631424,"(17,1)":0.0,"(2,1)":7.4685823340273085,"(20,6)":0.0,"(20,11)":31.01596975310414,"(5,9)":0.0,"(1,4)":313.40903466740247,"(13,22)":0.0,"(19,19)":0.0,"(18,19)":0.0,"(9,18)":0.0,"(20,16)":0.0,"(3,21)":0.0,"(16,5)":0.0,"(11,22)":0.0,"(19,1)":0.0,"(13,1)":0.0,"(18,17)":0.0,"(17,18)":0.0,"(14,15)":0.0,"(2,11)":0.0,"(20,2)":16.65093919523804,"(10,10)":0.0,"(4,12)":452.6098891964731,"(2,22)":0.0,"(5,22)":0.0,"(6,12)":0.0,"(18,2)":0.0,"(16,7)":279.8102236224486,"(19,7)":0.0,"(7,21)":0.0,"(4,13)":64.02900370227279,"(6,1)":226.25488446527476,"(7,11)":0.0,"(11,6)":22.340709928835082,"(12,13)":203.7461021837157,"(18,22)":0.0,"(21,18)":0.0,"(22,11)":0.0,"(7,15)":0.0,"(7,6)":26.333173469939656,"(15,16)":24.802652985953866,"(21,16)":0.0,"(20,19)":0.0,"(11,16)":0.0,"(11,7)":0.0,"(8,14)":0.0,"(5,5)":0.0,"(2,7)":10.743097490045589,"(8,3)":103.42544684189711,"(5,21)":0.0,"(4,3)":78.8539398971324,"(2,21)":0.0,"(9,7)":0.0,"(18,15)":0.0,"(14,3)":101.10312715991981,"(4,14)":350.5424624767765,"(18,7)":4.104010645202805,"(11,21)":0.0,"(2,10)":0.0,"(14,16)":642.5247021881573,"(14,8)":0.0,"(11,2)":0.0,"(15,6)":0.0,"(19,18)":0.0,"(8,13)":0.0,"(17,22)":0.0,"(1,19)":0.0,"(18,20)":0.0,"(20,1)":13.265718261477499,"(3,10)":0.0,"(7,20)":0.0,"(6,14)":0.0,"(9,21)":0.0,"(13,15)":0.0,"(21,21)":0.0,"(17,15)":21.123696056258467,"(17,20)":30.493127115229257,"(20,21)":62.92811956762618,"(20,7)":0.0,"(11,1)":0.0,"(15,18)":6.804950136537867,"(19,17)":0.0,"(10,14)":0.0,"(1,10)":0.0,"(9,9)":0.0,"(13,16)":491.6030267949592,"(22,21)":0.0,"(12,17)":197.27255731049092,"(21,6)":0.0,"(12,14)":248.53166106489803,"(12,10)":0.0,"(19,14)":0.0,"(2,6)":2.6897170514319813,"(13,14)":738.6836858811826,"(16,1)":0.0,"(16,14)":1322.695270280883,"(10,4)":0.0,"(1,20)":4.2237574290507345,"(6,21)":0.0,"(10,12)":0.0,"(15,11)":0.0,"(16,16)":0.0,"(17,17)":0.0,"(16,22)":0.0,"(17,13)":241.02656193426995,"(19,8)":0.0,"(17,3)":0.0,"(2,8)":0.0,"(5,8)":0.0,"(13,21)":43.19990415333538,"(17,12)":396.7924522042502,"(7,22)":0.0,"(5,19)":0.0,"(1,1)":0.0,"(22,12)":0.0,"(21,19)":0.0,"(17,8)":42.43860100878701,"(10,9)":0.0,"(10,21)":3.3216641437226806,"(4,19)":0.0,"(11,5)":0.0,"(14,17)":165.36511986077,"(22,6)":0.0,"(14,14)":0.0,"(2,2)":0.0,"(17,21)":0.0,"(5,18)":3.339345624035553,"(15,12)":0.0,"(10,16)":0.0,"(20,9)":0.0,"(7,1)":121.13886637513713,"(3,11)":0.0,"(5,13)":0.0,"(10,13)":0.0,"(11,17)":0.0,"(14,12)":405.57963081982876,"(21,22)":0.09656849682919574,"(14,5)":0.0,"(12,11)":0.24080561529812977,"(15,14)":0.0,"(1,16)":0.0,"(11,18)":0.0,"(21,1)":0.0,"(22,13)":0.0,"(2,20)":0.4462013178505275,"(6,6)":0.0,"(16,8)":0.0,"(20,3)":0.0,"(10,2)":0.0,"(4,2)":0.0,"(15,21)":0.0,"(1,6)":211.41098278973072,"(13,13)":0.0,"(19,10)":0.0,"(11,3)":92.83088159004676,"(3,19)":0.0,"(22,17)":0.0,"(22,9)":0.0,"(9,20)":0.0,"(8,6)":32.935275180685416,"(4,6)":8.363768235920716,"(15,5)":36.139464357661794,"(8,1)":0.0,"(13,2)":0.0,"(17,2)":0.0,"(14,9)":0.0,"(9,15)":0.0,"(15,7)":0.0,"(6,10)":0.0,"(6,4)":13.230321834929136,"(10,7)":0.0,"(5,2)":0.0,"(21,7)":0.0,"(8,19)":0.0,"(7,3)":96.82334513115134,"(12,12)":0.0,"(14,1)":147.10030040390552,"(10,3)":0.0,"(13,6)":0.0,"(15,3)":0.0,"(20,14)":0.0,"(1,5)":0.0,"(3,5)":57.63113549385709,"(3,8)":57.32594810524788,"(9,5)":0.0,"(14,19)":0.0,"(3,6)":58.530939397867876,"(19,5)":0.0,"(7,17)":0.0,"(12,4)":217.77610074930146,"(4,21)":0.0,"(4,4)":0.0,"(13,17)":154.26190646757158,"(19,12)":0.0,"(9,4)":0.0,"(20,17)":76.34019226257969,"(22,3)":0.0,"(13,12)":288.3907154209748,"(8,11)":0.0,"(8,18)":3.198289356549211,"(6,19)":0.0,"(12,7)":0.0,"(12,18)":15.54684710464365,"(19,22)":0.0,"(20,22)":0.0,"(14,4)":338.72406673446795,"(3,15)":0.0,"(4,22)":0.0,"(2,4)":1.9653623032813707,"(9,19)":0.0,"(18,16)":0.0,"(6,22)":0.0,"(19,2)":0.0,"(9,22)":0.0,"(22,1)":0.0,"(9,2)":0.0,"(14,21)":4.892903565820685,"(5,1)":0.0,"(15,20)":9.369431058970791,"(10,6)":0.0,"(11,12)":0.0,"(8,16)":0.0,"(1,18)":9.225340799935408,"(2,16)":0.0,"(7,13)":819.2075019212562,"(21,15)":0.0,"(8,15)":26.74726951138884,"(9,17)":0.0,"(19,16)":0.0,"(5,10)":0.0,"(18,10)":0.0,"(18,13)":0.0,"(21,10)":0.34387083341568286,"(8,17)":77.09656163451325,"(8,20)":25.067934235001264,"(4,8)":0.0,"(11,20)":4.923074661811505,"(12,9)":0.0,"(7,8)":0.0,"(14,22)":0.0,"(7,7)":0.0,"(18,1)":0.0,"(22,18)":0.0,"(7,9)":0.0,"(9,14)":0.0,"(4,18)":4.673724541561414,"(19,15)":0.0,"(20,20)":0.0,"(3,22)":0.0,"(5,7)":7.443356269238357,"(11,14)":0.0,"(12,6)":0.0,"(17,5)":57.26316041392026,"(18,6)":11.735605227511162,"(6,13)":0.0,"(11,13)":0.34430164604073793,"(2,19)":0.0,"(19,11)":5.819069075484194,"(20,18)":0.0,"(13,5)":0.0,"(4,7)":214.6424867810167,"(6,8)":0.0,"(21,2)":0.0,