{"(6,9)":0.0,"(18,3)":154.9379057602351,"(21,13)":16.913651309838574,"(22,16)":0.0,"(15,17)":95.28621324624858,"(22,14)":0.0,"(13,9)":0.0,"(8,9)":0.32670765242789035,"(17,14)":239.40747471041666,"(9,1)":0.0,"(16,6)":0.0,"(16,12)":196.89214468908088,"(16,13)":677.3215813641324,"(22,2)":0.0,"(7,16)":359.3629471311917,"(1,12)":389.0832993072164,"(4,5)":2.26300156127279,"(11,8)":68.83989386201529,"(18,21)":0.0,"(19,4)":0.0,"(20,13)":5.539167735104394,"(15,4)":109.78324028155706,"(6,18)":29.444780949379467,"(5,16)":0.0,"(4,9)":0.0,"(8,4)":37.70748131865511,"(1,22)":0.0,"(22,15)":0.0,"(1,2)":16.164042880864383,"(17,9)":0.0,"(19,20)":0.0,"(14,2)":0.0,"(6,11)":0.0,"(16,2)":0.0,"(8,21)":20.80745590634068,"(9,6)":0.0,"(8,2)":0.0,"(21,3)":38.06284560748703,"(13,19)":0.0,"(7,19)":0.0,"(8,12)":7.561762187365004,"(11,4)":0.0,"(17,10)":0.0,"(1,17)":2.1834685875844615,"(18,5)":0.16139913783196058,"(2,5)":0.0,"(8,5)":19.89491579194866,"(3,16)":0.0,"(14,13)":656.2072594320288,"(22,4)":0.0,"(3,9)":76.86921641586038,"(15,2)":62.58865686367161,"(19,6)":0.0,"(19,9)":0.0,"(18,12)":0.0,"(15,1)":62.797701724638266,"(14,6)":60.69638919539097,"(14,18)":0.0,"(21,4)":0.0,"(22,7)":0.0,"(13,4)":60.29924404616064,"(16,20)":0.0,"(7,12)":123.27941212564114,"(10,22)":0.0,"(12,19)":0.0,"(4,10)":0.0,"(10,8)":19.09372607694526,"(7,2)":0.0,"(11,15)":1.4453864529357372,"(10,17)":19.632854684973452,"(3,13)":12.224281700524832,"(20,8)":17.393569689065657,"(6,3)":150.48557489871166,"(1,7)":218.06381342560496,"(19,13)":0.9222248858849658,"(21,20)":31.309169515801333,"(8,8)":0.0,"(1,3)":240.69646606547042,"(4,15)":83.38740489443718,"(22,10)":0.0,"(21,9)":0.26173635390367916,"(11,11)":0.0,"(12,15)":68.58343801224032,"(9,10)":0.0,"(12,5)":52.68942543835333,"(12,2)":23.307407547174325,"(20,4)":55.10105100772078,"(9,3)":96.9932530985832,"(16,4)":0.9968394102933638,"(16,10)":0.0,"(17,19)":108.11679417904801,"(11,19)":4.738217706196974,"(16,19)":0.0,"(4,1)":464.47204944308106,"(13,20)":14.395518205962755,"(5,15)":81.1244033331644,"(16,9)":0.0,"(4,17)":0.0,"(5,12)":12.540965320924064,"(5,14)":0.0,"(17,11)":0.0,"(6,16)":0.0,"(22,22)":0.0,"(2,14)":0.0,"(11,9)":0.0,"(17,6)":0.0,"(20,12)":0.0,"(21,11)":39.65444993713522,"(9,13)":0.0,"(20,15)":53.18249805490136,"(10,20)":4.149777560103793,"(11,10)":49.746167785070035,"(15,22)":0.0,"(2,17)":0.05616178268700134,"(6,2)":0.0,"(21,14)":31.988183211947018,"(8,7)":10.355034791101158,"(4,20)":7.485478194453845,"(3,17)":36.82820622091579,"(2,15)":67.60677001079472,"(12,21)":12.03976691956542,"(1,8)":8.031952632659431,"(22,8)":0.0,"(21,5)":0.0,"(1,13)":72.09838522629812,"(3,12)":0.0,"(3,14)":0.0,"(5,11)":0.0,"(15,9)":0.0,"(9,11)":0.0,"(6,15)":0.0,"(1,14)":205.08397598608084,"(7,14)":1096.5670065604756,"(12,1)":213.97030540814097,"(8,10)":24.561750288586644,"(14,10)":0.0,"(10,5)":0.0,"(15,8)":72.07575896290197,"(15,19)":27.473153296663497,"(21,12)":0.0,"(22,20)":0.0,"(2,18)":13.853231154512736,"(20,10)":6.597794277003245,"(8,22)":0.0,"(16,15)":183.77108494239954,"(1,15)":70.57915631945681,"(10,11)":55.841432237452494,"(12,16)":152.1760217235964,"(17,4)":0.0,"(3,1)":271.1429482819467,"(20,5)":37.28848548101432,"(15,15)":0.0,"(16,21)":0.0,"(21,8)":24.0857195278187,"(16,3)":0.0,"(17,16)":323.17194614104847,"(12,8)":32.79450964640467,"(13,7)":329.35229757173073,"(3,18)":160.5840801807716,"(6,17)":0.0,"(22,19)":0.0,"(6,5)":2.1132626496752103,"(16,17)":291.9165970600151,"(18,18)":0.0,"(13,11)":39.44411010280523,"(13,18)":0.0,"(16,11)":0.0,"(2,13)":0.0,"(9,8)":0.0,"(3,4)":145.19242090175229,"(5,17)":176.41061657941293,"(5,20)":5.222476633181053,"(10,19)":0.0,"(2,3)":7.24029534273675,"(21,17)":37.29466114246845,"(13,3)":26.8157460706025,"(4,11)":0.0,"(6,20)":0.0,"(5,4)":17.81256552670645,"(17,1)":0.0,"(2,1)":14.129684095524405,"(20,6)":0.0,"(20,11)":42.43220941867467,"(5,9)":0.0,"(1,4)":351.22231442501953,"(13,22)":0.0,"(19,19)":0.0,"(18,19)":0.0,"(9,18)":0.0,"(20,16)":0.0,"(3,21)":23.859914358061733,"(16,5)":0.0,"(11,22)":0.0,"(19,1)":0.0,"(13,1)":0.0,"(18,17)":0.0,"(17,18)":0.0,"(14,15)":0.0,"(2,11)":0.0,"(20,2)":7.906467589835327,"(10,10)":0.0,"(4,12)":474.1917128821968,"(2,22)":0.0,"(5,22)":0.0,"(6,12)":0.0,"(18,2)":0.0,"(16,7)":297.7789109358634,"(19,7)":0.0,"(7,21)":0.0,"(4,13)":122.23632680127854,"(6,1)":421.62852318065836,"(7,11)":0.0,"(11,6)":53.030122470202755,"(12,13)":266.4325913930977,"(18,22)":0.0,"(21,18)":0.0,"(22,11)":0.0,"(7,15)":0.0,"(7,6)":53.03012247020275,"(15,16)":135.68195738729708,"(21,16)":0.0,"(20,19)":0.0,"(11,16)":0.0,"(11,7)":1.3877787807814457e-17,"(8,14)":0.0,"(5,5)":0.0,"(2,7)":19.692991073114253,"(8,3)":194.8002999419233,"(5,21)":0.0,"(4,3)":157.09281862326824,"(2,21)":0.0,"(9,7)":0.0,"(18,15)":40.12824937423002,"(14,3)":211.18196409410265,"(4,14)":350.4803295610613,"(18,7)":5.929934606677453,"(11,21)":0.0,"(2,10)":0.0,"(14,16)":615.1946838875992,"(14,8)":0.0,"(11,2)":0.0,"(15,6)":0.0,"(19,18)":0.0,"(8,13)":9.936551069275557,"(17,22)":0.0,"(1,19)":0.0,"(18,20)":0.0,"(20,1)":8.115512450801969,"(3,10)":17.46067746951386,"(7,20)":0.0,"(6,14)":0.0,"(9,21)":0.0,"(13,15)":0.0,"(21,21)":0.0,"(17,15)":80.6436408823845,"(17,20)":112.60640151113877,"(20,21)":29.71530126157211,"(20,7)":0.0,"(11,1)":0.003608732685522849,"(15,18)":63.86888389082185,"(19,17)":86.20059145229558,"(10,14)":0.0,"(1,10)":0.0,"(9,9)":0.0,"(13,16)":492.59621033049876,"(22,21)":0.0,"(12,17)":291.703103258489,"(21,6)":0.0,"(12,14)":314.0659100419479,"(12,10)":1.0120450887473673,"(19,14)":0.0,"(2,6)":1.4653960822674474,"(13,14)":741.5314456488501,"(16,1)":0.0,"(16,14)":1253.853817569368,"(10,4)":0.0,"(1,20)":0.0,"(6,21)":0.0,"(10,12)":0.0,"(15,11)":48.63260538918173,"(16,16)":0.0,"(17,17)":0.0,"(16,22)":0.0,"(17,13)":270.2289945051812,"(19,8)":0.0,"(17,3)":0.0,"(2,8)":0.0,"(5,8)":4.979203133559062,"(13,21)":24.17613352646771,"(17,12)":503.6346931988819,"(7,22)":0.0,"(5,19)":0.732869301090264,"(1,1)":0.0,"(22,12)":0.0,"(21,19)":0.0,"(17,8)":152.71939984528643,"(10,9)":0.0,"(10,21)":7.584810222645033,"(4,19)":2.995870862363054,"(11,5)":0.0,"(14,17)":237.9971089476145,"(22,6)":0.0,"(14,14)":0.0,"(2,2)":0.0,"(17,21)":0.0,"(5,18)":6.426387644614646,"(15,12)":39.281249316497295,"(10,16)":0.0,"(20,9)":0.0,"(7,1)":161.01483291751106,"(3,11)":99.43060896109995,"(5,13)":0.0,"(10,13)":0.7436158100427934,"(11,17)":0.0,"(14,12)":401.3025327569765,"(21,22)":0.0,"(14,5)":0.0,"(12,11)":31.589202676133347,"(15,14)":0.0,"(1,16)":-8.881784197001252e-16,"(11,18)":0.0,"(21,1)":0.0,"(22,13)":0.0,"(2,20)":0.0,"(6,6)":0.0,"(16,8)":0.0,"(20,3)":29.803845386471945,"(10,2)":0.0,"(4,2)":0.0,"(15,21)":51.321016236062704,"(1,6)":386.03862587882037,"(13,13)":0.0,"(19,10)":5.260811301008068,"(11,3)":203.51569736891443,"(3,19)":0.0,"(22,17)":43.41119205206648,"(22,9)":0.0,"(9,20)":0.0,"(8,6)":44.314725043211645,"(4,6)":6.607243724556513,"(15,5)":91.9706747548506,"(8,1)":0.0,"(13,2)":0.0,"(17,2)":0.0,"(14,9)":0.0,"(9,15)":0.0,"(15,7)":0.0,"(6,10)":0.0,"(6,4)":0.0,"(10,7)":0.0,"(5,2)":0.0,"(21,7)":0.0,"(8,19)":0.0,"(7,3)":203.51569736891446,"(12,12)":0.0,"(14,1)":190.36275164269932,"(10,3)":30.046728341420003,"(13,6)":0.0,"(15,3)":32.26992341657714,"(20,14)":0.0,"(1,5)":13.987311872249364,"(3,5)":147.45542246302495,"(3,8)":152.43462559658406,"(9,5)":0.0,"(14,19)":0.0,"(3,6)":145.34215981334978,"(19,5)":0.0,"(7,17)":0.0,"(12,4)":234.3506329650598,"(4,21)":0.0,"(4,4)":0.0,"(13,17)":255.21709739051377,"(19,12)":0.0,"(9,4)":0.0,"(20,17)":148.4687113011499,"(22,3)":24.613832053113498,"(13,12)":324.14351732494833,"(8,11)":0.0,"(8,18)":4.4251001844237035,"(6,19)":0.0,"(12,7)":19.80338096482838,"(12,18)":24.587634574324547,"(19,22)":0.0,"(20,22)":0.0,"(14,4)":375.1743341996181,"(3,15)":0.0,"(4,22)":0.0,"(2,4)":5.892614772694636,"(9,19)":0.0,"(18,16)":0.0,"(6,22)":0.0,"(19,2)":0.0,"(9,22)":0.0,"(22,1)":0.0,"(9,2)":0.0,"(14,21)":23.63584947041925,"(5,1)":0.0,"(15,20)":31.9627606287543,"(10,6)":0.0,"(11,12)":0.0,"(8,16)":0.0,"(1,18)":27.630055048536196,"(2,16)":0.0,"(7,13)":860.2493638006929,"(21,15)":0.0,