{"(6,9)":0.0,"(18,3)":75.24185875456399,"(21,13)":8.999086998994903,"(22,16)":0.0,"(15,17)":52.09909276170164,"(22,14)":0.0,"(13,9)":0.0,"(8,9)":0.26168885900389544,"(17,14)":381.4021597600321,"(9,1)":0.0,"(16,6)":0.0,"(16,12)":327.2941894028094,"(16,13)":751.1154848564297,"(22,2)":0.0,"(7,16)":399.0927739477856,"(1,12)":376.2569987089968,"(4,5)":0.0,"(11,8)":24.70792971526244,"(18,21)":0.0,"(19,4)":0.0,"(20,13)":3.469446951953614e-18,"(15,4)":87.73500597176243,"(6,18)":1.3964328330373506,"(5,16)":0.0,"(4,9)":0.0,"(8,4)":37.86751584767793,"(1,22)":0.0,"(22,15)":0.0,"(1,2)":4.219655988183909,"(17,9)":0.0,"(19,20)":0.0,"(14,2)":0.0,"(6,11)":0.0,"(16,2)":0.0,"(8,21)":0.33024794730047463,"(9,6)":0.0,"(8,2)":11.006522319421105,"(21,3)":13.175999237658706,"(13,19)":0.0,"(7,19)":0.0,"(8,12)":8.273184562359077,"(11,4)":0.0,"(17,10)":0.0,"(1,17)":0.0,"(18,5)":0.0,"(2,5)":0.0,"(8,5)":18.596899634287688,"(3,16)":0.0,"(14,13)":704.5588734883652,"(22,4)":0.0,"(3,9)":7.1191774830950445,"(15,2)":60.87401244350562,"(19,6)":0.0,"(19,9)":0.0,"(18,12)":0.0,"(15,1)":47.93423079369988,"(14,6)":3.455994268023469,"(14,18)":0.0,"(21,4)":0.0,"(22,7)":0.0,"(13,4)":73.13928039409487,"(16,20)":0.0,"(7,12)":209.27546401346532,"(10,22)":0.0,"(12,19)":0.0,"(4,10)":0.0,"(10,8)":3.1466990654180176,"(7,2)":0.0,"(11,15)":0.0,"(10,17)":0.0,"(3,13)":0.0,"(20,8)":27.29241510625247,"(6,3)":91.78725266764832,"(1,7)":192.85078380163756,"(19,13)":0.0,"(21,20)":16.780267743325933,"(8,8)":0.0,"(1,3)":92.62188950233103,"(4,15)":61.087133071319315,"(22,10)":0.0,"(21,9)":0.10350147670059073,"(11,11)":0.0,"(12,15)":42.48189781202316,"(9,10)":0.0,"(12,5)":47.45203553357187,"(12,2)":39.861658218705294,"(20,4)":65.1599309539304,"(9,3)":33.35729024419291,"(16,4)":87.63077925052454,"(16,10)":0.0,"(17,19)":34.12740849519756,"(11,19)":0.0,"(16,19)":0.0,"(4,1)":471.6568128219375,"(13,20)":7.781180744331028,"(5,15)":61.39969884691783,"(16,9)":0.0,"(4,17)":0.0,"(5,12)":18.917801034894673,"(5,14)":0.0,"(17,11)":0.0,"(6,16)":0.0,"(22,22)":0.0,"(2,14)":0.0,"(11,9)":0.0,"(17,6)":0.0,"(20,12)":0.0,"(21,11)":7.839056044824262,"(9,13)":0.0,"(20,15)":40.91917701899144,"(10,20)":0.0,"(11,10)":21.56123064984443,"(15,22)":0.0,"(2,17)":0.0,"(6,2)":0.0,"(21,14)":10.411970210003032,"(8,7)":0.06687322491051835,"(4,20)":15.637664364393247,"(3,17)":0.0,"(2,15)":42.6899090732048,"(12,21)":0.002815343722733823,"(1,8)":3.686537352466197,"(22,8)":0.0,"(21,5)":0.0,"(1,13)":76.27326626872323,"(3,12)":0.0,"(3,14)":0.0,"(5,11)":0.0,"(15,9)":0.0,"(9,11)":0.0,"(6,15)":0.0,"(1,14)":278.04100618668144,"(7,14)":1194.7370663850438,"(12,1)":217.37572956889957,"(8,10)":12.960283937869116,"(14,10)":0.0,"(10,5)":0.0,"(15,8)":49.8674901240845,"(15,19)":8.574353468837716,"(21,12)":0.0,"(22,20)":0.0,"(2,18)":1.2576222871688398,"(20,10)":0.33236509232694905,"(8,22)":0.0,"(16,15)":50.65674762741803,"(1,15)":32.81497425817779,"(10,11)":23.464303923965318,"(12,16)":151.50323753251604,"(17,4)":0.0,"(3,1)":110.24500801783111,"(20,5)":45.88931474054015,"(15,15)":0.0,"(16,21)":0.0,"(21,8)":3.103417689990342,"(16,3)":0.0,"(17,16)":289.5804800452269,"(12,8)":28.8551358992842,"(13,7)":367.7898561353832,"(3,18)":51.31930377958373,"(6,17)":0.0,"(22,19)":0.0,"(6,5)":6.176777234153655,"(16,17)":213.89284560105818,"(18,18)":0.0,"(13,11)":7.763648856932442,"(13,18)":0.0,"(16,11)":0.0,"(2,13)":0.0,"(9,8)":0.0,"(3,4)":86.25520522585737,"(5,17)":113.49879160861948,"(5,20)":15.950230139991783,"(10,19)":0.0,"(2,3)":4.2023212422586775,"(21,17)":0.0,"(13,3)":9.827555168350656,"(4,11)":0.0,"(6,20)":0.0,"(5,4)":19.27061621339024,"(17,1)":0.0,"(2,1)":2.3271173638895593,"(20,6)":0.0,"(20,11)":7.63601338902821,"(5,9)":0.0,"(1,4)":334.59474544970055,"(13,22)":0.0,"(19,19)":0.0,"(18,19)":0.0,"(9,18)":0.0,"(20,16)":0.0,"(3,21)":0.0,"(16,5)":0.0,"(11,22)":0.0,"(19,1)":0.0,"(13,1)":8.548510216032305,"(18,17)":0.0,"(17,18)":0.0,"(14,15)":0.0,"(2,11)":0.0,"(20,2)":38.29893742567358,"(10,10)":0.0,"(4,12)":477.9929812592961,"(2,22)":0.0,"(5,22)":0.0,"(6,12)":0.0,"(18,2)":0.0,"(16,7)":410.01037299181297,"(19,7)":0.0,"(7,21)":0.0,"(4,13)":143.0387768190225,"(6,1)":202.03226068547946,"(7,11)":0.0,"(11,6)":6.036934471970447,"(12,13)":255.41789105181624,"(18,22)":0.0,"(21,18)":0.0,"(22,11)":0.0,"(7,15)":0.0,"(7,6)":35.032624441292185,"(15,16)":58.903370806928606,"(21,16)":0.0,"(20,19)":0.0,"(11,16)":0.0,"(11,7)":0.0,"(8,14)":0.0,"(5,5)":0.0,"(2,7)":0.9523650275153234,"(8,3)":141.83326120063094,"(5,21)":0.0,"(4,3)":103.96574535295296,"(2,21)":0.0,"(9,7)":0.0,"(18,15)":4.599612487447841,"(14,3)":95.24324693567179,"(4,14)":440.06492873698113,"(18,7)":0.04804462110553686,"(11,21)":0.0,"(2,10)":0.0,"(14,16)":671.8794461519218,"(14,8)":0.0,"(11,2)":0.0,"(15,6)":0.0,"(19,18)":0.0,"(8,13)":0.0,"(17,22)":0.0,"(1,19)":0.40651896136622734,"(18,20)":0.0,"(20,1)":25.359155775867855,"(3,10)":0.0,"(7,20)":0.0,"(6,14)":0.0,"(9,21)":0.0,"(13,15)":0.0,"(21,21)":0.0,"(17,15)":25.553055026359836,"(17,20)":43.597838356257256,"(20,21)":10.120747128255802,"(20,7)":0.0,"(11,1)":0.0,"(15,18)":36.235415678075874,"(19,17)":47.76699020304874,"(10,14)":0.0,"(1,10)":0.0,"(9,9)":0.0,"(13,16)":502.93812648069996,"(22,21)":0.0,"(12,17)":222.41444257372476,"(21,6)":0.0,"(12,14)":312.92202686521125,"(12,10)":0.0,"(19,14)":0.0,"(2,6)":3.4246780695698567,"(13,14)":751.4022628133952,"(16,1)":0.0,"(16,14)":1429.4399687148057,"(10,4)":0.0,"(1,20)":1.3746742937806848,"(6,21)":0.0,"(10,12)":0.0,"(15,11)":6.8623065397907475,"(16,16)":0.0,"(17,17)":0.0,"(16,22)":0.0,"(17,13)":310.43143190165677,"(19,8)":0.0,"(17,3)":0.0,"(2,8)":0.0,"(5,8)":10.644616472535596,"(13,21)":10.1207471282558,"(17,12)":430.27521225116016,"(7,22)":0.0,"(5,19)":6.479800278932084,"(1,1)":0.0,"(22,12)":0.0,"(21,19)":0.0,"(17,8)":75.42054515044433,"(10,9)":0.0,"(10,21)":0.0,"(4,19)":6.167234503333556,"(11,5)":0.0,"(14,17)":216.65811975298013,"(22,6)":0.0,"(14,14)":0.0,"(2,2)":0.0,"(17,21)":0.0,"(5,18)":0.19576796653953238,"(15,12)":21.01235422480031,"(10,16)":0.0,"(20,9)":0.0,"(7,1)":142.602074080649,"(3,11)":36.250500459654006,"(5,13)":0.0,"(10,13)":0.0,"(11,17)":0.0,"(14,12)":506.26228803474476,"(21,22)":0.0,"(14,5)":0.0,"(12,11)":3.1593739409359025,"(15,14)":0.0,"(1,16)":0.0,"(11,18)":0.0,"(21,1)":0.0,"(22,13)":0.0,"(2,20)":0.0,"(6,6)":0.0,"(16,8)":0.0,"(20,3)":9.699919700446422,"(10,2)":0.0,"(4,2)":0.0,"(15,21)":7.982034404872319,"(1,6)":172.38775171843625,"(13,13)":0.0,"(19,10)":0.023998506039624223,"(11,3)":97.82418713961879,"(3,19)":0.0,"(22,17)":1.586351756882438,"(22,9)":0.0,"(9,20)":0.0,"(8,6)":50.046008532982576,"(4,6)":12.17849268530465,"(15,5)":68.46438975837219,"(8,1)":2.137930273839356,"(13,2)":0.0,"(17,2)":0.0,"(14,9)":0.0,"(9,15)":0.0,"(15,7)":0.0,"(6,10)":0.0,"(6,4)":6.489343009752177,"(10,7)":0.0,"(5,2)":0.0,"(21,7)":0.0,"(8,19)":0.0,"(7,3)":126.8198771089405,"(12,12)":0.0,"(14,1)":132.7070959073803,"(10,3)":11.134753760676373,"(13,6)":0.0,"(15,3)":8.926212851208959,"(20,14)":0.0,"(1,5)":3.023150072064887,"(3,5)":85.94263945025884,"(3,8)":96.58725592279444,"(9,5)":0.0,"(14,19)":0.0,"(3,6)":79.7658622161052,"(19,5)":0.638035162895808,"(7,17)":0.0,"(12,4)":230.57129374696214,"(4,21)":0.0,"(4,4)":0.0,"(13,17)":187.53526208175805,"(19,12)":0.0,"(9,4)":0.0,"(20,17)":93.01826978069307,"(22,3)":0.0,"(13,12)":380.75165854637964,"(8,11)":0.0,"(8,18)":0.02802734550857676,"(6,19)":0.0,"(12,7)":47.22623918719947,"(12,18)":15.223061453275573,"(19,22)":0.0,"(20,22)":0.0,"(14,4)":310.33391508544275,"(3,15)":0.0,"(4,22)":0.0,"(2,4)":1.6164614281181562,"(9,19)":0.0,"(18,16)":0.0,"(6,22)":0.0,"(19,2)":0.0,"(9,22)":0.0,"(22,1)":0.0,"(9,2)":0.0,"(14,21)":9.462199424983917,"(5,1)":0.2600610418152287,"(15,20)":18.044783329897413,"(10,6)":0.0,"(11,12)":0.0,"(8,16)":0.0,"(1,18)":3.9408484583237384,"(2,16)":0.0,"(7,13)":889.6372744670855,"(21,15)":0.0,"(8,15)":50.75508237438223,"(9,17)":0.0,"(19,16)":0.0,"(5,10)":0.0,"(18,10)":0.0,"(18,13)":0.0,"(21,10)":2.2033108161618964,"(8,17)":102.8541751360839,"(8,20)":5.30561366745618,"(4,8)":10.332050696937074,