{"(6,9)":0.0,"(18,3)":48.51760575664344,"(21,13)":17.51821928763672,"(22,16)":0.0,"(15,17)":33.87877185301424,"(22,14)":0.0,"(13,9)":19.647492558663274,"(8,9)":6.488684802262851,"(17,14)":0.0,"(9,1)":0.0,"(16,6)":0.0,"(16,12)":1.554312234475219e-16,"(16,13)":435.62960969184644,"(22,2)":0.0,"(7,16)":203.45190964516914,"(1,12)":192.45603248984818,"(4,5)":0.0,"(11,8)":72.68103767985258,"(18,21)":0.0,"(19,4)":0.0,"(20,13)":14.003814398402293,"(15,4)":22.42803364135391,"(6,18)":18.341547424505034,"(5,16)":0.0,"(4,9)":0.0,"(8,4)":0.0,"(1,22)":0.0,"(22,15)":0.0,"(1,2)":21.526047190727052,"(17,9)":0.0,"(19,20)":0.0,"(14,2)":0.0,"(6,11)":0.0,"(16,2)":0.0,"(8,21)":54.44665998712946,"(9,6)":0.0,"(8,2)":0.0,"(21,3)":27.71331434684154,"(13,19)":0.0,"(7,19)":0.0,"(8,12)":0.0,"(11,4)":0.0,"(17,10)":0.0,"(1,17)":0.0,"(18,5)":0.0,"(2,5)":0.0,"(8,5)":0.21609126292301378,"(3,16)":0.0,"(14,13)":408.6609807121495,"(22,4)":0.0,"(3,9)":0.0,"(15,2)":0.0,"(19,6)":0.0,"(19,9)":6.33011488132664,"(18,12)":0.0,"(15,1)":0.0,"(14,6)":23.076376604813998,"(14,18)":0.0,"(21,4)":0.0,"(22,7)":0.0,"(13,4)":17.232178540429178,"(16,20)":0.0,"(7,12)":0.0,"(10,22)":0.0,"(12,19)":0.0,"(4,10)":0.0,"(10,8)":29.871782951161585,"(7,2)":0.0,"(11,15)":0.05792889581911765,"(10,17)":15.361187999609337,"(3,13)":0.0,"(20,8)":0.0,"(6,3)":48.1175822727836,"(1,7)":60.51110046005044,"(19,13)":0.0,"(21,20)":23.295533532879837,"(8,8)":0.0,"(1,3)":131.07848946041958,"(4,15)":3.7593892028638782,"(22,10)":0.0,"(21,9)":29.083310923496832,"(11,11)":0.0,"(12,15)":28.780243943923054,"(9,10)":0.0,"(12,5)":0.0,"(12,2)":0.0,"(20,4)":0.0,"(9,3)":0.0,"(16,4)":-1.2434497875801752e-15,"(16,10)":0.0,"(17,19)":28.455711349484435,"(11,19)":8.436322041112566,"(16,19)":0.0,"(4,1)":286.99881789390713,"(13,20)":5.777314245243118,"(5,15)":19.39270187166284,"(16,9)":0.0,"(4,17)":0.0,"(5,12)":0.0,"(5,14)":0.0,"(17,11)":0.0,"(6,16)":0.0,"(22,22)":0.0,"(2,14)":0.0,"(11,9)":0.0,"(17,6)":0.0,"(20,12)":2.7085638293705596,"(21,11)":33.10381361181262,"(9,13)":2.9920667915543415,"(20,15)":31.488807773293612,"(10,20)":23.629842539118126,"(11,10)":42.80925472869098,"(15,22)":0.0,"(2,17)":0.0,"(6,2)":0.0,"(21,14)":34.07879025520714,"(8,7)":6.85461771581416,"(4,20)":0.0,"(3,17)":0.0,"(2,15)":0.0,"(12,21)":0.0,"(1,8)":0.0,"(22,8)":0.0,"(21,5)":0.0,"(1,13)":0.0,"(3,12)":0.0,"(3,14)":0.0,"(5,11)":0.0,"(15,9)":7.157818108141871,"(9,11)":0.0,"(6,15)":0.0,"(1,14)":0.0,"(7,14)":686.1043176625762,"(12,1)":49.36928036087468,"(8,10)":24.062275680049773,"(14,10)":0.0,"(10,5)":0.0,"(15,8)":26.16839635067065,"(15,19)":10.611173292703507,"(21,12)":0.0,"(22,20)":0.0,"(2,18)":0.0,"(20,10)":43.55001977748713,"(8,22)":0.0,"(16,15)":49.230442886793604,"(1,15)":0.0,"(10,11)":37.0971891563795,"(12,16)":49.550190583867426,"(17,4)":0.0,"(3,1)":146.1565558162199,"(20,5)":0.0,"(15,15)":0.0,"(16,21)":0.0,"(21,8)":70.63167013371515,"(16,3)":0.0,"(17,16)":171.36205397945596,"(12,8)":0.0,"(13,7)":250.06354575767446,"(3,18)":54.29745009559174,"(6,17)":0.0,"(22,19)":0.0,"(6,5)":0.0,"(16,17)":162.91398118237765,"(18,18)":0.0,"(13,11)":62.44116587245341,"(13,18)":0.0,"(16,11)":0.0,"(2,13)":0.0,"(9,8)":0.0,"(3,4)":59.883450085258204,"(5,17)":53.27147372467709,"(5,20)":6.484391116748957,"(10,19)":0.0,"(2,3)":11.421833787473178,"(21,17)":0.07692408736970291,"(13,3)":16.83610677202312,"(4,11)":0.0,"(6,20)":0.0,"(5,4)":0.0,"(17,1)":0.0,"(2,1)":15.916623692727434,"(20,6)":1.0775127659562502,"(20,11)":73.64578348310782,"(5,9)":0.0,"(1,4)":201.33697463090746,"(13,22)":0.0,"(19,19)":0.0,"(18,19)":0.0,"(9,18)":0.0,"(20,16)":0.0,"(3,21)":6.603314025834369,"(16,5)":0.0,"(11,22)":0.0,"(19,1)":0.0,"(13,1)":0.0,"(18,17)":0.0,"(17,18)":0.0,"(14,15)":0.0,"(2,11)":0.0,"(20,2)":0.0,"(10,10)":0.0,"(4,12)":296.55056745894086,"(2,22)":0.0,"(5,22)":0.0,"(6,12)":0.0,"(18,2)":0.0,"(16,7)":189.46667784952072,"(19,7)":0.0,"(7,21)":0.0,"(4,13)":5.23376031688359,"(6,1)":194.27413808900354,"(7,11)":0.0,"(11,6)":24.0513532482085,"(12,13)":144.91519772643883,"(18,22)":0.0,"(21,18)":0.0,"(22,11)":0.0,"(7,15)":0.0,"(7,6)":45.596042433645856,"(15,16)":18.514689397428754,"(21,16)":0.0,"(20,19)":0.0,"(11,16)":0.0,"(11,7)":0.0,"(8,14)":0.0,"(5,5)":0.0,"(2,7)":1.3325381741394595,"(8,3)":48.53234211287359,"(5,21)":0.0,"(4,3)":52.27270482219034,"(2,21)":0.0,"(9,7)":0.0,"(18,15)":0.0,"(14,3)":71.1939588775976,"(4,14)":116.22872029171909,"(18,7)":3.20966108591545,"(11,21)":0.0,"(2,10)":0.0,"(14,16)":331.88523821052405,"(14,8)":0.0,"(11,2)":0.0,"(15,6)":0.0,"(19,18)":0.0,"(8,13)":37.390930174837806,"(17,22)":0.0,"(1,19)":0.0,"(18,20)":0.0,"(20,1)":0.0,"(3,10)":0.0,"(7,20)":0.0,"(6,14)":0.0,"(9,21)":11.565075103536046,"(13,15)":0.0,"(21,21)":0.0,"(17,15)":17.844538056780934,"(17,20)":69.07142792017652,"(20,21)":38.230986599132635,"(20,7)":0.0,"(11,1)":0.0,"(15,18)":5.198830568067579,"(19,17)":0.0,"(10,14)":0.0,"(1,10)":0.0,"(9,9)":0.0,"(13,16)":329.4319388574286,"(22,21)":0.0,"(12,17)":152.14243219693734,"(21,6)":3.7019311428530592,"(12,14)":137.2731880842552,"(12,10)":1.9674806576021986,"(19,14)":0.0,"(2,6)":0.0,"(13,14)":478.0866792578163,"(16,1)":0.0,"(16,14)":762.5502347691528,"(10,4)":0.0,"(1,20)":0.0,"(6,21)":0.0,"(10,12)":0.0,"(15,11)":50.18564638013221,"(16,16)":0.0,"(17,17)":0.0,"(16,22)":0.0,"(17,13)":95.80649057130238,"(19,8)":0.0,"(17,3)":0.0,"(2,8)":0.0,"(5,8)":0.0,"(13,21)":24.22717220073034,"(17,12)":321.7963568311674,"(7,22)":0.0,"(5,19)":0.0,"(1,1)":0.0,"(22,12)":0.0,"(21,19)":0.0,"(17,8)":44.01293440745158,"(10,9)":0.028150585876127825,"(10,21)":36.39758543404257,"(4,19)":0.0,"(11,5)":0.0,"(14,17)":26.419298992901872,"(22,6)":0.0,"(14,14)":0.0,"(2,2)":0.0,"(17,21)":0.0,"(5,18)":4.189041117494335,"(15,12)":35.35495667438642,"(10,16)":0.0,"(20,9)":26.146162294015294,"(7,1)":30.08453657666188,"(3,11)":0.0,"(5,13)":0.0,"(10,13)":21.371071586381923,"(11,17)":0.0,"(14,12)":130.89866802030318,"(21,22)":0.0,"(14,5)":0.0,"(12,11)":27.421482356937116,"(15,14)":0.0,"(1,16)":0.0,"(11,18)":0.0,"(21,1)":0.0,"(22,13)":0.0,"(2,20)":0.0,"(6,6)":0.0,"(16,8)":0.0,"(20,3)":24.73557109989634,"(10,2)":0.0,"(4,2)":0.0,"(15,21)":9.499056001555582,"(1,6)":182.9637560007744,"(13,13)":0.0,"(19,10)":17.091576634940434,"(11,3)":72.16893552099212,"(3,19)":0.0,"(22,17)":0.0,"(22,9)":0.0,"(9,20)":2.952912631608438,"(8,6)":0.4147598400899858,"(4,6)":4.155122549406738,"(15,5)":26.384487613593667,"(8,1)":0.0,"(13,2)":0.0,"(17,2)":0.0,"(14,9)":0.0,"(9,15)":0.0,"(15,7)":0.0,"(6,10)":0.0,"(6,4)":7.998183544903371,"(10,7)":0.0,"(5,2)":0.0,"(21,7)":0.0,"(8,19)":0.0,"(7,3)":93.71362470642944,"(12,12)":0.0,"(14,1)":22.74202714783003,"(10,3)":0.0,"(13,6)":0.0,"(15,3)":4.423278586488819,"(20,14)":0.0,"(1,5)":0.0,"(3,5)":44.25013741645924,"(3,8)":37.52167908331776,"(9,5)":0.0,"(14,19)":0.0,"(3,6)":51.88526654035482,"(19,5)":0.0,"(7,17)":0.0,"(12,4)":101.76712636696749,"(4,21)":0.0,"(4,4)":0.0,"(13,17)":121.83892303980618,"(19,12)":0.0,"(9,4)":0.0,"(20,17)":65.36757962630786,"(22,3)":0.0,"(13,12)":127.57145810815358,"(8,11)":0.0,"(8,18)":3.6473055316346357,"(6,19)":0.0,"(12,7)":0.0,"(12,18)":0.048494023095113005,"(19,22)":0.0,"(20,22)":0.0,"(14,4)":190.2417516539228,"(3,15)":0.0,"(4,22)":0.0,"(2,4)":0.0,"(9,19)":0.0,"(18,16)":0.0,"(6,22)":0.0,"(19,2)":0.0,"(9,22)":0.0,"(22,1)":0.0,"(9,2)":0.0,"(14,21)":34.55107829150911,"(5,1)":0.0,"(15,20)":51.22688986339557,"(10,6)":0.0,"(11,12)":0.0,"(8,16)":2.9875243775558764,"(1,18)":9.587077183068452,"(2,16)":0.0,"(7,13)":569.4578096877406,"(21,15)":0.0,"(8,15)":26.121160204804312,"(9,17)":1.8371795580013595,"(19,16)":0.0,"(5,10)":0.0,"(18,10)":0.0,"(18,13)":0.0,"(21,10)":46.64585307886668,"(8,17)":59.999932057818555,"(8,20)":13.21284944989043,"(4,8)":0.0,"(11,20)":54.225878085465276,"(12,9)":0.24400101772284158,"(7,8)":0.0,"(14,22)":0.0,"(7,7)":0.0,"(18,1)":0.0,"(22,18)":0.0,"(7,9)":0.0,"(9,14)":0.0,"(4,18)":6.721623712131301,"(19,15)":0.0,"(20,20)":0.0,"(3,22)":0.0,"(5,7)":7.398702203409785,"(11,14)":0.0,"(12,6)":0.0,"(17,5)":44.229025670374604,"(18,6)":20.080210069308247,"(6,13)":0.0,