{"(6,9)":0.0,"(18,3)":56.141800946973135,"(21,13)":20.271082318551066,"(22,16)":0.0,"(15,17)":39.20257885848792,"(22,14)":0.0,"(13,9)":22.734955675024647,"(8,9)":7.508335271189871,"(17,14)":0.0,"(9,1)":0.0,"(16,6)":0.0,"(16,12)":1.7985612998927537e-16,"(16,13)":504.08569121485095,"(22,2)":0.0,"(7,16)":235.42292401798147,"(1,12)":222.6991233096815,"(4,5)":0.0,"(11,8)":84.10234360097228,"(18,21)":0.0,"(19,4)":0.0,"(20,13)":16.20441380386551,"(15,4)":25.952438927852384,"(6,18)":21.223790591212968,"(5,16)":0.0,"(4,9)":0.0,"(8,4)":0.0,"(1,22)":0.0,"(22,15)":0.0,"(1,2)":24.908711749269877,"(17,9)":0.0,"(19,20)":0.0,"(14,2)":0.0,"(6,11)":0.0,"(16,2)":0.0,"(8,21)":63.00256369939267,"(9,6)":0.0,"(8,2)":0.0,"(21,3)":32.068263744202355,"(13,19)":0.0,"(7,19)":0.0,"(8,12)":0.0,"(11,4)":0.0,"(17,10)":0.0,"(1,17)":0.0,"(18,5)":0.0,"(2,5)":0.0,"(8,5)":0.25004846138234454,"(3,16)":0.0,"(14,13)":472.8791348240588,"(22,4)":0.0,"(3,9)":0.0,"(15,2)":0.0,"(19,6)":0.0,"(19,9)":7.324847219820827,"(18,12)":0.0,"(15,1)":0.0,"(14,6)":26.70266435699906,"(14,18)":0.0,"(21,4)":0.0,"(22,7)":0.0,"(13,4)":19.940092311068053,"(16,20)":0.0,"(7,12)":0.0,"(10,22)":0.0,"(12,19)":0.0,"(4,10)":0.0,"(10,8)":34.56592027205841,"(7,2)":0.0,"(11,15)":0.06703200801926472,"(10,17)":17.775088970976523,"(3,13)":0.0,"(20,8)":0.0,"(6,3)":55.678916629935316,"(1,7)":70.01998767520124,"(19,13)":0.0,"(21,20)":26.956260230903816,"(8,8)":0.0,"(1,3)":151.67653780419982,"(4,15)":4.350150363313917,"(22,10)":0.0,"(21,9)":33.6535454971892,"(11,11)":0.0,"(12,15)":33.30285370653954,"(9,10)":0.0,"(12,5)":0.0,"(12,2)":0.0,"(20,4)":0.0,"(9,3)":0.0,"(16,4)":-1.438849039914203e-15,"(16,10)":0.0,"(17,19)":32.927323132974855,"(11,19)":9.762029790430256,"(16,19)":0.0,"(4,1)":332.0986321343783,"(13,20)":6.685177912352752,"(5,15)":22.440126451495576,"(16,9)":0.0,"(4,17)":0.0,"(5,12)":0.0,"(5,14)":0.0,"(17,11)":0.0,"(6,16)":0.0,"(22,22)":0.0,"(2,14)":0.0,"(11,9)":0.0,"(17,6)":0.0,"(20,12)":3.1341952882716484,"(21,11)":38.305841465097465,"(9,13)":3.462248715941453,"(20,15)":36.437048994811185,"(10,20)":27.343103509550975,"(11,10)":49.536423328913855,"(15,22)":0.0,"(2,17)":0.0,"(6,2)":0.0,"(21,14)":39.43402872388255,"(8,7)":7.931771928299243,"(4,20)":0.0,"(3,17)":0.0,"(2,15)":0.0,"(12,21)":0.0,"(1,8)":0.0,"(22,8)":0.0,"(21,5)":0.0,"(1,13)":0.0,"(3,12)":0.0,"(3,14)":0.0,"(5,11)":0.0,"(15,9)":8.282618096564166,"(9,11)":0.0,"(6,15)":0.0,"(1,14)":0.0,"(7,14)":793.920710438124,"(12,1)":57.12731013186929,"(8,10)":27.843490429771883,"(14,10)":0.0,"(10,5)":0.0,"(15,8)":30.280572920061758,"(15,19)":12.278643381556916,"(21,12)":0.0,"(22,20)":0.0,"(2,18)":0.0,"(20,10)":50.3935943139494,"(8,22)":0.0,"(16,15)":56.9666553404326,"(1,15)":0.0,"(10,11)":42.926747452382,"(12,16)":57.336649104189455,"(17,4)":0.0,"(3,1)":169.1240145873402,"(20,5)":0.0,"(15,15)":0.0,"(16,21)":0.0,"(21,8)":81.73093258329898,"(16,3)":0.0,"(17,16)":198.2903767476562,"(12,8)":0.0,"(13,7)":289.35924580530906,"(3,18)":62.82990653918474,"(6,17)":0.0,"(22,19)":0.0,"(6,5)":0.0,"(16,17)":188.51474965389414,"(18,18)":0.0,"(13,11)":72.2533490809818,"(13,18)":0.0,"(16,11)":0.0,"(2,13)":0.0,"(9,8)":0.0,"(3,4)":69.29370652722736,"(5,17)":61.64270530998349,"(5,20)":7.503366863666651,"(10,19)":0.0,"(2,3)":13.216693382647534,"(21,17)":0.08901215824208482,"(13,3)":19.48178069334104,"(4,11)":0.0,"(6,20)":0.0,"(5,4)":0.0,"(17,1)":0.0,"(2,1)":18.417807415870318,"(20,6)":1.2468362006065183,"(20,11)":85.21869231616763,"(5,9)":0.0,"(1,4)":232.97564207290722,"(13,22)":0.0,"(19,19)":0.0,"(18,19)":0.0,"(9,18)":0.0,"(20,16)":0.0,"(3,21)":7.640977658465486,"(16,5)":0.0,"(11,22)":0.0,"(19,1)":0.0,"(13,1)":0.0,"(18,17)":0.0,"(17,18)":0.0,"(14,15)":0.0,"(2,11)":0.0,"(20,2)":0.0,"(10,10)":0.0,"(4,12)":343.15137091677445,"(2,22)":0.0,"(5,22)":0.0,"(6,12)":0.0,"(18,2)":0.0,"(16,7)":219.24001294015972,"(19,7)":0.0,"(7,21)":0.0,"(4,13)":6.056208366679583,"(6,1)":224.80293121727556,"(7,11)":0.0,"(11,6)":27.830851615784123,"(12,13)":167.68758594059352,"(18,22)":0.0,"(21,18)":0.0,"(22,11)":0.0,"(7,15)":0.0,"(7,6)":52.76113481607592,"(15,16)":21.424140588453277,"(21,16)":0.0,"(20,19)":0.0,"(11,16)":0.0,"(11,7)":0.0,"(8,14)":0.0,"(5,5)":0.0,"(2,7)":1.5419370300756605,"(8,3)":56.15885301632516,"(5,21)":0.0,"(4,3)":60.48698700853455,"(2,21)":0.0,"(9,7)":0.0,"(18,15)":0.0,"(14,3)":82.38158098693437,"(4,14)":134.4932334804178,"(18,7)":3.71403639941645,"(11,21)":0.0,"(2,10)":0.0,"(14,16)":384.0386327864636,"(14,8)":0.0,"(11,2)":0.0,"(15,6)":0.0,"(19,18)":0.0,"(8,13)":43.26664777374089,"(17,22)":0.0,"(1,19)":0.0,"(18,20)":0.0,"(20,1)":0.0,"(3,10)":0.0,"(7,20)":0.0,"(6,14)":0.0,"(9,21)":13.382444048377426,"(13,15)":0.0,"(21,21)":0.0,"(17,15)":20.64867975141794,"(17,20)":79.92550945048998,"(20,21)":44.23871306471063,"(20,7)":0.0,"(11,1)":0.0,"(15,18)":6.015789657335342,"(19,17)":0.0,"(10,14)":0.0,"(1,10)":0.0,"(9,9)":0.0,"(13,16)":381.19981496359594,"(22,21)":0.0,"(12,17)":176.0505286850275,"(21,6)":4.283663179587112,"(12,14)":158.8446890689239,"(12,10)":2.2766561895111157,"(19,14)":0.0,"(2,6)":0.0,"(13,14)":553.2145859983303,"(16,1)":0.0,"(16,14)":882.3795573757341,"(10,4)":0.0,"(1,20)":0.0,"(6,21)":0.0,"(10,12)":0.0,"(15,11)":58.071962239867275,"(16,16)":0.0,"(17,17)":0.0,"(16,22)":0.0,"(17,13)":110.86179623250706,"(19,8)":0.0,"(17,3)":0.0,"(2,8)":0.0,"(5,8)":0.0,"(13,21)":28.03429926084511,"(17,12)":372.3643557617794,"(7,22)":0.0,"(5,19)":0.0,"(1,1)":0.0,"(22,12)":0.0,"(21,19)":0.0,"(17,8)":50.929252671479695,"(10,9)":0.03257424937094792,"(10,21)":42.11720600224926,"(4,19)":0.0,"(11,5)":0.0,"(14,17)":30.570903120357887,"(22,6)":0.0,"(14,14)":0.0,"(2,2)":0.0,"(17,21)":0.0,"(5,18)":4.847319007386302,"(15,12)":40.91073558036143,"(10,16)":0.0,"(20,9)":30.2548449402177,"(7,1)":34.81210661013732,"(3,11)":0.0,"(5,13)":0.0,"(10,13)":24.729382835670513,"(11,17)":0.0,"(14,12)":151.468458709208,"(21,22)":0.0,"(14,5)":0.0,"(12,11)":31.730572441598667,"(15,14)":0.0,"(1,16)":0.0,"(11,18)":0.0,"(21,1)":0.0,"(22,13)":0.0,"(2,20)":0.0,"(6,6)":0.0,"(16,8)":0.0,"(20,3)":28.62258941559434,"(10,2)":0.0,"(4,2)":0.0,"(15,21)":10.991764801800032,"(1,6)":211.7152033723247,"(13,13)":0.0,"(19,10)":19.777395820431078,"(11,3)":83.50976824571946,"(3,19)":0.0,"(22,17)":0.0,"(22,9)":0.0,"(9,20)":3.4169417594326217,"(8,6)":0.4799363863898407,"(4,6)":4.808070378599226,"(15,5)":30.530621381444103,"(8,1)":0.0,"(13,2)":0.0,"(17,2)":0.0,"(14,9)":0.0,"(9,15)":0.0,"(15,7)":0.0,"(6,10)":0.0,"(6,4)":9.255040959102475,"(10,7)":0.0,"(5,2)":0.0,"(21,7)":0.0,"(8,19)":0.0,"(7,3)":108.44005144601122,"(12,12)":0.0,"(14,1)":26.315774271060466,"(10,3)":0.0,"(13,6)":0.0,"(15,3)":5.118365221508492,"(20,14)":0.0,"(1,5)":0.0,"(3,5)":51.20373043904569,"(3,8)":43.4179429392677,"(9,5)":0.0,"(14,19)":0.0,"(3,6)":60.03866556812487,"(19,5)":0.0,"(7,17)":0.0,"(12,4)":117.75910336749097,"(4,21)":0.0,"(4,4)":0.0,"(13,17)":140.98503951749004,"(19,12)":0.0,"(9,4)":0.0,"(20,17)":75.63962785329909,"(22,3)":0.0,"(13,12)":147.61840152514915,"(8,11)":0.0,"(8,18)":4.220453543748651,"(6,19)":0.0,"(12,7)":0.0,"(12,18)":0.05611451243863077,"(19,22)":0.0,"(20,22)":0.0,"(14,4)":220.1368840566821,"(3,15)":0.0,"(4,22)":0.0,"(2,4)":0.0,"(9,19)":0.0,"(18,16)":0.0,"(6,22)":0.0,"(19,2)":0.0,"(9,22)":0.0,"(22,1)":0.0,"(9,2)":0.0,"(14,21)":39.9805334516034,"(5,1)":0.0,"(15,20)":59.276829699072024,"(10,6)":0.0,"(11,12)":0.0,"(8,16)":3.456992494028943,"(1,18)":11.093617883264924,"(2,16)":0.0,"(7,13)":658.9440369243855,"(21,15)":0.0,"(8,15)":30.225913951273565,"(9,17)":2.1258792028301445,"(19,16)":0.0,"(5,10)":0.0,"(18,10)":0.0,"(18,13)":0.0,"(21,10)":53.97591570554574,"(8,17)":69.42849280976148,"(8,20)":15.289154363444641,"(4,8)":0.0,"(11,20)":62.747087498895546,"(12,9)":0.28234403479357384,"(7,8)":0.0,"(14,22)":0.0,"(7,7)":0.0,"(18,1)":0.0,"(22,18)":0.0,"(7,9)":0.0,"(9,14)":0.0,"(4,18)":7.777878866894792,"(19,15)":0.0,"(20,20)":0.0,"(3,22)":0.0,"(5,7)":8.561355406802752,"(11,14)":0.0,"(12,6)":0.0,"(17,5)":51.17930113286205,"(18,6)":23.235671651628117,"(6,13)":0.0,"(11,13)":58.97255306396975,