{"18":0.5088576547066889,"30":0.5903242816609787,"33":0.616395495073743,"32":0.6145912269986041,"2":0.14701279649839777,"16":0.45389607916978286,"11":0.44016915881042,"21":0.5194211599914935,"7":0.3896543330449974,"9":0.4033897666487108,"25":0.5388969888541896,"10":0.42879471119615814,"26":0.5426675721393588,"29":0.5895221982709176,"34":0.617655519648102,"35":0.617655519648102,"19":0.5094949731830722,"17":0.5033194315710832,"8":0.3983001432728021,"22":0.5320704318356273,"6":0.3533620209028937,"24":0.5370534665648578,"4":0.21792035949051508,"3":0.19318678151191324,"28":0.5790681586767074,"5":0.24671323544296578,"20":0.5150919689769481,"23":0.5345186305862826,"13":0.4479851160478761,"14":0.4526920183433647,"31":0.5943817711181724,"27":0.5680004158174048,"15":0.4535696389137608,"12":0.44501115392473073,"1":0.0}