{"(6,9)":0.0,"(18,3)":47.131388449310776,"(21,13)":17.01769873656139,"(22,16)":0.0,"(15,17)":32.910806942928126,"(22,14)":0.0,"(13,9)":19.086135628415754,"(8,9)":6.3032938079124845,"(17,14)":0.0,"(9,1)":0.0,"(16,6)":0.0,"(16,12)":1.509903313490213e-16,"(16,13)":423.1830494149366,"(22,2)":0.0,"(7,16)":197.63899794102147,"(1,12)":186.95728870442397,"(4,5)":0.0,"(11,8)":70.60443660328536,"(18,21)":0.0,"(19,4)":0.0,"(20,13)":13.6037054155908,"(15,4)":21.787232680172373,"(6,18)":17.81750321237632,"(5,16)":0.0,"(4,9)":0.0,"(8,4)":0.0,"(1,22)":0.0,"(22,15)":0.0,"(1,2)":20.911017270991994,"(17,9)":0.0,"(19,20)":0.0,"(14,2)":0.0,"(6,11)":0.0,"(16,2)":0.0,"(8,21)":52.89104113035434,"(9,6)":0.0,"(8,2)":0.0,"(21,3)":26.92150536550321,"(13,19)":0.0,"(7,19)":0.0,"(8,12)":0.0,"(11,4)":0.0,"(17,10)":0.0,"(1,17)":0.0,"(18,5)":0.0,"(2,5)":0.0,"(8,5)":0.20991722683949915,"(3,16)":0.0,"(14,13)":396.98495269180245,"(22,4)":0.0,"(3,9)":0.0,"(15,2)":0.0,"(19,6)":0.0,"(19,9)":6.14925445614588,"(18,12)":0.0,"(15,1)":0.0,"(14,6)":22.41705155896217,"(14,18)":0.0,"(21,4)":0.0,"(22,7)":0.0,"(13,4)":16.739830582131205,"(16,20)":0.0,"(7,12)":0.0,"(10,22)":0.0,"(12,19)":0.0,"(4,10)":0.0,"(10,8)":29.018303438271257,"(7,2)":0.0,"(11,15)":0.05627378451000001,"(10,17)":14.922296913906216,"(3,13)":0.0,"(20,8)":0.0,"(6,3)":46.742794207846934,"(1,7)":58.782211875477586,"(19,13)":0.0,"(21,20)":22.629946860511843,"(8,8)":0.0,"(1,3)":127.33338976155046,"(4,15)":3.651978082782054,"(22,10)":0.0,"(21,9)":28.252359182825497,"(11,11)":0.0,"(12,15)":27.957951259810972,"(9,10)":0.0,"(12,5)":0.0,"(12,2)":0.0,"(20,4)":0.0,"(9,3)":0.0,"(16,4)":-1.2079226507921704e-15,"(16,10)":0.0,"(17,19)":27.642691025213455,"(11,19)":8.19528426850935,"(16,19)":0.0,"(4,1)":278.798851668367,"(13,20)":5.612248123950458,"(5,15)":18.83862467532962,"(16,9)":0.0,"(4,17)":0.0,"(5,12)":0.0,"(5,14)":0.0,"(17,11)":0.0,"(6,16)":0.0,"(22,22)":0.0,"(2,14)":0.0,"(11,9)":0.0,"(17,6)":0.0,"(20,12)":2.6311762913885444,"(21,11)":32.15799036576084,"(9,13)":2.906579168938504,"(20,15)":30.58912755119951,"(10,20)":22.95470418085761,"(11,10)":41.5861331650141,"(15,22)":0.0,"(2,17)":0.0,"(6,2)":0.0,"(21,14)":33.1051105336298,"(8,7)":6.658771495362328,"(4,20)":0.0,"(3,17)":0.0,"(2,15)":0.0,"(12,21)":0.0,"(1,8)":0.0,"(22,8)":0.0,"(21,5)":0.0,"(1,13)":0.0,"(3,12)":0.0,"(3,14)":0.0,"(5,11)":0.0,"(15,9)":6.953309019337818,"(9,11)":0.0,"(6,15)":0.0,"(1,14)":0.0,"(7,14)":666.5013371579313,"(12,1)":47.95872949342113,"(8,10)":23.37478208919121,"(14,10)":0.0,"(10,5)":0.0,"(15,8)":25.420727883508636,"(15,19)":10.307996912911978,"(21,12)":0.0,"(22,20)":0.0,"(2,18)":0.0,"(20,10)":42.30573349813036,"(8,22)":0.0,"(16,15)":47.82385880431379,"(1,15)":0.0,"(10,11)":36.03726946619724,"(12,16)":48.13447085289979,"(17,4)":0.0,"(3,1)":141.9806542214708,"(20,5)":0.0,"(15,15)":0.0,"(16,21)":0.0,"(21,8)":68.61362241560902,"(16,3)":0.0,"(17,16)":166.46599529432868,"(12,8)":0.0,"(13,7)":242.91887302174095,"(3,18)":52.746094378574846,"(6,17)":0.0,"(22,19)":0.0,"(6,5)":0.0,"(16,17)":158.2592960057383,"(18,18)":0.0,"(13,11)":60.65713256181189,"(13,18)":0.0,"(16,11)":0.0,"(2,13)":0.0,"(9,8)":0.0,"(3,4)":58.17249436853655,"(5,17)":51.749431618257745,"(5,20)":6.299122799127559,"(10,19)":0.0,"(2,3)":11.09549567925966,"(21,17)":0.07472625630199713,"(13,3)":16.35507514996532,"(4,11)":0.0,"(6,20)":0.0,"(5,4)":0.0,"(17,1)":0.0,"(2,1)":15.461863015792366,"(20,6)":1.0467266869289291,"(20,11)":71.54161824073333,"(5,9)":0.0,"(1,4)":195.584489641453,"(13,22)":0.0,"(19,19)":0.0,"(18,19)":0.0,"(9,18)":0.0,"(20,16)":0.0,"(3,21)":6.414647910810531,"(16,5)":0.0,"(11,22)":0.0,"(19,1)":0.0,"(13,1)":0.0,"(18,17)":0.0,"(17,18)":0.0,"(14,15)":0.0,"(2,11)":0.0,"(20,2)":0.0,"(10,10)":0.0,"(4,12)":288.0776941029711,"(2,22)":0.0,"(5,22)":0.0,"(6,12)":0.0,"(18,2)":0.0,"(16,7)":184.0533441966773,"(19,7)":0.0,"(7,21)":0.0,"(4,13)":5.084224307829774,"(6,1)":188.72344842931773,"(7,11)":0.0,"(11,6)":23.364171726831117,"(12,13)":140.77476350568344,"(18,22)":0.0,"(21,18)":0.0,"(22,11)":0.0,"(7,15)":0.0,"(7,6)":44.29329836411312,"(15,16)":17.985698271787935,"(21,16)":0.0,"(20,19)":0.0,"(11,16)":0.0,"(11,7)":0.0,"(8,14)":0.0,"(5,5)":0.0,"(2,7)":1.2944656548783324,"(8,3)":47.14570376679149,"(5,21)":0.0,"(4,3)":50.779198970127766,"(2,21)":0.0,"(9,7)":0.0,"(18,15)":0.0,"(14,3)":69.1598457668091,"(4,14)":112.9078997119557,"(18,7)":3.117956483460723,"(11,21)":0.0,"(2,10)":0.0,"(14,16)":322.40280283308056,"(14,8)":0.0,"(11,2)":0.0,"(15,6)":0.0,"(19,18)":0.0,"(8,13)":36.32261788412816,"(17,22)":0.0,"(1,19)":0.0,"(18,20)":0.0,"(20,1)":0.0,"(3,10)":0.0,"(7,20)":0.0,"(6,14)":0.0,"(9,21)":11.23464438629216,"(13,15)":0.0,"(21,21)":0.0,"(17,15)":17.33469411230148,"(17,20)":67.09795855102863,"(20,21)":37.13867269630028,"(20,7)":0.0,"(11,1)":0.0,"(15,18)":5.050292551837078,"(19,17)":0.0,"(10,14)":0.0,"(1,10)":0.0,"(9,9)":0.0,"(13,16)":320.0195977472164,"(22,21)":0.0,"(12,17)":147.79550556273915,"(21,6)":3.5961616816286868,"(12,14)":133.35109699613363,"(12,10)":1.9112669245278504,"(19,14)":0.0,"(2,6)":0.0,"(13,14)":464.4270598504502,"(16,1)":0.0,"(16,14)":740.76308520432,"(10,4)":0.0,"(1,20)":0.0,"(6,21)":0.0,"(10,12)":0.0,"(15,11)":48.751770769271296,"(16,16)":0.0,"(17,17)":0.0,"(16,22)":0.0,"(17,13)":93.06916226926518,"(19,8)":0.0,"(17,3)":0.0,"(2,8)":0.0,"(5,8)":0.0,"(13,21)":23.534967280709473,"(17,12)":312.60217520741975,"(7,22)":0.0,"(5,19)":0.0,"(1,1)":0.0,"(22,12)":0.0,"(21,19)":0.0,"(17,8)":42.75542199581012,"(10,9)":0.027346283422524178,"(10,21)":35.35765442164136,"(4,19)":0.0,"(11,5)":0.0,"(14,17)":25.664461878818965,"(22,6)":0.0,"(14,14)":0.0,"(2,2)":0.0,"(17,21)":0.0,"(5,18)":4.069354228423069,"(15,12)":34.34481505511824,"(10,16)":0.0,"(20,9)":25.39912908561486,"(7,1)":29.224978388757258,"(3,11)":0.0,"(5,13)":0.0,"(10,13)":20.76046954105673,"(11,17)":0.0,"(14,12)":127.15870607686597,"(21,22)":0.0,"(14,5)":0.0,"(12,11)":26.6380114324532,"(15,14)":0.0,"(1,16)":0.0,"(11,18)":0.0,"(21,1)":0.0,"(22,13)":0.0,"(2,20)":0.0,"(6,6)":0.0,"(16,8)":0.0,"(20,3)":24.02884049704216,"(10,2)":0.0,"(4,2)":0.0,"(15,21)":9.227654401511138,"(1,6)":177.736220115038,"(13,13)":0.0,"(19,10)":16.60324587394214,"(11,3)":70.10696593467807,"(3,19)":0.0,"(22,17)":0.0,"(22,9)":0.0,"(9,20)":2.8685436992767688,"(8,6)":0.40290955894455766,"(4,6)":4.0364047622808314,"(15,5)":25.630645110348137,"(8,1)":0.0,"(13,2)":0.0,"(17,2)":0.0,"(14,9)":0.0,"(9,15)":0.0,"(15,7)":0.0,"(6,10)":0.0,"(6,4)":7.769664015048991,"(10,7)":0.0,"(5,2)":0.0,"(21,7)":0.0,"(8,19)":0.0,"(7,3)":91.03609257196004,"(12,12)":0.0,"(14,1)":22.092254943606317,"(10,3)":0.0,"(13,6)":0.0,"(15,3)":4.296899198303425,"(20,14)":0.0,"(1,5)":0.0,"(3,5)":42.98584777598898,"(3,8)":36.44963110950869,"(9,5)":0.0,"(14,19)":0.0,"(3,6)":50.402830353487545,"(19,5)":0.0,"(7,17)":0.0,"(12,4)":98.85949418505413,"(4,21)":0.0,"(4,4)":0.0,"(13,17)":118.3578109529546,"(19,12)":0.0,"(9,4)":0.0,"(20,17)":63.499934494127636,"(22,3)":0.0,"(13,12)":123.92655930506349,"(8,11)":0.0,"(8,18)":3.543096802159361,"(6,19)":0.0,"(12,7)":0.0,"(12,18)":0.047108479578109784,"(19,22)":0.0,"(20,22)":0.0,"(14,4)":184.80627303523931,"(3,15)":0.0,"(4,22)":0.0,"(2,4)":0.0,"(9,19)":0.0,"(18,16)":0.0,"(6,22)":0.0,"(19,2)":0.0,"(9,22)":0.0,"(22,1)":0.0,"(9,2)":0.0,"(14,21)":33.56390462603742,"(5,1)":0.0,"(15,20)":49.763264438727134,"(10,6)":0.0,"(11,12)":0.0,"(8,16)":2.9021665381971378,"(1,18)":9.31316069212364,"(2,16)":0.0,"(7,13)":553.1875865538052,"(21,15)":0.0,"(8,15)":25.374841341809905,"(9,17)":1.784688713487035,"(19,16)":0.0,"(5,10)":0.0,"(18,10)":0.0,"(18,13)":0.0,"(21,10)":45.313114419470494,"(8,17)":58.28564828473804,"(8,20)":12.835339465607847,"(4,8)":0.0,"(11,20)":52.67656728302342,"(12,9)":0.23702956007361756,"(7,8)":0.0,"(14,22)":0.0,"(7,7)":0.0,"(18,1)":0.0,"(22,18)":0.0,"(7,9)":0.0,"(9,14)":0.0,"(4,18)":6.529577320356122,"(19,15)":0.0,"(20,20)":0.0,"(3,22)":0.0,"(5,7)":7.187310711883792,"(11,14)":0.0,"(12,6)":0.0,"(17,5)":42.965339222649625,"(18,6)":19.506489781613727,"(6,13)":0.0,"(11,13)":49.507822325307934,