{"(6,9)":0.0,"(18,3)":49.90382306397611,"(21,13)":18.018739838712055,"(22,16)":0.0,"(15,17)":34.84673676310037,"(22,14)":0.0,"(13,9)":20.208849488910797,"(8,9)":6.674075796613218,"(17,14)":0.0,"(9,1)":0.0,"(16,6)":0.0,"(16,12)":1.5987211554602254e-16,"(16,13)":448.07616996875635,"(22,2)":0.0,"(7,16)":209.26482134931683,"(1,12)":197.95477627527242,"(4,5)":0.0,"(11,8)":74.7576387564198,"(18,21)":0.0,"(19,4)":0.0,"(20,13)":14.403923381213787,"(15,4)":23.06883460253545,"(6,18)":18.86559163663375,"(5,16)":0.0,"(4,9)":0.0,"(8,4)":0.0,"(1,22)":0.0,"(22,15)":0.0,"(1,2)":22.14107711046211,"(17,9)":0.0,"(19,20)":0.0,"(14,2)":0.0,"(6,11)":0.0,"(16,2)":0.0,"(8,21)":56.002278843904584,"(9,6)":0.0,"(8,2)":0.0,"(21,3)":28.505123328179867,"(13,19)":0.0,"(7,19)":0.0,"(8,12)":0.0,"(11,4)":0.0,"(17,10)":0.0,"(1,17)":0.0,"(18,5)":0.0,"(2,5)":0.0,"(8,5)":0.22226529900652847,"(3,16)":0.0,"(14,13)":420.33700873249666,"(22,4)":0.0,"(3,9)":0.0,"(15,2)":0.0,"(19,6)":0.0,"(19,9)":6.510975306507402,"(18,12)":0.0,"(15,1)":0.0,"(14,6)":23.735701650665828,"(14,18)":0.0,"(21,4)":0.0,"(22,7)":0.0,"(13,4)":17.724526498727155,"(16,20)":0.0,"(7,12)":0.0,"(10,22)":0.0,"(12,19)":0.0,"(4,10)":0.0,"(10,8)":30.725262464051916,"(7,2)":0.0,"(11,15)":0.0595840071282353,"(10,17)":15.800079085312461,"(3,13)":0.0,"(20,8)":0.0,"(6,3)":49.492370337720274,"(1,7)":62.239989044623314,"(19,13)":0.0,"(21,20)":23.96112020524783,"(8,8)":0.0,"(1,3)":134.8235891592887,"(4,15)":3.8668003229457035,"(22,10)":0.0,"(21,9)":29.91426266416817,"(11,11)":0.0,"(12,15)":29.602536628035143,"(9,10)":0.0,"(12,5)":0.0,"(12,2)":0.0,"(20,4)":0.0,"(9,3)":0.0,"(16,4)":-1.2789769243681803e-15,"(16,10)":0.0,"(17,19)":29.268731673755422,"(11,19)":8.677359813715782,"(16,19)":0.0,"(4,1)":295.19878411944734,"(13,20)":5.942380366535779,"(5,15)":19.946779067996065,"(16,9)":0.0,"(4,17)":0.0,"(5,12)":0.0,"(5,14)":0.0,"(17,11)":0.0,"(6,16)":0.0,"(22,22)":0.0,"(2,14)":0.0,"(11,9)":0.0,"(17,6)":0.0,"(20,12)":2.7859513673525758,"(21,11)":34.049636857864414,"(9,13)":3.07755441417018,"(20,15)":32.38848799538771,"(10,20)":24.304980897378645,"(11,10)":44.032376292367864,"(15,22)":0.0,"(2,17)":0.0,"(6,2)":0.0,"(21,14)":35.05246997678449,"(8,7)":7.050463936265993,"(4,20)":0.0,"(3,17)":0.0,"(2,15)":0.0,"(12,21)":0.0,"(1,8)":0.0,"(22,8)":0.0,"(21,5)":0.0,"(1,13)":0.0,"(3,12)":0.0,"(3,14)":0.0,"(5,11)":0.0,"(15,9)":7.362327196945925,"(9,11)":0.0,"(6,15)":0.0,"(1,14)":0.0,"(7,14)":705.7072981672213,"(12,1)":50.77983122832825,"(8,10)":24.749769270908338,"(14,10)":0.0,"(10,5)":0.0,"(15,8)":26.916064817832673,"(15,19)":10.914349672495035,"(21,12)":0.0,"(22,20)":0.0,"(2,18)":0.0,"(20,10)":44.79430605684391,"(8,22)":0.0,"(16,15)":50.63702696927342,"(1,15)":0.0,"(10,11)":38.157108846561776,"(12,16)":50.96591031483507,"(17,4)":0.0,"(3,1)":150.33245741096906,"(20,5)":0.0,"(15,15)":0.0,"(16,21)":0.0,"(21,8)":72.64971785182131,"(16,3)":0.0,"(17,16)":176.25811266458328,"(12,8)":0.0,"(13,7)":257.20821849360806,"(3,18)":55.84880581260865,"(6,17)":0.0,"(22,19)":0.0,"(6,5)":0.0,"(16,17)":167.56866635901702,"(18,18)":0.0,"(13,11)":64.22519918309494,"(13,18)":0.0,"(16,11)":0.0,"(2,13)":0.0,"(9,8)":0.0,"(3,4)":61.59440580197987,"(5,17)":54.79351583109643,"(5,20)":6.669659434370356,"(10,19)":0.0,"(2,3)":11.748171895686697,"(21,17)":0.07912191843740872,"(13,3)":17.317138394080924,"(4,11)":0.0,"(6,20)":0.0,"(5,4)":0.0,"(17,1)":0.0,"(2,1)":16.371384369662504,"(20,6)":1.1082988449835718,"(20,11)":75.74994872548234,"(5,9)":0.0,"(1,4)":207.08945962036196,"(13,22)":0.0,"(19,19)":0.0,"(18,19)":0.0,"(9,18)":0.0,"(20,16)":0.0,"(3,21)":6.791980140858209,"(16,5)":0.0,"(11,22)":0.0,"(19,1)":0.0,"(13,1)":0.0,"(18,17)":0.0,"(17,18)":0.0,"(14,15)":0.0,"(2,11)":0.0,"(20,2)":0.0,"(10,10)":0.0,"(4,12)":305.0234408149106,"(2,22)":0.0,"(5,22)":0.0,"(6,12)":0.0,"(18,2)":0.0,"(16,7)":194.88001150236417,"(19,7)":0.0,"(7,21)":0.0,"(4,13)":5.3832963259374065,"(6,1)":199.82482774868936,"(7,11)":0.0,"(11,6)":24.738534769585886,"(12,13)":149.05563194719423,"(18,22)":0.0,"(21,18)":0.0,"(22,11)":0.0,"(7,15)":0.0,"(7,6)":46.8987865031786,"(15,16)":19.043680523069575,"(21,16)":0.0,"(20,19)":0.0,"(11,16)":0.0,"(11,7)":0.0,"(8,14)":0.0,"(5,5)":0.0,"(2,7)":1.370610693400587,"(8,3)":49.918980458955694,"(5,21)":0.0,"(4,3)":53.766210674252925,"(2,21)":0.0,"(9,7)":0.0,"(18,15)":0.0,"(14,3)":73.22807198838609,"(4,14)":119.54954087148249,"(18,7)":3.301365688370177,"(11,21)":0.0,"(2,10)":0.0,"(14,16)":341.3676735879676,"(14,8)":0.0,"(11,2)":0.0,"(15,6)":0.0,"(19,18)":0.0,"(8,13)":38.459242465547455,"(17,22)":0.0,"(1,19)":0.0,"(18,20)":0.0,"(20,1)":0.0,"(3,10)":0.0,"(7,20)":0.0,"(6,14)":0.0,"(9,21)":11.895505820779933,"(13,15)":0.0,"(21,21)":0.0,"(17,15)":18.35438200126039,"(17,20)":71.04489728932442,"(20,21)":39.323300501965,"(20,7)":0.0,"(11,1)":0.0,"(15,18)":5.347368584298081,"(19,17)":0.0,"(10,14)":0.0,"(1,10)":0.0,"(9,9)":0.0,"(13,16)":338.84427996764083,"(22,21)":0.0,"(12,17)":156.48935883113555,"(21,6)":3.8077006040774326,"(12,14)":141.1952791723768,"(12,10)":2.0236943906765474,"(19,14)":0.0,"(2,6)":0.0,"(13,14)":491.7462986651825,"(16,1)":0.0,"(16,14)":784.3373843339858,"(10,4)":0.0,"(1,20)":0.0,"(6,21)":0.0,"(10,12)":0.0,"(15,11)":51.61952199099313,"(16,16)":0.0,"(17,17)":0.0,"(16,22)":0.0,"(17,13)":98.54381887333959,"(19,8)":0.0,"(17,3)":0.0,"(2,8)":0.0,"(5,8)":0.0,"(13,21)":24.919377120751207,"(17,12)":330.990538454915,"(7,22)":0.0,"(5,19)":0.0,"(1,1)":0.0,"(22,12)":0.0,"(21,19)":0.0,"(17,8)":45.27044681909306,"(10,9)":0.02895488832973148,"(10,21)":37.43751644644379,"(4,19)":0.0,"(11,5)":0.0,"(14,17)":27.174136106984786,"(22,6)":0.0,"(14,14)":0.0,"(2,2)":0.0,"(17,21)":0.0,"(5,18)":4.308728006565602,"(15,12)":36.365098293654604,"(10,16)":0.0,"(20,9)":26.893195502415733,"(7,1)":30.944094764566504,"(3,11)":0.0,"(5,13)":0.0,"(10,13)":21.98167363170712,"(11,17)":0.0,"(14,12)":134.6386299637404,"(21,22)":0.0,"(14,5)":0.0,"(12,11)":28.204953281421034,"(15,14)":0.0,"(1,16)":0.0,"(11,18)":0.0,"(21,1)":0.0,"(22,13)":0.0,"(2,20)":0.0,"(6,6)":0.0,"(16,8)":0.0,"(20,3)":25.44230170275052,"(10,2)":0.0,"(4,2)":0.0,"(15,21)":9.770457601600027,"(1,6)":188.1912918865108,"(13,13)":0.0,"(19,10)":17.579907395938733,"(11,3)":74.23090510730619,"(3,19)":0.0,"(22,17)":0.0,"(22,9)":0.0,"(9,20)":3.0372815639401076,"(8,6)":0.4266101212354139,"(4,6)":4.273840336532645,"(15,5)":27.1383301168392,"(8,1)":0.0,"(13,2)":0.0,"(17,2)":0.0,"(14,9)":0.0,"(9,15)":0.0,"(15,7)":0.0,"(6,10)":0.0,"(6,4)":8.226703074757754,"(10,7)":0.0,"(5,2)":0.0,"(21,7)":0.0,"(8,19)":0.0,"(7,3)":96.39115684089886,"(12,12)":0.0,"(14,1)":23.391799352053745,"(10,3)":0.0,"(13,6)":0.0,"(15,3)":4.549657974674214,"(20,14)":0.0,"(1,5)":0.0,"(3,5)":45.5144270569295,"(3,8)":38.59372705712684,"(9,5)":0.0,"(14,19)":0.0,"(3,6)":53.3677027272221,"(19,5)":0.0,"(7,17)":0.0,"(12,4)":104.67475854888085,"(4,21)":0.0,"(4,4)":0.0,"(13,17)":125.32003512665779,"(19,12)":0.0,"(9,4)":0.0,"(20,17)":67.23522475848807,"(22,3)":0.0,"(13,12)":131.21635691124368,"(8,11)":0.0,"(8,18)":3.7515142611099113,"(6,19)":0.0,"(12,7)":0.0,"(12,18)":0.04987956661211623,"(19,22)":0.0,"(20,22)":0.0,"(14,4)":195.67723027260632,"(3,15)":0.0,"(4,22)":0.0,"(2,4)":0.0,"(9,19)":0.0,"(18,16)":0.0,"(6,22)":0.0,"(19,2)":0.0,"(9,22)":0.0,"(22,1)":0.0,"(9,2)":0.0,"(14,21)":35.538251956980794,"(5,1)":0.0,"(15,20)":52.69051528806402,"(10,6)":0.0,"(11,12)":0.0,"(8,16)":3.072882216914616,"(1,18)":9.860993674013265,"(2,16)":0.0,"(7,13)":585.7280328216759,"(21,15)":0.0,"(8,15)":26.86747906779872,"(9,17)":1.889670402515684,"(19,16)":0.0,"(5,10)":0.0,"(18,10)":0.0,"(18,13)":0.0,"(21,10)":47.97859173826287,"(8,17)":61.714215830899086,"(8,20)":13.590359434173013,"(4,8)":0.0,"(11,20)":55.77518888790714,"(12,9)":0.25097247537206563,"(7,8)":0.0,"(14,22)":0.0,"(7,7)":0.0,"(18,1)":0.0,"(22,18)":0.0,"(7,9)":0.0,"(9,14)":0.0,"(4,18)":6.913670103906481,"(19,15)":0.0,"(20,20)":0.0,"(3,22)":0.0,"(5,7)":7.610093694935779,"(11,14)":0.0,"(12,6)":0.0,"(17,5)":45.4927121180996,"(18,6)":20.653930357002768,"(6,13)":0.0,