{"(6,9)":0.0,"(18,3)":30.30523403637834,"(21,13)":3.978106388211295,"(22,16)":0.0,"(15,17)":31.275087606057394,"(22,14)":0.0,"(13,9)":0.0,"(8,9)":0.0,"(17,14)":400.2322792000022,"(9,1)":0.0,"(16,6)":0.0,"(16,12)":335.8490757777887,"(16,13)":757.0287258759668,"(22,2)":0.0,"(7,16)":447.9942931744204,"(1,12)":367.68752845306244,"(4,5)":8.757717471892947,"(11,8)":20.14340100885481,"(18,21)":0.0,"(19,4)":0.0,"(20,13)":5.279775254461828,"(15,4)":50.19712613935169,"(6,18)":0.14264661071991025,"(5,16)":0.0,"(4,9)":0.0,"(8,4)":25.04866531903007,"(1,22)":0.0,"(22,15)":0.0,"(1,2)":3.1225594253574327,"(17,9)":0.0,"(19,20)":0.0,"(14,2)":0.0,"(6,11)":0.0,"(16,2)":0.0,"(8,21)":0.0,"(9,6)":0.0,"(8,2)":0.0,"(21,3)":0.246036724323323,"(13,19)":0.0,"(7,19)":0.0,"(8,12)":12.49012973408787,"(11,4)":0.0,"(17,10)":0.0,"(1,17)":0.0,"(18,5)":0.0,"(2,5)":0.0,"(8,5)":2.548704126254565,"(3,16)":0.0,"(14,13)":715.305672472378,"(22,4)":0.0,"(3,9)":0.7699012033262249,"(15,2)":15.359161988368397,"(19,6)":0.0,"(19,9)":0.0,"(18,12)":0.0,"(15,1)":9.095652688752274,"(14,6)":0.0,"(14,18)":0.0,"(21,4)":0.0,"(22,7)":0.0,"(13,4)":92.12957426376101,"(16,20)":0.0,"(7,12)":236.6523819946423,"(10,22)":0.0,"(12,19)":0.0,"(4,10)":0.0,"(10,8)":3.516129438174004,"(7,2)":0.0,"(11,15)":0.0,"(10,17)":0.0,"(3,13)":0.0,"(20,8)":21.052944763441428,"(6,3)":66.98698172231425,"(1,7)":159.60136744513568,"(19,13)":0.0,"(21,20)":8.340682693642645,"(8,8)":0.0,"(1,3)":58.04716555953427,"(4,15)":37.70274180812117,"(22,10)":0.0,"(21,9)":0.0,"(11,11)":0.0,"(12,15)":16.454894602140357,"(9,10)":0.0,"(12,5)":22.192527444962003,"(12,2)":9.854524486754212,"(20,4)":46.10161008247151,"(9,3)":10.837672135849289,"(16,4)":112.53431413972771,"(16,10)":0.0,"(17,19)":15.167812913165044,"(11,19)":0.0,"(16,19)":0.0,"(4,1)":465.81296446046883,"(13,20)":4.362576305431349,"(5,15)":28.945024336228233,"(16,9)":0.0,"(4,17)":0.0,"(5,12)":12.490129734087867,"(5,14)":0.0,"(17,11)":0.0,"(6,16)":0.0,"(22,22)":0.0,"(2,14)":0.0,"(11,9)":0.0,"(17,6)":0.0,"(20,12)":1.4091214447339957,"(21,11)":5.943172862715957,"(9,13)":0.0,"(20,15)":17.864016046874358,"(10,20)":0.0,"(11,10)":16.6272715706808,"(15,22)":0.0,"(2,17)":0.0,"(6,2)":0.0,"(21,14)":11.64549790235702,"(8,7)":0.0,"(4,20)":24.96841038953187,"(3,17)":0.0,"(2,15)":9.273264907023172,"(12,21)":0.00557208865384628,"(1,8)":1.6437731059833487,"(22,8)":0.0,"(21,5)":0.0,"(1,13)":67.75912253795599,"(3,12)":0.0,"(3,14)":0.0,"(5,11)":0.0,"(15,9)":0.0,"(9,11)":0.0,"(6,15)":0.0,"(1,14)":240.99390369927835,"(7,14)":1190.9393802541429,"(12,1)":189.50171809820642,"(8,10)":7.005301873655481,"(14,10)":0.0,"(10,5)":0.0,"(15,8)":25.148460820321617,"(15,19)":0.0,"(21,12)":0.0,"(22,20)":0.0,"(2,18)":0.0,"(20,10)":0.0,"(8,22)":0.0,"(16,15)":31.25382921005272,"(1,15)":7.710563581721335,"(10,11)":18.177071977150238,"(12,16)":174.05850366902956,"(17,4)":0.0,"(3,1)":69.98022597062435,"(20,5)":23.601648889696,"(15,15)":0.0,"(16,21)":0.0,"(21,8)":0.0,"(16,3)":0.0,"(17,16)":265.4008640855347,"(12,8)":19.643823318707433,"(13,7)":362.90208889314283,"(3,18)":25.590918646869085,"(6,17)":0.0,"(22,19)":0.0,"(6,5)":13.927564865068414,"(16,17)":197.7708609295235,"(18,18)":0.0,"(13,11)":0.6197537410757246,"(13,18)":0.0,"(16,11)":0.0,"(2,13)":0.0,"(9,8)":0.0,"(3,4)":59.50428802092559,"(5,17)":60.22011194228562,"(5,20)":16.21069291763892,"(10,19)":0.0,"(2,3)":1.4882299976044577,"(21,17)":0.0,"(13,3)":0.030784495718715624,"(4,11)":0.0,"(6,20)":0.0,"(5,4)":22.499961192775505,"(17,1)":0.0,"(2,1)":1.965781484237504,"(20,6)":0.0,"(20,11)":1.8137522992633277,"(5,9)":0.0,"(1,4)":323.38266324708167,"(13,22)":0.0,"(19,19)":0.0,"(18,19)":0.0,"(9,18)":0.0,"(20,16)":0.0,"(3,21)":0.0,"(16,5)":0.0,"(11,22)":0.0,"(19,1)":0.0,"(13,1)":21.694955724229892,"(18,17)":0.0,"(17,18)":0.0,"(14,15)":0.0,"(2,11)":0.0,"(20,2)":11.263645931488211,"(10,10)":0.0,"(4,12)":480.63559320598085,"(2,22)":0.0,"(5,22)":0.0,"(6,12)":0.0,"(18,2)":0.0,"(16,7)":411.0358467691093,"(19,7)":0.0,"(7,21)":0.0,"(4,13)":145.7367152908743,"(6,1)":136.9672076929386,"(7,11)":0.0,"(11,6)":0.627051742122898,"(12,13)":253.80691058742934,"(18,22)":0.0,"(21,18)":0.0,"(22,11)":0.0,"(7,15)":0.0,"(7,6)":21.507481581154128,"(15,16)":15.124601542998324,"(21,16)":0.0,"(20,19)":0.0,"(11,16)":0.0,"(11,7)":0.0,"(8,14)":0.0,"(5,5)":0.0,"(2,7)":0.0,"(8,3)":103.03780545936586,"(5,21)":0.0,"(4,3)":77.98914014033578,"(2,21)":0.0,"(9,7)":0.0,"(18,15)":0.8261561261748324,"(14,3)":61.91170842479608,"(4,14)":414.22990845219675,"(18,7)":0.0,"(11,21)":0.0,"(2,10)":0.0,"(14,16)":678.9658795172259,"(14,8)":0.0,"(11,2)":0.0,"(15,6)":0.0,"(19,18)":0.0,"(8,13)":0.0,"(17,22)":0.0,"(1,19)":1.7190964361176158,"(18,20)":0.0,"(20,1)":6.401151971818925,"(3,10)":0.0,"(7,20)":0.0,"(6,14)":0.0,"(9,21)":0.0,"(13,15)":0.0,"(21,21)":0.0,"(17,15)":22.272121280529188,"(17,20)":31.497321965694425,"(20,21)":16.731397691469972,"(20,7)":0.0,"(11,1)":0.0,"(15,18)":1.2103117495371647,"(19,17)":3.0705653072451358,"(10,14)":0.0,"(1,10)":0.0,"(9,9)":0.0,"(13,16)":527.1043730816003,"(22,21)":0.0,"(12,17)":175.56343420819772,"(21,6)":0.0,"(12,14)":317.44652013665893,"(12,10)":0.0,"(19,14)":0.0,"(2,6)":0.06747572251453492,"(13,14)":757.5377365492294,"(16,1)":0.0,"(16,14)":1472.4497041144673,"(10,4)":0.0,"(1,20)":3.888402435070826,"(6,21)":0.0,"(10,12)":0.0,"(15,11)":0.0,"(16,16)":0.0,"(17,17)":0.0,"(16,22)":0.0,"(17,13)":292.16505696150136,"(19,8)":0.0,"(17,3)":0.0,"(2,8)":0.0,"(5,8)":1.3877787807814457e-17,"(13,21)":11.451622437008144,"(17,12)":411.4865617821434,"(7,22)":0.0,"(5,19)":0.0,"(1,1)":0.0,"(22,12)":0.0,"(21,19)":0.0,"(17,8)":47.42058210085081,"(10,9)":0.0,"(10,21)":0.0,"(4,19)":8.638901337002487,"(11,5)":0.0,"(14,17)":207.6225684467495,"(22,6)":0.0,"(14,14)":0.0,"(2,2)":0.0,"(17,21)":0.0,"(5,18)":0.06583057237639112,"(15,12)":5.504637501614181,"(10,16)":0.0,"(20,9)":0.0,"(7,1)":160.6362868310872,"(3,11)":0.26945746926082625,"(5,13)":0.0,"(10,13)":0.0,"(11,17)":0.0,"(14,12)":519.6507323742001,"(21,22)":0.0,"(14,5)":0.0,"(12,11)":0.0,"(15,14)":0.0,"(1,16)":0.0,"(11,18)":0.0,"(21,1)":0.0,"(22,13)":0.0,"(2,20)":0.7658430097133936,"(6,6)":0.0,"(16,8)":0.0,"(20,3)":0.3446258749002975,"(10,2)":0.0,"(4,2)":0.0,"(15,21)":0.0,"(1,6)":112.38160618728438,"(13,13)":0.0,"(19,10)":0.0,"(11,3)":67.61403346443714,"(3,19)":0.0,"(22,17)":0.0,"(22,9)":0.0,"(9,20)":0.0,"(8,6)":36.05082373705162,"(4,6)":11.002158418021548,"(15,5)":27.697164946576184,"(8,1)":0.028623751380706716,"(13,2)":0.0,"(17,2)":0.0,"(14,9)":0.0,"(9,15)":0.0,"(15,7)":0.0,"(6,10)":0.0,"(6,4)":5.16984739317547,"(10,7)":0.0,"(5,2)":0.0,"(21,7)":0.0,"(8,19)":0.20754778482164316,"(7,3)":88.49446330346838,"(12,12)":0.0,"(14,1)":155.7351839524149,"(10,3)":1.2417974023544451,"(13,6)":0.0,"(15,3)":0.0,"(20,14)":0.0,"(1,5)":2.86404733934227,"(3,5)":68.26200549281855,"(3,8)":68.26200549281853,"(9,5)":0.0,"(14,19)":0.0,"(3,6)":54.33444062775011,"(19,5)":0.0,"(7,17)":0.0,"(12,4)":208.54113063773752,"(4,21)":0.0,"(4,4)":0.0,"(13,17)":195.57952401112382,"(19,12)":0.0,"(9,4)":0.0,"(20,17)":49.13910365293175,"(22,3)":0.0,"(13,12)":383.3933039018221,"(8,11)":0.0,"(8,18)":0.0,"(6,19)":0.0,"(12,7)":40.72749148057199,"(12,18)":1.1170064367640955,"(19,22)":0.0,"(20,22)":0.0,"(14,4)":339.205851491946,"(3,15)":0.0,"(4,22)":0.0,"(2,4)":0.0,"(9,19)":0.0,"(18,16)":0.0,"(6,22)":0.0,"(19,2)":0.0,"(9,22)":0.0,"(22,1)":0.0,"(9,2)":0.0,"(14,21)":4.103107848183038,"(5,1)":1.3028486348385175,"(15,20)":9.225200685165238,"(10,6)":0.0,"(11,12)":0.0,"(8,16)":0.0,"(1,18)":0.02057248406131041,"(2,16)":0.0,"(7,13)":914.3725470928202,"(21,15)":0.0,"(8,15)":28.945024336228226,"(9,17)":0.0,"(19,16)":0.0,"(5,10)":0.0,"(18,10)":0.0,"(18,13)":0.0,"(21,10)":0.0,"(8,17)":60.22011194228562,"(8,20)":16.21069291763892,"(4,8)":8.757717471892946,"(11,20)":0.0,"(12,9)":0.0,"(7,8)":0.0,"(14,22)":0.0,"(7,7)":0.0,"(18,1)":0.0,"(22,18)":0.0,"(7,9)":0.0,"(9,14)":0.0,"(4,18)":0.0,"(19,15)":0.0,"(20,20)":0.0,"(3,22)":0.0,"(5,7)":0.0,"(11,14)":0.0,"(12,6)":0.0,"(17,5)":49.96928622710538,"(18,6)":0.26976903863197005,"(6,13)":0.0,