{"2":0.5394708083243546,"11":0.14330360842390752,"7":0.17710642895719914,"9":0.15279811887175046,"10":0.14513525188962498,"8":0.15298886340585832,"6":0.3469859509519519,"4":0.4408422065971378,"3":0.447156438154242,"5":0.3849497402713147,"12":0.14330360842390752,"1":1.0}