{"18":0.075540515470487,"30":0.041430058000432986,"33":0.033454979210230565,"32":0.03396102987065877,"2":0.5447976911838329,"16":0.10631448463447862,"11":0.11569363037541387,"21":0.07020040221124436,"7":0.15506699353233494,"9":0.1433318665302314,"25":0.06116534376639228,"10":0.1237098762752361,"26":0.05950452123942709,"29":0.04170258474162979,"34":0.03310976588007801,"35":0.03310976588007801,"19":0.07520710618531318,"17":0.07848327508576693,"8":0.14762277447227948,"22":0.06428484003431861,"6":0.1892017099051828,"24":0.061993747351542214,"4":0.3862296227588404,"3":0.436889933930162,"28":0.04539929631952794,"5":0.3333216388150012,"20":0.07234717269820862,"23":0.063149339901911,"13":0.11034742989195866,"14":0.10712631046795663,"31":0.04007019756212988,"27":0.04951224011078892,"15":0.10653416804694057,"12":0.11235620065824244,"1":1.0}