{"(7,1.5,0.1,5)":[1.0,0.06851604175142041,0.184269125706742,0.20367473409250228,0.1285769119703986,0.04931489202357849,0.01090640375696029,0.0010856867722682077],"(7,1.5,0.1,1)":[1.0,0.06675690145797797,0.17897714771367804,0.1977803517432049,0.12489957529642431,0.04793298960381605,0.010608207573632115,0.0010567437469692735],"(7,1.5,0.1,2)":[1.0,0.06723109692623283,0.18045754922365073,0.19945858436114064,0.1259662970867283,0.04834272342974907,0.010698800485420056,0.0010657571964435512],"(7,1.5,0.1,4)":[1.0,0.06844316576285718,0.18405210390478002,0.20343450259780543,0.12842811215512343,0.049259460879580025,0.010894561162220887,0.0010845492588900199],"(7,1.5,0.1,3)":[1.0,0.06752463412527261,0.1813242683182283,0.20041596266438685,0.12655838839451006,0.04856291071552113,0.010745746908716238,0.0010702564182274248],"(7,1.5,0.1,6)":[1.0,0.06851604175142041,0.184269125706742,0.20367473409250228,0.1285769119703986,0.04931489202357849,0.01090640375696029,0.0010856867722682077]}