{"4":0.05759874420719124,"2":0.057616243519365805,"3":0.05759874817132638,"5":0.0575986199855411,"6":0.0575986199855411,"1":0.05762752876501736}