{"4":0.10273206185238412,"2":0.10302182012310478,"3":0.10294553820877841,"5":0.10271589669836377,"6":0.10271589669836377,"1":0.10305322169199149}