{"4":0.10279069537629452,"2":0.10302885352097729,"3":0.10296782617004485,"5":0.10277669371739123,"6":0.10277669371739123,"1":0.10305322169199149}