{"4":0.9636055124460422,"2":0.9949569008236031,"3":0.981328520492738,"5":0.9262152890764214,"6":0.9262152890764214,"1":1.0}