{"4":0.0059368244833403845,"2":0.005936223397625405,"3":0.005936824131445708,"5":0.005936850232203335,"6":0.005936850232203335,"1":0.005935465829616949}