{"4":0.0059235873514535105,"2":0.005920891577704053,"3":0.005921536160415108,"5":0.005923751834709011,"6":0.005923751834709011,"1":0.0059197716458518216}