{"18":0.015697164694384057,"30":0.01474389093139888,"33":0.01288317387463884,"32":0.016440790365108388,"2":0.02342414707242192,"16":0.003909680117030481,"11":0.01310879784924901,"21":0.019289858552000872,"7":0.022407185035509845,"9":0.02164791055015082,"25":0.01394584510833613,"10":0.012724976215453375,"26":0.01538780646520281,"29":0.013939199626704571,"34":0.013732839579203638,"35":0.015059294817651343,"19":0.0156273918453663,"17":0.02150419244995375,"8":0.022361713904921046,"22":0.011866950029246539,"6":0.023000618624996225,"24":0.012559483246621794,"4":0.02463162226876837,"37":0.015324281822525562,"3":0.024498461905653895,"28":0.014074413506091479,"5":0.03235059124539324,"38":0.015324281822525562,"20":0.01711339904031522,"23":0.012300947201011693,"13":0.000708339907490271,"14":0.02103478089286331,"31":0.015234462707053689,"27":0.019539338456894505,"36":0.015348835979147433,"15":0.000687271556372281,"12":0.014557451554509335,"1":0.05429062899446789}