{"7":0.32478580990422606,"4":0.5037202360415826,"2":0.6504124550693393,"3":0.6064089632531743,"5":0.4384686510907693,"8":0.32478580990422606,"6":0.40119351844427475,"1":1.0}