{"0":{"(15,19)":19093.800000000007,"(20,21)":6318.100000000003,"(22,20)":7015.8,"(23,22)":9626.19999999999,"(10,11)":17735.900000000005,"(8,9)":6889.499999999996,"(13,12)":12437.899999999987,"(24,21)":10262.29999999999,"(3,1)":8117.300000000001,"(19,17)":9941.700000000012,"(4,5)":18055.9,"(17,16)":11678.699999999983,"(20,22)":7015.399999999999,"(22,21)":8615.800000000008,"(18,16)":15413.699999999997,"(6,5)":8804.099999999999,"(16,17)":11688.20000000001,"(22,15)":18383.20000000002,"(1,2)":4514.700000000003,"(22,23)":9664.099999999997,"(19,20)":8686.200000000004,"(9,8)":6843.000000000002,"(11,12)":8372.799999999992,"(3,4)":14069.500000000018,"(8,16)":8387.999999999995,"(2,6)":5972.700000000007,"(11,4)":5319.599999999999,"(17,10)":8105.399999999993,"(4,11)":5222.899999999998,"(5,4)":18076.300000000003,"(2,1)":4540.200000000002,"(5,9)":15808.999999999989,"(7,8)":12114.700000000004,"(21,24)":10311.900000000005,"(19,15)":19128.10000000004,"(10,9)":21833.499999999975,"(24,23)":7871.800000000003,"(11,14)":9783.000000000007,"(14,15)":9047.400000000014,"(10,17)":8109.300000000003,"(20,18)":19036.0,"(14,23)":8403.199999999999,"(13,24)":11122.900000000009,"(21,20)":6255.9999999999945,"(6,8)":12503.0,"(10,16)":11047.299999999983,"(12,13)":12346.000000000002,"(24,13)":11114.800000000014,"(1,3)":8142.799999999987,"(21,22)":8628.30000000001,"(12,11)":8407.300000000008,"(9,10)":21765.899999999976,"(14,11)":9821.09999999999,"(15,14)":9089.900000000005,"(10,15)":23140.600000000006,"(20,19)":8707.099999999999,"(16,10)":11076.899999999992,"(17,19)":9955.099999999979,"(15,10)":23206.599999999973,"(16,8)":8409.900000000009,"(4,3)":14086.599999999997,"(5,6)":8797.800000000005,"(23,24)":7914.099999999995,"(8,6)":12534.8,"(12,3)":10057.299999999992,"(18,7)":15884.2,"(11,10)":17611.799999999985,"(15,22)":18409.000000000007,"(6,2)":5998.200000000008,"(8,7)":12058.299999999994,"(23,14)":8398.800000000012,"(18,20)":19018.60000000003,"(16,18)":15352.700000000006,"(3,12)":10099.9,"(7,18)":15827.799999999996,"(9,5)":15823.100000000013},"4":{"(15,19)":18646.655134129862,"(20,21)":6120.746655786831,"(22,20)":6935.242833515339,"(23,22)":9667.101895962283,"(10,11)":17766.192532307097,"(8,9)":6788.43224278458,"(13,12)":12343.273181710365,"(24,21)":10294.129629328241,"(3,1)":8096.51946610404,"(19,17)":10018.062595899082,"(4,5)":18229.21443008503,"(17,16)":11594.55987143442,"(20,22)":6630.69203940639,"(22,21)":8541.55937495161,"(18,16)":16052.513299930468,"(6,5)":8785.650366069434,"(16,17)":11781.758369196657,"(22,15)":18354.069386967345,"(1,2)":4909.003616712948,"(22,23)":9684.024018529984,"(19,20)":8654.337632380928,"(9,8)":6504.238362233728,"(11,12)":8339.570147709113,"(3,4)":14043.62471383626,"(8,16)":8388.031730512192,"(2,6)":6017.720559954824,"(11,4)":5129.282873058434,"(17,10)":8757.185442875603,"(4,11)":5302.305566139229,"(5,4)":18165.285421041393,"(2,1)":4496.186777840197,"(5,9)":16035.992520325883,"(7,8)":12360.362345851418,"(21,24)":10359.198414805885,"(19,15)":18750.829846548073,"(10,9)":21283.55560023077,"(24,23)":7928.781375045341,"(11,14)":9459.459155739069,"(14,15)":9219.463669059245,"(10,17)":7999.795935751173,"(20,18)":19435.36240181592,"(14,23)":8517.438846293147,"(13,24)":11008.453542263249,"(21,20)":6091.830742729855,"(6,8)":12329.618930201406,"(10,16)":10876.79906077213,"(12,13)":12175.87434778078,"(24,13)":11156.035038944508,"(1,3)":8059.004982504993,"(21,22)":8701.85946687518,"(12,11)":8465.074838025597,"(9,10)":21861.299423343113,"(14,11)":9992.600171033699,"(15,14)":8960.477605731217,"(10,15)":22560.482551617482,"(20,19)":8757.263206470785,"(16,10)":11107.409184165846,"(17,19)":9913.27956885466,"(15,10)":23374.671969375057,"(16,8)":8492.9619862795,"(4,3)":14199.866489996251,"(5,6)":8809.554541307984,"(23,24)":7978.193330386917,"(8,6)":12517.041888312973,"(12,3)":10164.721686376019,"(18,7)":15439.472458712531,"(11,10)":17700.91171323125,"(15,22)":18280.36183378041,"(6,2)":5979.54230739816,"(8,7)":12012.26002484699,"(23,14)":8177.7467068479455,"(18,20)":19152.81665313125,"(16,18)":15798.58231447297,"(3,12)":10202.057072177537,"(7,18)":15932.437410997882,"(9,5)":16002.67539182368},"7":{"(15,19)":18723.725563074924,"(20,21)":6190.6014564608695,"(22,20)":6877.248519079923,"(23,22)":9656.680695110756,"(10,11)":17754.631589943838,"(8,9)":6782.01491006333,"(13,12)":12341.020065757666,"(24,21)":10296.312167948126,"(3,1)":8072.359003605251,"(19,17)":10001.194073276361,"(4,5)":18110.75843295906,"(17,16)":11612.192184346504,"(20,22)":6683.971131793959,"(22,21)":8546.039176203745,"(18,16)":15883.901900905386,"(6,5)":8793.041668992222,"(16,17)":11730.372285663907,"(22,15)":18334.38453320788,"(1,2)":4796.2075990388885,"(22,23)":9699.805693788541,"(19,20)":8656.391319619077,"(9,8)":6600.6671093832965,"(11,12)":8358.49073525733,"(3,4)":13998.84687728246,"(8,16)":8406.70565379858,"(2,6)":6003.982116046938,"(11,4)":5144.069828692339,"(17,10)":8639.307888279736,"(4,11)":5341.562891582786,"(5,4)":18074.92682457044,"(2,1)":4505.638540107515,"(5,9)":15973.946056619927,"(7,8)":12350.133594575347,"(21,24)":10369.57770567098,"(19,15)":18779.368467710046,"(10,9)":21450.234060180628,"(24,23)":7913.932620144187,"(11,14)":9571.702248431382,"(14,15)":9193.338787373432,"(10,17)":7966.776813688984,"(20,18)":19325.600271868527,"(14,23)":8534.63033631529,"(13,24)":11067.28446001508,"(21,20)":6117.816800967243,"(6,8)":12378.98916750088,"(10,16)":10925.095832983938,"(12,13)":12268.950103828058,"(24,13)":11116.427431868711,"(1,3)":8097.95919743075,"(21,22)":8636.722678949318,"(12,11)":8437.008111730811,"(9,10)":21927.36120604829,"(14,11)":9953.573917254354,"(15,14)":8996.503370563103,"(10,15)":22756.989706542056,"(20,19)":8714.02520484679,"(16,10)":11091.220201123588,"(17,19)":9926.410253300763,"(15,10)":23371.21081587684,"(16,8)":8482.119650942162,"(4,3)":14088.499556908382,"(5,6)":8811.904385224037,"(23,24)":7929.705656127807,"(8,6)":12506.869182914636,"(12,3)":10129.695307542122,"(18,7)":15531.621336471766,"(11,10)":17727.495331680548,"(15,22)":18346.42166682378,"(6,2)":5967.473882653113,"(8,7)":12083.779617616645,"(23,14)":8190.272415089923,"(18,20)":19205.621707923623,"(16,18)":15853.286090858466,"(3,12)":10158.192876522902,"(7,18)":15854.324882693361,"(9,5)":15954.317193968765},"2":{"(15,19)":18615.324773759687,"(20,21)":6068.00963156803,"(22,20)":6974.052276585402,"(23,22)":9678.84284927922,"(10,11)":17802.365897056963,"(8,9)":6810.979961091255,"(13,12)":12483.786577119428,"(24,21)":10297.442639483617,"(3,1)":8324.184995148764,"(19,17)":10031.895598108325,"(4,5)":18354.30289644888,"(17,16)":11586.934217229798,"(20,22)":6599.231942437355,"(22,21)":8540.725170408645,"(18,16)":16085.750157187049,"(6,5)":8791.792339291387,"(16,17)":11799.39548797671,"(22,15)":18357.578725165742,"(1,2)":5084.415145353902,"(22,23)":9675.900851187827,"(19,20)":8650.610915373112,"(9,8)":6465.351462375791,"(11,12)":8398.414363870044,"(3,4)":14152.226329646563,"(8,16)":8380.465539811681,"(2,6)":6033.702423859219,"(11,4)":5169.295810883152,"(17,10)":8816.638740815066,"(4,11)":5301.39055191115,"(5,4)":18393.91163773248,"(2,1)":4557.338692629305,"(5,9)":16080.774313135367,"(7,8)":12427.769173719647,"(21,24)":10364.928108267459,"(19,15)":18746.8418203856,"(10,9)":21311.50078132247,"(24,23)":7926.226284936024,"(11,14)":9410.694076769978,"(14,15)":9235.340233869389,"(10,17)":8015.026715505327,"(20,18)":19498.898529584054,"(14,23)":8489.65172050561,"(13,24)":10992.996109240456,"(21,20)":6095.6184048442865,"(6,8)":12322.377276421035,"(10,16)":10858.124508471326,"(12,13)":12212.232770144567,"(24,13)":11245.520640755942,"(1,3)":8120.589384748136,"(21,22)":8725.385249011155,"(12,11)":8488.226466900604,"(9,10)":21826.877925366505,"(14,11)":10034.72599514273,"(15,14)":8948.663828563904,"(10,15)":22487.91814074952,"(20,19)":8761.6099806974,"(16,10)":11128.16786602823,"(17,19)":9897.919465706738,"(15,10)":23452.494722363048,"(16,8)":8509.643300606274,"(4,3)":14445.668733526063,"(5,6)":8808.924898292917,"(23,24)":7999.5827183171905,