{"0":[4514.700000000003,8142.799999999987,4540.200000000002,5972.700000000007,8117.300000000001,14069.500000000018,10099.9,14086.599999999997,18055.9,5222.899999999998,18076.300000000003,8797.800000000005,15808.999999999989,5998.200000000008,8804.099999999999,12503.0,12114.700000000004,15827.799999999996,12534.8,12058.299999999994,6889.499999999996,8387.999999999995,15823.100000000013,6843.000000000002,21765.899999999976,21833.499999999975,17735.900000000005,23140.600000000006,11047.299999999983,8109.300000000003,5319.599999999999,17611.799999999985,8372.799999999992,9783.000000000007,10057.299999999992,8407.300000000008,12346.000000000002,12437.899999999987,11122.900000000009,9821.09999999999,9047.400000000014,8403.199999999999,23206.599999999973,9089.900000000005,19093.800000000007,18409.000000000007,8409.900000000009,11076.899999999992,11688.20000000001,15352.700000000006,8105.399999999993,11678.699999999983,9955.099999999979,15884.2,15413.699999999997,19018.60000000003,19128.10000000004,9941.700000000012,8686.200000000004,19036.0,8707.099999999999,6318.100000000003,7015.399999999999,6255.9999999999945,8628.30000000001,10311.900000000005,18383.20000000002,7015.8,8615.800000000008,9664.099999999997,8398.800000000012,9626.19999999999,7914.099999999995,11114.800000000014,10262.29999999999,7871.800000000003],"4":[4909.003616712948,8059.004982504993,4496.186777840197,6017.720559954824,8096.51946610404,14043.62471383626,10202.057072177537,14199.866489996251,18229.21443008503,5302.305566139229,18165.285421041393,8809.554541307984,16035.992520325883,5979.54230739816,8785.650366069434,12329.618930201406,12360.362345851418,15932.437410997882,12517.041888312973,12012.26002484699,6788.43224278458,8388.031730512192,16002.67539182368,6504.238362233728,21861.299423343113,21283.55560023077,17766.192532307097,22560.482551617482,10876.79906077213,7999.795935751173,5129.282873058434,17700.91171323125,8339.570147709113,9459.459155739069,10164.721686376019,8465.074838025597,12175.87434778078,12343.273181710365,11008.453542263249,9992.600171033699,9219.463669059245,8517.438846293147,23374.671969375057,8960.477605731217,18646.655134129862,18280.36183378041,8492.9619862795,11107.409184165846,11781.758369196657,15798.58231447297,8757.185442875603,11594.55987143442,9913.27956885466,15439.472458712531,16052.513299930468,19152.81665313125,18750.829846548073,10018.062595899082,8654.337632380928,19435.36240181592,8757.263206470785,6120.746655786831,6630.69203940639,6091.830742729855,8701.85946687518,10359.198414805885,18354.069386967345,6935.242833515339,8541.55937495161,9684.024018529984,8177.7467068479455,9667.101895962283,7978.193330386917,11156.035038944508,10294.129629328241,7928.781375045341],"7":[4796.2075990388885,8097.95919743075,4505.638540107515,6003.982116046938,8072.359003605251,13998.84687728246,10158.192876522902,14088.499556908382,18110.75843295906,5341.562891582786,18074.92682457044,8811.904385224037,15973.946056619927,5967.473882653113,8793.041668992222,12378.98916750088,12350.133594575347,15854.324882693361,12506.869182914636,12083.779617616645,6782.01491006333,8406.70565379858,15954.317193968765,6600.6671093832965,21927.36120604829,21450.234060180628,17754.631589943838,22756.989706542056,10925.095832983938,7966.776813688984,5144.069828692339,17727.495331680548,8358.49073525733,9571.702248431382,10129.695307542122,8437.008111730811,12268.950103828058,12341.020065757666,11067.28446001508,9953.573917254354,9193.338787373432,8534.63033631529,23371.21081587684,8996.503370563103,18723.725563074924,18346.42166682378,8482.119650942162,11091.220201123588,11730.372285663907,15853.286090858466,8639.307888279736,11612.192184346504,9926.410253300763,15531.621336471766,15883.901900905386,19205.621707923623,18779.368467710046,10001.194073276361,8656.391319619077,19325.600271868527,8714.02520484679,6190.6014564608695,6683.971131793959,6117.816800967243,8636.722678949318,10369.57770567098,18334.38453320788,6877.248519079923,8546.039176203745,9699.805693788541,8190.272415089923,9656.680695110756,7929.705656127807,11116.427431868711,10296.312167948126,7913.932620144187],"2":[5084.415145353902,8120.589384748136,4557.338692629305,6033.702423859219,8324.184995148764,14152.226329646563,10268.239534234375,14445.668733526063,18354.30289644888,5301.39055191115,18393.91163773248,8808.924898292917,16080.774313135367,6017.159180894841,8791.792339291387,12322.377276421035,12427.769173719647,15928.241566199194,12586.876544303059,11970.040612051624,6810.979961091255,8380.465539811681,16161.196690512861,6465.351462375791,21826.877925366505,21311.50078132247,17802.365897056963,22487.91814074952,10858.124508471326,8015.026715505327,5169.295810883152,17680.600505820847,8398.414363870044,9410.694076769978,10317.075406311043,8488.226466900604,12212.232770144567,12483.786577119428,10992.996109240456,10034.72599514273,9235.340233869389,8489.65172050561,23452.494722363048,8948.663828563904,18615.324773759687,18229.30058473271,8509.643300606274,11128.16786602823,11799.39548797671,15718.89493032898,8816.638740815066,11586.934217229798,9897.919465706738,15446.128848171376,16085.750157187049,19069.618282666706,18746.8418203856,10031.895598108325,8650.610915373112,19498.898529584054,8761.6099806974,6068.00963156803,6599.231942437355,6095.6184048442865,8725.385249011155,10364.928108267459,18357.578725165742,6974.052276585402,8540.725170408645,9675.900851187827,8180.634020784705,9678.84284927922,7999.5827183171905,11245.520640755942,10297.442639483617,7926.226284936024],"3":[5042.270626357655,8098.211522751546,4536.099807914069,6028.546918934428,8263.918532476571,14119.879818993551,10240.8635382576,14373.73655054567,18317.460723809294,5302.14751691912,18324.70901476265,8812.305483009073,16062.873983176196,6003.401967197541,8788.242415360093,12323.288184678166,12409.43074024628,15941.259085825839,12561.61278631825,11986.57915715388,6804.920933099391,8377.81609597106,16109.594520564162,6474.5469826524495,21835.041539352784,21297.87423929766,17790.160148243238,22497.644525378706,10861.678406550265,8011.330477789958,5158.49854145415,17679.363543472333,8381.739136015152,9425.404719170336,10270.694722765378,8480.134983370557,12196.60190473831,12442.490064656758,10994.445471066681,10022.222129905123,9233.11891281921,8502.237824008736,23423.75722162291,8957.307563664966,18622.182404215688,18235.667834203832,8501.440495303095,11121.49492812997,11792.742531405573,15752.409461543688,8799.953756378345,11583.655805642496,9899.3543216457,15449.665789040404,16094.026229821011,19099.0886831155,18743.32777488419,10030.767280784637,8652.540624306934,19489.107993705118,8763.294626516381,6080.415136691921,6608.932218761385,6096.501461922827,8715.366996563203,10361.218600460325,18356.554816083066,6966.898116273474,8538.679371290258,9671.59380944315,8178.947568802015,9680.095761175273,7993.4586377868545,11220.6701883629,10294.737797607922,7929.378418394429],