{"(7,1.5,0.1,3)":[1.0,0.0073923975079740675,-0.10204448111529842,0.42409455514257266,0.46522371852059385,0.17644803433610207,0.020938835895555542,-0.0012739926459141642],"(7,1.5,0.1,6)":[1.0,0.007358022381685913,-0.10177794311234102,0.42391220560917386,0.4650836486480058,0.17648028539394361,0.020978724145290034,-0.0012660526887558195],"(7,1.5,0.1,5)":[1.0,0.007358022381685913,-0.10177794311234102,0.42391220560917386,0.4650836486480058,0.17648028539394361,0.020978724145290034,-0.0012660526887558195],"(7,1.5,0.1,1)":[1.0,0.0736329215272812,0.2000800604463294,0.2201157275676644,0.13811165557307303,0.05271466004008065,0.011631290089596746,0.001158665545834167],"(7,1.5,0.1,4)":[1.0,0.007358022381685913,-0.10177794311234102,0.42391220560917386,0.4650836486480058,0.17648028539394361,0.020978724145290034,-0.0012660526887558195],"(7,1.5,0.1,7)":[1.0,0.007358022381685913,-0.10177794311234102,0.42391220560917386,0.4650836486480058,0.17648028539394361,0.020978724145290034,-0.0012660526887558195],"(7,1.5,0.1,2)":[1.0,0.04023466509448085,0.2228237912804021,0.30384031820321866,0.2168360813707369,0.09042579813802629,0.021218994271269383,0.002201375513760698]}