{"(7,1.5,0.1,3)":[1.0,0.07393585175306897,0.2016396505945654,0.2220424256424783,0.13936582313616155,0.05319678075679522,0.011736810950262185,0.001169008984891643],"(7,1.5,0.1,6)":[1.0,0.0739458832254356,0.20167085137808147,0.22207749036058855,0.13938790274849208,0.05320519057412599,0.011738659114223877,0.0011691923291705358],"(7,1.5,0.1,5)":[1.0,0.0739458832254356,0.20167085137808147,0.22207749036058855,0.13938790274849208,0.05320519057412599,0.011738659114223877,0.0011691923291705358],"(7,1.5,0.1,1)":[1.0,0.0736329215272812,0.2000800604463294,0.2201157275676644,0.13811165557307303,0.05271466004008065,0.011631290089596746,0.001158665545834167],"(7,1.5,0.1,4)":[1.0,0.07393617717814616,0.20164010288663956,0.2220428310626236,0.13936605079043018,0.053196860201830384,0.01173682701885933,0.0011690104537961652],"(7,1.5,0.1,2)":[1.0,0.07363456017432389,0.20085962424659856,0.22124235643658485,0.13891109128078627,0.0530453749028915,0.011708859806981059,0.0011667707699704961]}