{"(7,1.5,0.1,3)":[1.0,0.008488001812791813,-0.110584293773727,0.43183400731404226,0.46778526488911026,0.17437504848055016,0.020310171384079423,-0.0012503668661290068],"(7,1.5,0.1,6)":[1.0,0.008488001812791813,-0.110584293773727,0.43183400731404226,0.46778526488911026,0.17437504848055016,0.020310171384079423,-0.0012503668661290068],"(7,1.5,0.1,5)":[1.0,0.008488001812791813,-0.110584293773727,0.43183400731404226,0.46778526488911026,0.17437504848055016,0.020310171384079423,-0.0012503668661290068],"(7,1.5,0.1,8)":[1.0,0.008488001812791813,-0.110584293773727,0.43183400731404226,0.46778526488911026,0.17437504848055016,0.020310171384079423,-0.0012503668661290068],"(7,1.5,0.1,1)":[1.0,0.008488001812791813,-0.110584293773727,0.43183400731404226,0.46778526488911026,0.17437504848055016,0.020310171384079423,-0.0012503668661290068],"(7,1.5,0.1,4)":[1.0,0.008488001812791813,-0.110584293773727,0.43183400731404226,0.46778526488911026,0.17437504848055016,0.020310171384079423,-0.0012503668661290068],"(7,1.5,0.1,9)":[1.0,0.008488001812791813,-0.110584293773727,0.43183400731404226,0.46778526488911026,0.17437504848055016,0.020310171384079423,-0.0012503668661290068],"(7,1.5,0.1,7)":[1.0,0.008488001812791813,-0.110584293773727,0.43183400731404226,0.46778526488911026,0.17437504848055016,0.020310171384079423,-0.0012503668661290068],"(7,1.5,0.1,10)":[1.0,0.008488001812791813,-0.110584293773727,0.43183400731404226,0.46778526488911026,0.17437504848055016,0.020310171384079423,-0.0012503668661290068],"(7,1.5,0.1,2)":[1.0,0.008488001812791813,-0.110584293773727,0.43183400731404226,0.46778526488911026,0.17437504848055016,0.020310171384079423,-0.0012503668661290068]}