{"2":0.045468246200583845,"3":0.01101811909045324,"1":0.05762752876501736}