{"2":0.04546738861665495,"3":0.01103212598999341,"1":0.05762752876501736}