{"7":0.053567677137597886,"4":0.053567692555401135,"9":0.053567675518933766,"10":0.053567675518933766,"2":0.053581811958765754,"3":0.05357813815266359,"5":0.05356768367601798,"8":0.05356767605778553,"6":0.053567679305691084,"1":0.053594440342333245}