{"4":0.057588802646393794,"2":0.05761900599276982,"3":0.05758881143684769,"5":0.05758862693526266,"6":0.05758862693526266,"1":0.05762752876501736}