{"7":4.292982121193996e-5,"4":0.0004409461229918611,"2":0.017930343724582007,"3":0.0006779230359766714,"5":0.00013038575866989544,"6":4.2971741562559825e-5,"1":0.05762752876501736}