{"7":4.29295793631051e-5,"4":0.00044094480969668955,"2":0.01793034270376309,"3":0.000677921557528138,"5":0.00013038544285745273,"6":4.297149938671152e-5,"1":0.05762752876501736}