{"7":0.05356809803622004,"4":0.0535681066499808,"9":0.053568097131890355,"10":0.053568097131890355,"2":0.05357935649877348,"3":0.053574450737723586,"5":0.053568101689163816,"8":0.053568097432940845,"6":0.0535680992475098,"1":0.053594440342333245}