{"7":0.8710538238539239,"4":0.871058375975708,"9":0.8710533459432102,"10":0.8710533459432102,"2":0.9547950126751458,"3":0.9227393288628967,"5":0.8710557543257941,"8":0.8710535050392052,"6":0.871054463984024,"1":1.0}