{"7":5.611917702206069e-7,"4":5.855498066247057e-5,"2":0.0968105484797211,"3":0.00013871784540512612,"5":5.124015795341878e-6,"6":5.622761081526248e-7,"1":1.0}