{"4":0.9468062454277867,"2":0.9858056261145869,"3":0.973619821707039,"5":0.9428166165749303,"6":0.9428166165749303,"1":1.0}