{"7":0.006310987056790681,"4":0.006341209012491343,"2":0.005999915537415453,"3":0.006359242011072064,"5":0.006317594460679766,"6":0.006310948481319081,"1":0.005935465829616949}