{"2":0.005947927573545115,"3":0.006024094630668802,"1":0.005935466115327366}