{"7":0.009493718657098481,"4":0.00949373354598763,"9":0.009493760663380322,"10":0.009493760663380322,"2":0.009503569354884531,"3":0.009498373767286728,"5":0.009493724289411906,"8":0.009493718923076228,"6":0.009493721082330394,"1":0.009524282320465398}