{"(5,1.5,100.0,1)":[1.0,0.0032585489094968177,0.00639285193051609,0.005560177173713621,0.002465719285064789,0.0004550096136275501],"(4,0.5,0.1,1)":[1.0,-5.677314826746765e-8,0.021113988312499048,0.07252127809200255,0.0687080838281135],"(6,1.5,10.0,1)":[1.0,0.010115995022227852,0.039837612985579335,0.053985826046926345,0.03978553514163438,0.015943034307495545,0.0027259336943960696],"(6,1.5,0.1,1)":[1.0,0.0028686387229848623,-0.025317115312760242,0.06086655159619433,0.09072893635403892,0.024068055694648743,-0.003319912561728923],"(4,1.0,100.0,1)":[1.0,0.0005401861932300712,0.0012002232555455429,0.001046791321412874,0.00034730348520496006],"(6,0.5,1.0,1)":[1.0,0.0007243639203139227,0.005729080146333958,0.01919409858868725,0.035585351337167725,0.03602277516821059,0.01562594832647711],"(5,1.5,0.1,1)":[1.0,0.00416418368757271,-0.03440779858674896,0.0817344180113764,0.08072991816928801,0.01857660840286481],"(6,1.5,0.01,1)":[1.0,0.0020362768963532707,-0.01515627126397986,0.03981148855345442,0.10435953481930103,0.02333041009329602,-0.004455692892538077],"(6,1.0,100.0,1)":[1.0,0.0007652232905828948,0.002844547864641037,0.004949436155253301,0.004918006369964208,0.002710315307600663,0.0006481724627985249],"(3,1.0,100.0,1)":[1.0,0.00041040218822850904,0.0006066943745297274,0.00026451011201199124],"(5,1.5,0.01,1)":[1.0,0.005433612782668572,-0.03452926490704244,0.06530298595149965,0.10132216897817407,0.012275360117324384],"(4,0.5,1.0,1)":[1.0,0.00443676431010265,0.021322845703756133,0.038333910709379866,0.025857562485794287],"(6,1.0,1.0,1)":[1.0,-5.1650304257865556e-8,0.019209093998730813,0.048205222554608726,0.051364172671154645,0.026541003867632907,0.005367091822755179],"(5,0.5,100.0,1)":[1.0,4.230149394669875e-5,0.0002500409284358028,0.0006541904969838457,0.0008682303525999654,0.00047789894373246065],"(4,1.5,10.0,1)":[1.0,0.01559144065933385,0.023488122147658053,0.013747654513837094,0.0030605275923648824],"(3,1.5,10.0,1)":[1.0,0.008660624538141091,0.008519790669787555,0.0024710721885597745],"(5,0.5,0.1,1)":[1.0,-2.4820172343467647e-8,0.009236024498798241,0.04354065655446375,0.06421424977962023,0.03241019076428236],"(6,1.5,1.0,1)":[1.0,5.977046512747403e-6,-0.0010835913554148888,0.06499870503849742,0.06118381503174784,0.023222085011483304,0.003210475275020549],"(6,1.0,0.1,1)":[1.0,0.002065173495447802,-0.020730182718204877,0.057772606715790785,0.08746153504558586,0.027963840581540403,-0.004377868146858828],"(4,1.5,0.1,1)":[1.0,4.3983968544849935e-5,-0.003959099737750619,0.11796760410034213,0.0497495146132389],"(4,0.5,0.01,1)":[1.0,0.0025461863464900578,-0.02023324065093823,0.032587163414757654,0.135699891971311],"(6,0.5,0.1,1)":[1.0,-2.237241783480345e-8,0.008321428801798463,0.0386688434987933,0.06555145482990199,0.0392545442141368,-0.0029591197588889557],"(4,1.0,0.1,1)":[1.0,-4.5106914077049565e-8,0.016776611229884837,0.0951780999680833,0.05453762875489701],"(5,1.0,10.0,1)":[1.0,0.005352456021677907,0.01647380582792409,0.02185378863680265,0.014629660480371454,0.004053407163078779],"(3,0.5,0.01,1)":[1.0,0.0005487661754721733,-0.01775858893399335,0.19138312272820437],"(3,0.5,100.0,1)":[1.0,0.000102678887864076,0.00030350173250875544,0.00026460681531891163],"(5,0.5,10.0,1)":[1.0,0.00037571669003647604,0.0022276956582922757,0.005832676878366709,0.007765572050658293,0.004293197072716895],"(6,1.0,0.01,1)":[1.0,0.002011121809436585,-0.01739552656956469,0.04741018429884254,0.0947183841273001,0.028650513699447044,-0.0055221193108242654],"(6,0.5,0.01,1)":[1.0,0.00019703736077228943,-0.0047326326963303645,0.03317168736125434,0.08500969783287389,0.04729844695725751,-0.01157272260958728],"(3,0.5,0.1,1)":[1.0,0.01186842254771942,0.07864798209427636,0.08786077413527939],"(5,1.0,100.0,1)":[1.0,0.0006483864917054302,0.0019041160445935244,0.0024823880757635745,0.0016505714166117442,0.0004567174924185741],"(5,1.5,10.0,1)":[1.0,0.017565278259110306,0.038990433256505724,0.035746348029412976,0.016402066559558545,0.0031067925026844077],"(4,1.0,1.0,1)":[1.0,0.020434575467919058,0.055180614657352474,0.052220834205439784,0.018463175065968538],"(5,1.0,0.1,1)":[1.0,0.0008387935581992917,-0.013381707562216879,0.0648573838554806,0.07497818657297013,0.023557346904722727],"(6,0.5,10.0,1)":[1.0,0.00021472348750551325,0.001628862434010642,0.005714433361869939,0.011385074217603151,0.01253524428589393,0.005973715263742137],"(3,1.0,10.0,1)":[1.0,0.003875751948009782,0.005697020100811133,0.0024768223703445246],"(3,0.5,1.0,1)":[1.0,0.008650586462514721,0.02606620999524793,0.022887399179702696],"(3,0.5,10.0,1)":[1.0,0.0009725797387175666,0.0028561740680247793,0.0024823880763797245],"(3,1.0,0.01,1)":[1.0,0.0008102855028324603,-0.02176403153440809,0.19462426585828968],"(4,0.5,10.0,1)":[1.0,0.000645958443524054,0.002848509538148837,0.004953644052207649,0.0032948885114988296],"(3,1.0,1.0,1)":[1.0,0.029186719165674665,0.04615388139101521,0.020696224501252126],"(3,1.5,0.1,1)":[1.0,-3.2537088245398994e-7,0.12100633157352832,0.05954636167157411],"(5,1.0,1.0,1)":[1.0,0.005606714924064703,0.03465142382760472,0.0593503009207319,0.047393784567296364,0.015018308239489893],"(5,1.0,0.01,1)":[1.0,0.004187245202777618,-0.032016774791525315,0.06461977893030509,0.10010414605569933,0.012832609608256535],"(6,1.5,100.0,1)":[1.0,0.0052698553587883674,0.013198537673822494,0.015427561928556323,0.010291025349394554,0.0037954263885178153,0.000604972131466351],"(4,1.5,0.01,1)":[1.0,0.02687112847008521,-0.08778816301055427,0.09168264382815253,0.12086389657633996],"(6,1.0,10.0,1)":[1.0,0.004166780737340402,0.016289638866103018,0.028748116923594098,0.028990293386411087,0.0162959094100942,0.003986557100811591],"(3,1.5,1.0,1)":[1.0,0.04895425350295861,0.058986464656550955,0.01851827068555672],"(4,1.5,100.0,1)":[1.0,0.0017506435267060014,0.0025705566601308357,0.0014894328454987038,0.0003301142833349412],"(4,0.5,100.0,1)":[1.0,6.840040128830668e-5,0.00030334720926074847,0.0005290202350596466,0.0003510014766474409],"(6,0.5,100.0,1)":[1.0,2.4195956147952525e-5,0.0001790439229217369,0.0006227773604361771,0.00123759489972608,0.0013640650715227582,0.0006524227141216571],"(5,1.5,1.0,1)":[1.0,-8.640076042950433e-8,0.03213252887569397,0.0711207977015486,0.047573260969783544,0.011317964785439474],"(3,1.5,0.01,1)":[1.0,0.0009453949480537514,-0.0235827295501965,0.19608508562844537],"(3,1.5,100.0,1)":[1.0,0.0009221587893538119,0.0009106691566935338,0.0002646693547866938],"(5,0.5,0.01,1)":[1.0,0.0015960555807479858,-0.01717591920984949,0.049283838633221444,0.10258878306639119,0.013839578026767049],"(4,1.5,1.0,1)":[1.0,0.027915591994633074,0.07979888765560937,0.057345038298283545,0.01456203190070575],"(4,1.0,0.01,1)":[1.0,0.009688258868512259,-0.04604455293018066,0.06228970976997978,0.12542012298057822],"(5,0.5,1.0,1)":[1.0,0.0017789196140820284,0.011819616682035839,0.03209418696185305,0.0436907743118655,0.02471483184476258],"(4,1.0,10.0,1)":[1.0,0.004786287190016102,0.010683872202638282,0.009333784588718587,0.0031089373690018044],"(3,1.0,0.1,1)":[1.0,0.006195827074824376,0.10581716311264323,0.06913788730029322]}