{"(8,1.5,0.001,1)":[1.0,-0.0005555055846928736,0.05150598236726495,-0.3720219958570732,0.9925060045655788,-0.8464892698035216,-0.247789444500606,0.37094257123776603,0.12027506382195366],"(8,1.5,0.001,2)":[1.0,-0.0005558635766238603,0.051539512365996645,-0.37229344884850113,0.9934103865273696,-0.8478547599521127,-0.24698271159674115,0.370975780357426,0.1201398659136996],"(8,1.5,0.001,3)":[1.0,-0.0005558635766238603,0.051539512365996645,-0.37229344884850113,0.9934103865273696,-0.8478547599521127,-0.24698271159674115,0.370975780357426,0.1201398659136996]}