{"(8,1.5,0.001,4)":[1.0,-1.5113395371857295e-6,0.0007110942148814661,-0.0003528535228265762,-0.021558342637405824,0.08149483941984273,-0.09848754840485102,0.021495938179760726,0.019628440300585207],"(8,1.5,0.001,1)":[1.0,-1.1231595569723861e-6,0.0005255194850671617,0.0010121628607247539,-0.025664797612904272,0.08720501234629345,-0.10164873664139938,0.021371551228887984,0.020116365718366322],"(8,1.5,0.001,2)":[1.0,-1.515154833049882e-6,0.0007129975590663525,-0.0003659549976451709,-0.021521120904594123,0.08144505999547458,-0.09846030716714863,0.02149637155349526,0.019624593052125123],"(8,1.5,0.001,3)":[1.0,-1.5113395371857295e-6,0.0007110942148814661,-0.0003528535228265762,-0.021558342637405824,0.08149483941984273,-0.09848754840485102,0.021495938179760726,0.019628440300585207]}