{"2":0.004188745420773619,"3":0.004188745420773619,"1":0.0}