{"2":0.004124402962239815,"3":0.004124402962239815,"1":0.0}