{"7":0.008117447316198434,"4":0.008117446873941102,"2":0.008117419559477429,"3":0.008117443919594168,"5":0.008117447197072738,"8":0.008117447316198434,"6":0.008117447276593411,"1":0.0}