{"4":0.008144906521179683,"2":0.008144882015416926,"3":0.008144906521179683,"1":0.0}