{"4":0.008117443922018996,"2":0.008117419559477429,"3":0.008117443922018996,"1":0.0}