{"7":0.008144909964407485,"4":0.008144909515761816,"2":0.008144882015416926,"3":0.008144906518739808,"5":0.008144909843561036,"8":0.008144909964407485,"6":0.008144909924230373,"1":0.0}