{"4":0.9488794952405375,"2":0.9491710936897979,"3":0.9488794952405375,"1":1.0}