{"2":0.985647206187232,"3":0.985647206187232,"1":1.0}