{"7":0.9488819050170852,"4":0.9488819077056677,"2":0.9491735240859887,"3":0.9488819256658112,"5":0.948881905741277,"8":0.9488819050170852,"6":0.9488819052578528,"1":1.0}