{"4":0.0033688458332071093,"2":0.0033688563443875696,"3":0.0033688458332071093,"1":0.003620350817989293}