{"7":0.003368859658315648,"4":0.003368847809593855,"2":0.0033688563443875696,"3":0.003368846438141596,"5":0.003368848867126162,"8":0.003368859658315648,"6":0.0033688624952935126,"1":0.003620350817989293}