{"2":0.005170482342230076,"3":0.005170482342230076,"1":0.005130541078082028}