{"30":1.267194009338036,"2":1.4441846188325576,"16":1.3537046311650884,"11":1.836930827537202,"26":1.0423992161670523,"9":2.2943822461188668,"25":1.058404272657658,"10":2.5019123671580488,"19":1.2736398101556838,"17":1.7082395837402393,"6":1.3547416804356778,"24":1.053911210092728,"4":1.3658129794128762,"3":1.5543454795803051,"5":1.4411424098590755,"20":1.1532539167180922,"23":1.1257397579126427,"13":1.8335406606320561,"27":1.4163482779322276,"12":2.4226143635980018,"18":1.4528228929624722}