{"7":1.356765828045397,"22":1.0770833909241309,"14":1.030019063212042,"29":1.1752867937255418,"28":1.192408679895172,"8":1.2710336880796254,"15":1.1092363627794535,"21":1.1390771268043862,"1":1.1031084747780133}