{"30":1.6269867054333524,"2":1.6302172195565177,"16":1.3355094356382928,"11":1.7566655285197341,"26":1.687605737853732,"9":1.5511512040752573,"25":1.7135926829065566,"10":1.6840102662339,"19":1.2548652150129258,"17":1.6845387444383377,"6":1.0452889600696877,"24":1.706393294076144,"4":1.7290471114621166,"3":1.8009934895134112,"5":1.9196108099253084,"20":1.0429138696442934,"23":2.3122939729426832,"13":1.7572807012746186,"27":1.2656338248033536,"12":1.9788568732053442,"18":1.432036323990347}