{"30":1.2671940093380356,"2":1.4441846188325578,"16":1.3537046311650884,"11":1.8369308275372014,"26":1.0423992161633617,"9":2.2943822461188668,"25":1.0584042726539102,"10":2.5019123671580488,"19":1.2736398101556838,"17":1.7082395837402395,"6":1.354741680435678,"24":1.0539112100889967,"4":1.3658129794128762,"3":1.5543454795803051,"5":1.4411424098590755,"20":1.1532539167180926,"23":1.1257397608598532,"13":1.833540660632056,"27":1.416348277932226,"12":2.4226143635980018,"18":1.452822892962472}