{"7":0.46901448703230564,"4":0.5318204531099672,"2":0.5918864403691882,"3":0.5503368218363898,"5":0.48689565301007803,"8":0.46901448703230564,"6":0.47622326724053377,"1":1.0}