{"(6,1.5,0.1,4)":[1.0,0.005578200004322762,0.015529560674295213,0.01978042641914783,0.014189814605299944,0.005601586772031901,0.0009567055870075458],"(6,1.5,0.1,3)":[1.0,0.005567975762686278,0.015386807247563083,0.01955458297748828,0.014036914208736368,0.00555286811454825,0.0009507398963031463],"(6,1.5,0.1,5)":[1.0,0.005578200004322762,0.015529560674295213,0.01978042641914783,0.014189814605299944,0.005601586772031901,0.0009567055870075458],"(6,1.5,0.1,1)":[1.0,0.0032714961446067663,0.008764441997727721,0.011008036883013477,0.007854640986059746,0.00309666417574865,0.0005290345928801684],"(6,1.5,0.1,2)":[1.0,0.005524158383811147,0.015259249160925362,0.019390486868237432,0.013918654394866505,0.005506058890538912,0.0009427381191997454]}