{"(6,1.5,0.1,4)":[1.0,0.005383155164082346,0.014797466549160594,0.01877552317814714,0.013467133171446951,0.005323511571098445,0.0009106100277907867],"(6,1.5,0.1,3)":[1.0,0.005383155164082346,0.014797466549160594,0.01877552317814714,0.013467133171446951,0.005323511571098445,0.0009106100277907867],"(6,1.5,0.1,1)":[1.0,0.0032718044893480513,0.008765605555866859,0.01100961645469487,0.007855806721750826,0.00309713258289977,0.0005291155432069271],"(6,1.5,0.1,2)":[1.0,0.005383155164082346,0.014797466549160594,0.01877552317814714,0.013467133171446951,0.005323511571098445,0.0009106100277907867]}