{"0":{"(8,23)":0.8,"(21,13)":17.52,"(23,10)":9.28,"(30,38)":102.48,"(9,34)":33.12,"(12,27)":1.4400000000000002,"(27,32)":9.040000000000001,"(4,5)":532.72,"(18,21)":54.96000000000001,"(30,21)":61.28,"(36,35)":11.200000000000001,"(37,37)":0,"(11,32)":4.4,"(1,33)":59.44,"(3,38)":93.52000000000001,"(6,18)":105.12,"(36,8)":0.8,"(1,22)":57.36000000000001,"(24,31)":9.68,"(19,26)":2.8000000000000003,"(36,4)":42.800000000000004,"(36,25)":49.28,"(33,33)":0,"(13,19)":0.8,"(7,19)":55.68,"(25,12)":43.44,"(30,5)":104.88,"(19,38)":21.680000000000003,"(4,23)":30.24,"(25,32)":153.28,"(1,17)":64.88,"(30,29)":38.88,"(31,34)":66.32000000000001,"(16,32)":2.4000000000000004,"(34,30)":225.28000000000003,"(34,37)":3.44,"(26,21)":52.800000000000004,"(32,28)":26.080000000000002,"(35,22)":33.36000000000001,"(28,18)":34.64,"(17,30)":16.8,"(8,31)":41.28,"(30,13)":11.280000000000001,"(35,29)":25.52,"(4,28)":86.16000000000001,"(25,17)":1.2000000000000002,"(28,32)":27.439999999999998,"(4,24)":49.92,"(13,4)":0.8,"(7,2)":953.44,"(20,30)":31.680000000000003,"(3,13)":29.760000000000005,"(17,32)":7.840000000000001,"(6,3)":305.44,"(19,13)":5.68,"(9,23)":21.040000000000003,"(25,11)":0.8,"(24,29)":3.28,"(21,33)":26.32,"(15,25)":28.0,"(12,15)":13.680000000000001,"(35,18)":30.24,"(25,9)":0.8,"(29,35)":12.48,"(26,12)":15.680000000000001,"(11,19)":7.2,"(16,19)":3.6799999999999997,"(16,26)":1.04,"(13,20)":0.8,"(6,31)":225.12,"(31,23)":10.64,"(4,17)":133.04000000000002,"(20,25)":19.44,"(15,23)":0.8,"(6,16)":9.440000000000001,"(27,34)":8.959999999999999,"(3,33)":48.88,"(2,14)":0.8,"(30,34)":60.720000000000006,"(9,13)":2.4800000000000004,"(20,15)":26.24,"(36,13)":6.32,"(15,22)":5.84,"(26,34)":37.92,"(28,28)":0,"(8,7)":28.64,"(3,17)":82.08,"(12,21)":9.120000000000001,"(21,38)":73.12,"(15,9)":0.8,"(10,23)":0.8,"(26,36)":41.28,"(37,13)":1.6,"(26,37)":5.44,"(30,27)":7.5200000000000005,"(12,23)":0.8,"(6,15)":143.28,"(1,14)":0.8,"(7,14)":0.8,"(35,28)":23.52,"(30,35)":27.92,"(5,38)":30.8,"(24,16)":0.8,"(1,23)":20.64,"(25,16)":14.64,"(35,15)":21.28,"(35,17)":8.88,"(24,8)":0.8,"(30,30)":0,"(33,17)":13.040000000000001,"(13,33)":0.8,"(4,26)":42.88,"(3,18)":127.28,"(16,17)":4.800000000000001,"(23,3)":45.52,"(11,23)":0.8,"(5,26)":6.0,"(16,11)":0.8,"(2,27)":22.16,"(25,4)":985.9200000000001,"(30,4)":175.44000000000003,"(2,3)":486.48,"(11,24)":3.84,"(28,29)":41.120000000000005,"(37,20)":19.040000000000003,"(2,1)":936.96,"(31,27)":10.72,"(18,28)":33.44,"(23,19)":13.92,"(28,4)":143.52,"(9,18)":31.04,"(20,16)":1.8399999999999999,"(36,38)":33.04,"(27,15)":7.040000000000001,"(28,8)":0.8,"(36,3)":15.440000000000001,"(35,36)":27.680000000000003,"(7,38)":125.52000000000001,"(18,17)":9.200000000000001,"(31,38)":69.67999999999999,"(2,11)":0.8,"(25,13)":30.0,"(10,10)":0,"(38,9)":15.680000000000001,"(29,1)":73.28,"(25,18)":105.04000000000002,"(4,13)":48.800000000000004,"(35,11)":0.8,"(21,18)":75.12,"(38,1)":88.96000000000001,"(13,35)":0.8,"(20,19)":12.240000000000002,"(32,2)":193.20000000000002,"(11,16)":0.8,"(20,35)":4.88,"(36,9)":10.32,"(22,37)":4.4799999999999995,"(26,15)":14.880000000000003,"(29,6)":70.64,"(26,17)":5.28,"(14,24)":2.2399999999999998,"(8,3)":1.04,"(24,6)":14.8,"(37,11)":0.8,"(32,16)":4.24,"(11,28)":9.440000000000001,"(9,32)":35.04,"(5,23)":12.240000000000002,"(18,15)":39.44,"(36,26)":0.8,"(35,5)":54.48,"(36,29)":19.52,"(11,2)":47.04,"(25,2)":985.84,"(37,27)":1.4400000000000002,"(1,28)":60.720000000000006,"(7,37)":7.76,"(36,21)":14.480000000000002,"(20,1)":20.400000000000002,"(18,35)":27.04,"(26,13)":12.32,"(19,35)":12.32,"(21,21)":0,"(9,38)":35.28,"(35,26)":15.600000000000001,"(11,1)":28.64,"(28,16)":5.04,"(16,23)":0.8,"(32,34)":32.88,"(1,10)":60.24,"(23,15)":33.52,"(9,9)":0,"(13,16)":0.8,"(28,6)":93.04,"(30,19)":45.120000000000005,"(37,16)":1.4400000000000002,"(37,34)":10.48,"(36,37)":1.04,"(15,37)":1.2000000000000002,"(18,30)":121.84000000000002,"(19,28)":9.040000000000001,"(32,9)":17.040000000000003,"(30,33)":30.24,"(29,19)":6.640000000000001,"(19,14)":0.8,"(34,36)":33.04,"(19,24)":3.04,"(9,29)":34.080000000000005,"(19,33)":10.0,"(11,37)":1.2000000000000002,"(10,25)":10.0,"(25,3)":655.2,"(17,8)":0.8,"(10,21)":3.6799999999999997,"(33,10)":26.080000000000002,"(35,27)":5.920000000000001,"(7,23)":20.64,"(11,29)":14.4,"(38,37)":1.8399999999999999,"(17,21)":12.240000000000002,"(23,26)":4.800000000000001,"(22,26)":6.4,"(24,24)":0,"(7,1)":545.84,"(10,13)":0.8,"(14,12)":1.2000000000000002,"(15,14)":0.8,"(24,19)":3.44,"(1,16)":9.68,"(22,13)":8.88,"(23,32)":17.52,"(6,30)":86.88,"(4,2)":1685.36,"(15,21)":9.200000000000001,"(27,12)":2.64,"(24,10)":7.840000000000001,"(22,17)":17.040000000000003,"(22,9)":17.2,"(26,29)":39.84,"(27,18)":9.200000000000001,"(20,33)":10.240000000000002,"(38,33)":19.680000000000003,"(8,1)":35.44,"(13,2)":0.8,"(16,34)":3.7600000000000002,"(17,27)":2.4000000000000004,"(28,19)":19.28,"(5,29)":33.28,"(6,10)":43.44,"(33,19)":17.12,"(36,22)":9.520000000000001,"(34,4)":310.72,"(5,2)":335.36,"(21,7)":110.0,"(21,32)":23.92,"(33,11)":0.8,"(38,14)":0.8,"(35,14)":0.8,"(20,14)":0.8,"(1,5)":283.52,"(9,5)":60.720000000000006,"(8,29)":13.92,"(19,5)":31.760000000000005,"(13,38)":0.8,"(34,34)":0,"(7,17)":57.92000000000001,"(22,3)":42.88,"(4,21)":152.88,"(9,4)":161.12,"(30,8)":0.8,"(30,12)":9.28,"(7,25)":382.40000000000003,"(29,18)":37.52,"(13,30)":0.8,"(23,25)":125.75999999999999,"(24,9)":0.8,"(19,22)":11.76,"(30,22)":31.52,"(18,16)":7.68,"(26,24)":25.28,"(6,22)":70.56,"(9,2)":234.8,"(14,21)":2.64,"(37,6)":11.68,"(7,13)":27.12,"(37,3)":17.040000000000003,"(33,4)":107.92000000000002,"(24,12)":3.28,"(11,20)":20.240000000000002,"(32,13)":10.32,"(26,6)":124.56,"(18,38)":54.08,"(25,34)":113.92000000000002,"(22,18)":26.32,"(7,9)":50.64,"(8,30)":13.680000000000001,"(30,25)":186.88,"(18,26)":26.64,"(11,14)":0.8,"(30,16)":7.920000000000001,"(6,13)":28.560000000000002,"(11,13)":4.4,"(32,20)":70.08,"(6,27)":11.36,"(11,36)":3.6799999999999997,"(30,7)":85.04,"(4,7)":615.84,"(21,2)":208.88000000000002,"(29,36)":9.040000000000001,"(3,2)":990.3200000000002,"(37,35)":4.4799999999999995,"(14,11)":0.8,"(10,15)":0.8,"(36,12)":2.4800000000000004,"(18,36)":33.44,"(37,24)":2.64,"(18,8)":0.8,"(14,7)":3.44,"(18,11)":0.8,"(35,35)":0,"(23,7)":53.36000000000001,"(29,17)":4.64,"(31,35)":42.24,"(14,38)":2.2399999999999998,"(10,38)":3.04,"(7,4)":706.72,"(19,3)":35.839999999999996,"(1,9)":45.44,"(31,12)":13.280000000000001,"(6,7)":382.32,"(28,12)":7.840000000000001,"(14,30)":3.6,"(19,27)":3.6,"(13,8)":0.8,"(12,22)":4.5600000000000005,"(31,11)":0.8,"(32,17)":18.64,"(18,4)":267.76,"(15,29)":3.2,"(18,3)":161.44000000000003,"(35,1)":116.96,"(38,28)":14.880000000000003,"(13,9)":0.8,"(26,4)":297.6,"(2,35)":65.04,"(16,13)":1.2800000000000002,"(16,12)":0.8,"(35,34)":33.36000000000001,"(36,28)":10.72,"(19,4)":77.76,"(33,6)":81.52000000000001,"(29,12)":2.8000000000000003,"(28,15)":60.64,"(29,16)":1.4400000000000002,"(38,13)":7.5200000000000005,"(8,28)":5.5200000000000005,"(19,20)":78.08,"(16,2)":23.36,"(9,6)":126.08,"(10,28)":2.2399999999999998,"(20,28)":4.24,"(33,23)":5.6000000000000005,"(2,5)":433.84,"(22,4)":90.24000000000001,"(27,1)":31.439999999999998,"(3,9)":45.68000000000001,"(30,20)":207.60000000000002,"(27,37)":1.04,"(10,31)":2.64,"(19,9)":12.880000000000003,"(26,18)":33.28,"(34,20)":457.28000000000003,"(14,6)":4.64,"(14,18)":0.8,"(38,34)":24.880000000000003,"(29,29)":0,"(16,20)":10.88,"(7,12)":28.64,"(24,23)":0.8,"(21,36)":15.040000000000001,"(4,10)":86.88,"(11,30)":9.440000000000001,"(30,17)":54.24,"(19,25)":80.96000000000001,"(22,32)":15.680000000000001,"(25,29)":94.0,"(33,29)":37.68,"(3,36)":34.72,"(5,35)":17.28,"(24,13)":1.4400000000000002,"(24,38)":5.44,"(31,1)":198.96,"(32,29)":37.44,"(37,22)":4.64,"(22,10)":14.880000000000003,"(21,9)":33.839999999999996,"(9,10)":39.84,"(12,5)":12.72,"(12,2)":49.120000000000005,"(16,10)":0.8,"(21,37)":2.4800000000000004,"(5,15)":57.28,"(33,37)":4.24,"(32,35)":25.44,"(21,31)":109.2,"(11,9)":0.8,"(17,6)":27.04,"(21,11)":0.8,"(33,13)":10.72,"(22,22)":0,"(10,20)":0.8,"(2,17)":86.0,"(27,7)":17.76,