{"4":0.05496105203531474,"2":0.054960972425194175,"3":0.05496105203531474,"1":0.05503595707801301}