{"4":0.05496227740668249,"2":0.05496218010073744,"3":0.05496227740668249,"1":0.05503595707801301}