{"4":0.054955177904983804,"2":0.054956259124310056,"3":0.054956307864408076,"5":0.054955177904983804,"1":0.05503595707801301}