{"4":0.5186925618435128,"2":0.99332728370513,"3":0.5262363019992351,"5":0.5186925618435128,"1":1.0}