{"4":0.5478074095577729,"2":0.9908538566409856,"3":0.5478074095577729,"1":1.0}