{"4":0.008780966817903826,"2":0.008780958903793634,"3":0.008780966817903826,"1":0.008779771202336566}