{"7":0.10967784772997399,"4":0.11009820214401404,"2":0.11051172788154923,"3":0.11039231139457899,"5":0.10989484397540673,"8":0.10967784772997399,"6":0.10980267465638684,"1":0.11213149364083595}