{"7":0.324785809904226,"4":0.5037202360415826,"2":0.6504124550693392,"3":0.6064089632531743,"5":0.4384686510907694,"8":0.324785809904226,"6":0.40119351844427475,"1":1.0}