{"(6,3.41,1.0,35)":[1.0,0.00951028415456761,-0.05767438505177903,0.09854022168834099,0.08206470336914777,0.015328080585416813,0.0005831877152380569],"(6,3.41,1.0,8)":[1.0,0.009491940379797914,-0.057587258494955954,0.098406023238373,0.0821352520468362,0.015328632786740628,0.000576515788326327],"(6,3.41,1.0,29)":[1.0,0.00951028415456761,-0.05767438505177903,0.09854022168834099,0.08206470336914777,0.015328080585416813,0.0005831877152380569],"(6,3.41,1.0,39)":[1.0,0.00951028415456761,-0.05767438505177903,0.09854022168834099,0.08206470336914777,0.015328080585416813,0.0005831877152380569],"(6,3.41,1.0,14)":[1.0,0.00951029297364412,-0.05767441842329599,0.0985402384929347,0.08206472441413319,0.015328071192797691,0.0005831852737768946],"(6,3.41,1.0,9)":[1.0,0.009509674373498327,-0.05767149264983172,0.0985357936192721,0.08206695003249562,0.015328204354439807,0.0005829307543154542],"(6,3.41,1.0,12)":[1.0,0.009510293130212363,-0.05767441865204886,0.09854023676454626,0.08206472710302787,0.015328070575159126,0.0005831849991037117],"(6,3.41,1.0,36)":[1.0,0.00951028415456761,-0.05767438505177903,0.09854022168834099,0.08206470336914777,0.015328080585416813,0.0005831877152380569],"(6,3.41,1.0,18)":[1.0,0.00951028415456761,-0.05767438505177903,0.09854022168834099,0.08206470336914777,0.015328080585416813,0.0005831877152380569],"(6,3.41,1.0,48)":[1.0,0.00951028415456761,-0.05767438505177903,0.09854022168834099,0.08206470336914777,0.015328080585416813,0.0005831877152380569],"(6,3.41,1.0,23)":[1.0,0.00951028415456761,-0.05767438505177903,0.09854022168834099,0.08206470336914777,0.015328080585416813,0.0005831877152380569],"(6,3.41,1.0,6)":[1.0,0.009823625901924968,-0.05868268379682932,0.0984102007613649,0.08262763581336861,0.015287963650402336,0.0005447068002438849],"(6,3.41,1.0,20)":[1.0,0.00951028415456761,-0.05767438505177903,0.09854022168834099,0.08206470336914777,0.015328080585416813,0.0005831877152380569],"(6,3.41,1.0,13)":[1.0,0.00951029606809305,-0.05767443148772528,0.09854025251117177,0.08206472036547355,0.015328070459688361,0.0005831853083443108],"(6,3.41,1.0,42)":[1.0,0.00951028415456761,-0.05767438505177903,0.09854022168834099,0.08206470336914777,0.015328080585416813,0.0005831877152380569],"(6,3.41,1.0,10)":[1.0,0.00951028145200824,-0.05767436407012818,0.0985401563466736,0.08206476590311135,0.015328072546119993,0.0005831810646899994],"(6,3.41,1.0,46)":[1.0,0.00951028415456761,-0.05767438505177903,0.09854022168834099,0.08206470336914777,0.015328080585416813,0.0005831877152380569],"(6,3.41,1.0,15)":[1.0,0.009510293292464516,-0.05767441960614208,0.09854023891267581,0.08206472564561922,0.015328070592174397,0.0005831851628542919],"(6,3.41,1.0,22)":[1.0,0.00951028415456761,-0.05767438505177903,0.09854022168834099,0.08206470336914777,0.015328080585416813,0.0005831877152380569],"(6,3.41,1.0,26)":[1.0,0.00951028415456761,-0.05767438505177903,0.09854022168834099,0.08206470336914777,0.015328080585416813,0.0005831877152380569],"(6,3.41,1.0,38)":[1.0,0.00951028415456761,-0.05767438505177903,0.09854022168834099,0.08206470336914777,0.015328080585416813,0.0005831877152380569],"(6,3.41,1.0,31)":[1.0,0.00951028415456761,-0.05767438505177903,0.09854022168834099,0.08206470336914777,0.015328080585416813,0.0005831877152380569],"(6,3.41,1.0,49)":[1.0,0.00951028415456761,-0.05767438505177903,0.09854022168834099,0.08206470336914777,0.015328080585416813,0.0005831877152380569],"(6,3.41,1.0,28)":[1.0,0.00951028415456761,-0.05767438505177903,0.09854022168834099,0.08206470336914777,0.015328080585416813,0.0005831877152380569],"(6,3.41,1.0,34)":[1.0,0.00951028415456761,-0.05767438505177903,0.09854022168834099,0.08206470336914777,0.015328080585416813,0.0005831877152380569],"(6,3.41,1.0,43)":[1.0,0.00951028415456761,-0.05767438505177903,0.09854022168834099,0.08206470336914777,0.015328080585416813,0.0005831877152380569],"(6,3.41,1.0,4)":[1.0,0.010119397726053329,-0.05986748658719706,0.09939676613020842,0.08281704515655355,0.015071707306962513,0.000493993288809874],"(6,3.41,1.0,30)":[1.0,0.00951028415456761,-0.05767438505177903,0.09854022168834099,0.08206470336914777,0.015328080585416813,0.0005831877152380569],"(6,3.41,1.0,21)":[1.0,0.00951028415456761,-0.05767438505177903,0.09854022168834099,0.08206470336914777,0.015328080585416813,0.0005831877152380569],"(6,3.41,1.0,3)":[1.0,0.008649104144350278,-0.05851632925360311,0.11748172598574587,0.07376231573987811,0.009370189813806608,-0.00021516909036619676],"(6,3.41,1.0,19)":[1.0,0.00951028415456761,-0.05767438505177903,0.09854022168834099,0.08206470336914777,0.015328080585416813,0.0005831877152380569],"(6,3.41,1.0,33)":[1.0,0.00951028415456761,-0.05767438505177903,0.09854022168834099,0.08206470336914777,0.015328080585416813,0.0005831877152380569],"(6,3.41,1.0,47)":[1.0,0.00951028415456761,-0.05767438505177903,0.09854022168834099,0.08206470336914777,0.015328080585416813,0.0005831877152380569],"(6,3.41,1.0,37)":[1.0,0.00951028415456761,-0.05767438505177903,0.09854022168834099,0.08206470336914777,0.015328080585416813,0.0005831877152380569],"(6,3.41,1.0,44)":[1.0,0.00951028415456761,-0.05767438505177903,0.09854022168834099,0.08206470336914777,0.015328080585416813,0.0005831877152380569],"(6,3.41,1.0,2)":[1.0,0.008610886360209489,-0.05912868795075815,0.12177669403761023,0.07022823555273384,0.007132987889949166,-0.0005212766241285044],"(6,3.41,1.0,16)":[1.0,0.00951028415456761,-0.05767438505177903,0.09854022168834099,0.08206470336914777,0.015328080585416813,0.0005831877152380569],"(6,3.41,1.0,50)":[1.0,0.00951028415456761,-0.05767438505177903,0.09854022168834099,0.08206470336914777,0.015328080585416813,0.0005831877152380569],"(6,3.41,1.0,11)":[1.0,0.009510293569074072,-0.057674420225044924,0.09854023723763124,0.08206472806117457,0.015328070316614302,0.0005831847974031943],"(6,3.41,1.0,25)":[1.0,0.00951028415456761,-0.05767438505177903,0.09854022168834099,0.08206470336914777,0.015328080585416813,0.0005831877152380569],"(6,3.41,1.0,32)":[1.0,0.00951028415456761,-0.05767438505177903,0.09854022168834099,0.08206470336914777,0.015328080585416813,0.0005831877152380569],"(6,3.41,1.0,17)":[1.0,0.00951028415456761,-0.05767438505177903,0.09854022168834099,0.08206470336914777,0.015328080585416813,0.0005831877152380569],"(6,3.41,1.0,5)":[1.0,0.010120789116098053,-0.05987765002197862,0.0994269631242631,0.08278794511373874,0.015076938529574474,0.0004965094552511485],"(6,3.41,1.0,40)":[1.0,0.00951028415456761,-0.05767438505177903,0.09854022168834099,0.08206470336914777,0.015328080585416813,0.0005831877152380569],"(6,3.41,1.0,27)":[1.0,0.00951028415456761,-0.05767438505177903,0.09854022168834099,0.08206470336914777,0.015328080585416813,0.0005831877152380569],"(6,3.41,1.0,24)":[1.0,0.00951028415456761,-0.05767438505177903,0.09854022168834099,0.08206470336914777,0.015328080585416813,0.0005831877152380569],"(6,3.41,1.0,51)":[1.0,0.00951028415456761,-0.05767438505177903,0.09854022168834099,0.08206470336914777,0.015328080585416813,0.0005831877152380569],"(6,3.41,1.0,45)":[1.0,0.00951028415456761,-0.05767438505177903,0.09854022168834099,0.08206470336914777,0.015328080585416813,0.0005831877152380569],"(6,3.41,1.0,7)":[1.0,0.00983696175435227,-0.05874565420773638,0.09850742710349758,0.08257650672171155,0.015287496739423213,0.0005495664705975598],"(6,3.41,1.0,41)":[1.0,0.00951028415456761,-0.05767438505177903,0.09854022168834099,0.08206470336914777,0.015328080585416813,0.0005831877152380569],"(6,3.41,1.0,1)":[1.0,0.00880325615711845,-0.05039844759426826,0.07919732241817055,0.07414517588450702,0.008509243643899387,-0.0005636766292235259]}