{"2":0.1173072499603736,"11":0.11456098645860366,"39":0.1145609790915006,"46":0.1145609790915006,"25":0.1145609790915006,"42":0.1145609790915006,"29":0.1145609790915006,"8":0.11468360380052797,"20":0.1145609790915006,"14":0.1145609797914608,"31":0.1145609790915006,"33":0.1145609790915006,"18":0.1145609790915006,"26":0.1145609790915006,"35":0.1145609790915006,"17":0.1145609790915006,"49":0.1145609790915006,"44":0.1145609790915006,"4":0.1151083753597165,"37":0.1145609790915006,"45":0.1145609790915006,"13":0.11456098072901136,"30":0.1145609790915006,"1":0.11855677759010376,"47":0.1145609790915006,"32":0.1145609790915006,"50":0.1145609790915006,"40":0.1145609790915006,"7":0.1148223722741956,"9":0.11456657476311018,"43":0.1145609790915006,"34":0.1145609790915006,"3":0.11691200196093497,"38":0.1145609790915006,"36":0.1145609790915006,"48":0.1145609790915006,"12":0.11456098261887697,"16":0.1145609790915006,"21":0.1145609790915006,"10":0.11456106821975022,"19":0.1145609790915006,"51":0.1145609790915006,"22":0.1145609790915006,"6":0.11491467226977227,"24":0.1145609790915006,"28":0.1145609790915006,"5":0.11509859855703375,"23":0.1145609790915006,"27":0.1145609790915006,"41":0.1145609790915006,"15":0.11456097932451667}