{"(7,1.5,0.1,1)":[1.0,0.002828371751143407,0.009848237073307198,0.016153965731891377,0.015923999892737333,0.009733602806870094,0.0034362706868791837,0.0005402182735526979],"(7,1.5,0.1,2)":[1.0,0.003926049044720752,0.01438309901908299,0.024047938963585293,0.02416651936276056,0.015100198275422324,0.005453393787675411,0.0008760091371923929],"(7,1.5,0.1,4)":[1.0,0.003926081708631346,0.014382994802420375,0.02404760384931949,0.02416608337294322,0.015099885495652401,0.005453271235727226,0.0008759884218794449],"(7,1.5,0.1,3)":[1.0,0.003926081708631346,0.014382994802420375,0.02404760384931949,0.02416608337294322,0.015099885495652401,0.005453271235727226,0.0008759884218794449]}