{"(6,1.5,0.1,2)":[1.0,0.008186835387453009,0.024573536047607605,0.03304819624450291,0.025196872916653543,0.010613436587988271,0.0019321689294293594],"(6,1.5,0.1,1)":[1.0,0.006232994272378879,0.01792820310739348,0.02357854535573552,0.017550314490403784,0.007204948207965198,0.0012794512783165745],"(6,1.5,0.1,5)":[1.0,0.00820026040146216,0.024803153355681673,0.03342231768326985,0.02550112940337458,0.010746024194643796,0.0019569648248179083],"(6,1.5,0.1,3)":[1.0,0.008186882382203286,0.024573576558030587,0.03304821777444798,0.025196876383414994,0.01061343446899676,0.0019321681241439017],"(6,1.5,0.1,4)":[1.0,0.00820004199922088,0.024802702545234312,0.033421757051257724,0.025500710354292275,0.010745849143841165,0.0019569331908012464],"(6,1.5,0.1,6)":[1.0,0.008200042766949231,0.02480313621234947,0.03342246157625236,0.025501281512539806,0.010746097046868755,0.0019569790979541857],"(6,1.5,0.1,7)":[1.0,0.008200042766949231,0.02480313621234947,0.03342246157625236,0.025501281512539806,0.010746097046868755,0.0019569790979541857]}