{"7":0.13224007329762688,"4":0.13224008899411951,"2":0.13224552440835052,"3":0.13224552440835052,"5":0.13224007859154938,"6":0.13224007329762688,"1":0.13234296717313154}