{"4":0.054963628836453185,"2":0.0549644798767551,"3":0.05496450630599899,"5":0.054963628836453185,"1":0.05503595707801301}