{"4":0.1322306079175552,"2":0.13223061106510683,"3":0.1322306079175552,"1":0.13234296717313154}