{"4":0.13222188108153232,"2":0.13222188489084327,"3":0.13222188108153232,"1":0.13234296717313154}