{"7":0.1322679782346402,"4":0.13226799410267645,"2":0.13227297726752738,"3":0.13227297726752738,"5":0.13226798398509287,"6":0.1322679782346402,"1":0.13234296717313154}