{"7":0.5572585569435465,"4":0.5757027852839633,"2":0.9700076235813602,"3":0.5772531588225855,"5":0.5644361269005892,"6":0.5572585569435465,"1":1.0}