{"4":0.573697681268373,"2":0.9894086408057045,"3":0.573697681268373,"1":1.0}