{"7":0.008785355070723908,"4":0.008785354809121768,"2":0.008785215950299843,"3":0.00878521595642577,"5":0.008785355019459824,"6":0.008785355070723908,"1":0.008782134808233264}