{"4":0.005854578674409974,"2":0.005854578739245652,"3":0.005854578674409974,"1":0.005853541292798087}