{"4":0.008781151817926955,"2":0.008781079886409103,"3":0.0087811126312515,"5":0.008781151817926955,"1":0.008779771024458509}