{"(7,1.5,100.0,5)":[1.0,-0.0007002800012918151,0.009886989630553173,0.0609808506787042,0.07390776045682235,0.02808089576496522,-0.001631117919160092,-0.0004837513818662351],"(7,1.5,100.0,6)":[1.0,-0.0007002800012918151,0.009886989630553173,0.0609808506787042,0.07390776045682235,0.02808089576496522,-0.001631117919160092,-0.0004837513818662351],"(7,1.5,100.0,1)":[1.0,-0.0004688250574295836,0.005636733041965847,0.058216518954922324,0.07321130397606157,0.028305574588384404,-0.0015560903289863184,-0.0005397784441087127],"(7,1.5,100.0,2)":[1.0,-0.0006944338848790204,0.009775863752145815,0.06097888002992505,0.07396311648020165,0.028081946037899607,-0.0016469775300302842,-0.00048034313202816487],"(7,1.5,100.0,3)":[1.0,-0.0007008830363602894,0.009898536794966746,0.06097966495621034,0.0739027742535173,0.02808123969350476,-0.0016298575523422422,-0.00048403905577510173],"(7,1.5,100.0,4)":[1.0,-0.000700558159164812,0.009892309505304009,0.060980323061728924,0.07390546705090151,0.028081051297284804,-0.0016305366480667246,-0.0004838838051215297]}