{"(7,1.5,100.0,1)":[1.0,-0.020841611786788446,0.0028086101249366804,0.05987489431060882,0.07309677498417069,0.02719456435931816,-0.0017920900059120572,-0.0004595541626629632],"(7,1.5,100.0,3)":[1.0,-0.01241240324155924,0.006759085570748935,0.061007534891420835,0.07447279263849724,0.027652405287176617,-0.0020318752868880856,-0.00039265826048005907],"(7,1.5,100.0,4)":[1.0,-0.012412779539165864,0.006758923942959604,0.06100766942948321,0.0744729245985029,0.02765237464318998,-0.002031912594734271,-0.0003926482127426574],"(7,1.5,100.0,5)":[1.0,-0.012412779539165864,0.006758923942959604,0.06100766942948321,0.0744729245985029,0.02765237464318998,-0.002031912594734271,-0.0003926482127426574],"(7,1.5,100.0,2)":[1.0,-0.012412250365214565,0.00675912692876729,0.061007478093497554,0.07447275590305007,0.027652418454626026,-0.0020318649874598756,-0.00039266129395255727]}