{"(7,1.5,100.0,5)":[1.0,-0.0007003611273397601,0.009888674211944939,0.06098000084607034,0.07390646161383792,0.028081497439281566,-0.0016305390313106983,-0.0004839302634378965],"(7,1.5,100.0,6)":[1.0,-0.0007003611273397601,0.009888674211944939,0.06098000084607034,0.07390646161383792,0.028081497439281566,-0.0016305390313106983,-0.0004839302634378965],"(7,1.5,100.0,1)":[1.0,-0.00046882499157449234,0.005636731504860856,0.0582165190295645,0.07321130483430606,0.028305574591567947,-0.0015560905723214977,-0.0005397783905430896],"(7,1.5,100.0,2)":[1.0,-0.0006944338874328546,0.009775863806258374,0.060978880027730574,0.07396311645175394,0.028081946039453482,-0.0016469775206934723,-0.0004803431342221368],"(7,1.5,100.0,3)":[1.0,-0.000700883641592174,0.009898535062560753,0.060979664798607475,0.07390277511099534,0.02808123984869285,-0.0016298577488740008,-0.0004840390269740027],"(7,1.5,100.0,4)":[1.0,-0.0007005575400438683,0.009892297490347006,0.06098031299133959,0.07390546447843968,0.02808105168236555,-0.001630536782978102,-0.00048388391182434135]}