{"4":0.1144552449966911,"2":0.11445536723050691,"3":0.11445533434633148,"5":0.1144552449966911,"1":0.11520223401091301}