{"4":0.05843806502502995,"2":0.05844514201569694,"3":0.058438286964646126,"5":0.058437726539969696,"6":0.058437726539969696,"1":0.05841549043708848}