{"4":0.11445533434633148,"2":0.11445536723050691,"3":0.11445533434633148,"1":0.11520223401091301}