{"4":0.11470444908430008,"2":0.11470449203520083,"3":0.11470444908430008,"1":0.11520223401091301}