{"4":0.3953873221095762,"2":0.5371689074674563,"3":0.4275573157224475,"5":0.38992925048077504,"6":0.38992925048077504,"1":1.0}