{"4":0.6163449966352078,"2":0.6709741374255802,"3":0.6163449966352078,"1":1.0}