{"4":0.6199813201726416,"2":0.6512969906134598,"3":0.6205210616442218,"5":0.6199813201726416,"1":1.0}