{"4":5.862746787034147,"2":5.862970415828279,"3":5.862699939695679,"5":5.862786419305874,"6":5.862786419305874,"1":5.889919721523757}