{"4":5.883412669223334,"2":5.883411372228897,"3":5.883412669223334,"1":5.953328179393157}