{"(5,1.5,100.0,1)":[1.0,0.00297576132487318,0.005264060179952556,0.003473186107067897,0.0010994187875710403,0.00014144735307840728],"(4,0.5,0.1,1)":[1.0,0.041108629134435914,0.17308995144614425,0.22877810506122442,0.10706387650083798],"(6,1.5,10.0,1)":[1.0,0.05126169361359852,0.11498794528552253,0.10183333177492443,0.04858768297464152,0.012552906699876956,0.0014024823867933125],"(6,1.5,0.1,1)":[1.0,-2.6970531954292468e-8,0.011224646872724115,0.41832463064976905,0.37310674872974375,0.13696077380794022,0.019321014370681254],"(4,1.0,100.0,1)":[1.0,0.00047024391957113383,0.0009358329706608267,0.000617455326383353,0.00014658917539777131],"(6,0.5,1.0,1)":[1.0,0.002109534717331033,0.014196042651844803,0.03771604888390884,0.05398631454077323,0.0418430224374982,0.014024823905339203],"(5,1.5,0.1,1)":[1.0,-6.072512344881846e-7,0.2492931831201497,0.41080530304729956,0.19163013057108733,0.031520536558622685],"(6,1.5,0.01,1)":[1.0,0.03199761988250716,-0.194533426500999,0.4809763517275407,0.518879483892737,0.15080110681726513,0.009730790880064781],"(6,1.0,100.0,1)":[1.0,0.0007053656329235955,0.0023395822893983744,0.0030872765292749046,0.0021988375686498346,0.0008486841157453939,0.00014173748345465805],"(3,1.0,100.0,1)":[1.0,0.0003526828284823335,0.00046791646110139553,0.00015436382702076074],"(5,1.5,0.01,1)":[1.0,0.03614400910334382,-0.2738221923344297,0.5985417516956058,0.5225662745140213,0.11262478153676399],"(4,0.5,1.0,1)":[1.0,0.00562542597030269,0.02271366830783217,0.030172839161301167,0.01439635056506795],"(6,1.0,1.0,1)":[1.0,0.043609179305001695,0.15650598740082597,0.2096754369062192,0.14903010153555285,0.057041232548037266,0.009434340302679268],"(5,0.5,100.0,1)":[1.0,3.673779550732675e-5,0.00019496519148147587,0.0003859095666036762,0.0003664729282602662,0.00014144735263636548],"(4,1.5,10.0,1)":[1.0,0.01518865000043288,0.020442301459846234,0.00905185174508345,0.0014396350559041401],"(3,1.5,10.0,1)":[1.0,0.007935363907393576,0.00701874699769747,0.0015436382827564636],"(5,0.5,0.1,1)":[1.0,0.02196621312105395,0.12431745325761702,0.24687906912135946,0.23114523438929438,0.0873828330318752],"(6,1.5,1.0,1)":[1.0,0.028121691213149655,0.27080503406633627,0.3155561822964329,0.17178036508532185,0.047723318348078435,0.005543983687668693],"(6,1.0,0.1,1)":[1.0,0.0019367267182812992,0.15858825322989428,0.3267711766690632,0.29715613920718975,0.13461568116879924,0.02513107116164682],"(4,1.5,0.1,1)":[1.0,0.05839652669492575,0.45842122611660535,0.279530609262523,0.05335854203704379],"(4,0.5,0.01,1)":[1.0,0.005028114007847209,0.2005185665026897,0.4180089564080621,0.2642807037607714],"(6,0.5,0.1,1)":[1.0,0.012093210910205014,0.08287641313830649,0.214638420703213,0.29454648244808485,0.21689334876269808,0.06880295594841732],"(4,1.0,0.1,1)":[1.0,0.06780181014622765,0.30685514724072127,0.2521256514834676,0.06774747060721312],"(5,1.0,10.0,1)":[1.0,0.0057636439300366386,0.015360713828887563,0.015236379086043595,0.007248878482577593,0.0014016200785616118],"(3,0.5,0.01,1)":[1.0,0.003469711719458797,0.42471937356908723,0.411920312369893],"(3,0.5,100.0,1)":[1.0,8.817070646333276e-5,0.00023395822980778818,0.00015436382672253833],"(5,0.5,10.0,1)":[1.0,0.0003673779761029252,0.0019496519289878018,0.0038590956802533665,0.0036647292926661554,0.0014144735300652177],"(6,1.0,0.01,1)":[1.0,0.009285574499783612,-0.11359725898690702,0.40760465859046346,0.5060459810676678,0.1747408688795473,0.008243558181150025],"(6,0.5,0.01,1)":[1.0,-1.677609524759558e-7,0.06886807847480446,0.2723309060879267,0.38893112807933905,0.22883398618066572,0.03283475754748762],"(3,0.5,0.1,1)":[1.0,0.07268694909104699,0.19714097475384393,0.12908319533439122],"(5,1.0,100.0,1)":[1.0,0.0005878046855001291,0.0015597215232633825,0.0015436382631906578,0.0007329458557339156,0.00014144735254059793],"(5,1.5,10.0,1)":[1.0,0.02847872016863511,0.0511057543045613,0.03394444429872447,0.010797262987620408,0.001394767424767588],"(4,1.0,1.0,1)":[1.0,0.04500340757685568,0.09085467311649377,0.06034567826116646,0.014396350552332338],"(5,1.0,0.1,1)":[1.0,0.0035539606638871598,0.2598364475191685,0.3651253992028006,0.2069300611475583,0.04462182314663176],"(6,0.5,10.0,1)":[1.0,0.0002204267574317775,0.0014622389281762774,0.003859095658084432,0.005497093918098647,0.004243420576272348,0.0014173748336876759],"(3,1.0,10.0,1)":[1.0,0.0035268281598862627,0.00467916458403358,0.0015436382659546877],"(3,0.5,1.0,1)":[1.0,0.008645465460341228,0.023041070317764065,0.015236378899476887],"(3,0.5,10.0,1)":[1.0,0.0008817070285982962,0.002339582285067645,0.0015436382632531772],"(3,1.0,0.01,1)":[1.0,-1.2817056211870872e-6,0.5261518729593889,0.3085894232386649],"(4,0.5,10.0,1)":[1.0,0.0005878047537073831,0.002339582318621199,0.0030872765481777197,0.0014658917187954082],"(3,1.0,1.0,1)":[1.0,0.03375255553176078,0.045427336520391735,0.015086419561200687],"(3,1.5,0.1,1)":[1.0,0.22898727301918692,0.32603784640526434,0.08191337495991785],"(5,1.0,1.0,1)":[1.0,0.048457964485378785,0.1314273149791815,0.12908319408385763,0.06009602520946798,0.01128851767262452],"(5,1.0,0.01,1)":[1.0,0.005348724702871489,-0.0877667120879627,0.44144507364671387,0.4731335888829958,0.139059015821761],"(6,1.5,100.0,1)":[1.0,0.005252120288844073,0.011664541954326079,0.010284555825468087,0.004892992951308172,0.0012614580638923465,0.00014071173941161797],"(4,1.5,0.01,1)":[1.0,-4.0298484518836925e-7,0.1654304000589373,0.5456226655819302,0.16227899764278703],"(6,1.0,10.0,1)":[1.0,0.006750511359634261,0.022713668471148044,0.0301728392907909,0.021594525921309823,0.008368604525807715,0.0014024823972596937],"(3,1.5,1.0,1)":[1.0,0.07594324989363833,0.06814100476232911,0.015086419558212225],"(4,1.5,100.0,1)":[1.0,0.0015870727888292145,0.0021056240931810375,0.0009261829668769761,0.00014658917223211085],"(4,0.5,100.0,1)":[1.0,5.8780470109505445e-5,0.00023395822911222882,0.0003087276529808429,0.00014658917123815604],"(6,0.5,100.0,1)":[1.0,2.2042686560753514e-5,0.00014622389673163088,0.0003859095697422293,0.0005497093954490127,0.00042434206033518484,0.00014173748444802522],"(5,1.5,1.0,1)":[1.0,0.11651475432149377,0.2790670899663717,0.20139997566304416,0.06667034377913786,0.008800307530877795],"(3,1.5,0.01,1)":[1.0,-1.3901276533832198e-6,0.5707845494989913,0.2620426547879387],"(3,1.5,100.0,1)":[1.0,0.0007935363254660818,0.0007018746855014332,0.00015436382632552867],"(5,0.5,0.01,1)":[1.0,-1.871979000858573e-7,0.07684665656567369,0.298765004439064,0.39971283563008414,0.19267817576463683],"(4,1.5,1.0,1)":[1.0,0.13083650409372746,0.17742687524825193,0.07744991647016045,0.012019205046172916],"(4,1.0,0.01,1)":[1.0,-5.134611668121418e-7,0.2108579529923958,0.4754047568978234,0.18891644394884796],"(5,0.5,1.0,1)":[1.0,0.0035158912241158116,0.01892805689932674,0.037716048918665694,0.03599087638623243,0.013947674155073548],"(4,1.0,10.0,1)":[1.0,0.00470243769336975,0.009358329221565483,0.006174553082218636,0.001465891717358096],"(3,1.0,0.1,1)":[1.0,0.16434905989134166,0.28104876614503443,0.09844291468328355]}