{"4":0.11542786266346808,"2":0.1159958101260779,"3":0.1158644070773835,"5":0.11539339471522383,"6":0.11539339471522383,"1":0.11656133469008934}