{"4":0.6712105918902672,"2":0.7966564203526453,"3":0.7546920681270455,"5":0.6540576243035293,"6":0.6540576243035293,"1":1.0}