{"(6,9)":0.0,"(18,3)":0.13969031223759293,"(21,13)":2.115386865553995,"(22,16)":0.0,"(15,17)":2.042898609216593,"(22,14)":0.0,"(13,9)":0.0,"(8,9)":0.0,"(17,14)":350.03137144164043,"(9,1)":0.0,"(16,6)":0.0,"(16,12)":303.40931588879215,"(16,13)":564.5774241163997,"(22,2)":0.0,"(7,16)":452.14448657231435,"(1,12)":231.72020674045953,"(4,5)":0.0,"(11,8)":6.6591099370656055,"(18,21)":0.0,"(19,4)":0.0,"(20,13)":2.6519000525599323,"(15,4)":11.50560791563736,"(6,18)":0.0,"(5,16)":0.0,"(4,9)":0.0,"(8,4)":3.540125780891289,"(1,22)":0.0,"(22,15)":0.0,"(1,2)":0.0,"(17,9)":0.0,"(19,20)":0.0,"(14,2)":0.0,"(6,11)":0.0,"(16,2)":0.0,"(8,21)":0.0,"(9,6)":0.0,"(8,2)":0.0,"(21,3)":0.0,"(13,19)":0.0,"(7,19)":0.0,"(8,12)":0.0,"(11,4)":0.0,"(17,10)":0.0,"(1,17)":0.0,"(18,5)":0.0,"(2,5)":0.0,"(8,5)":1.8299995850532693,"(3,16)":0.0,"(14,13)":517.3470903397484,"(22,4)":0.0,"(3,9)":0.0,"(15,2)":0.031066931662119202,"(19,6)":0.0,"(19,9)":0.0,"(18,12)":0.0,"(15,1)":0.0,"(14,6)":0.3055250504677455,"(14,18)":0.0,"(21,4)":0.0,"(22,7)":0.0,"(13,4)":157.82225338915336,"(16,20)":0.0,"(7,12)":310.10523267792695,"(10,22)":0.0,"(12,19)":0.0,"(4,10)":0.0,"(10,8)":3.630770813137512,"(7,2)":0.0,"(11,15)":0.0,"(10,17)":0.0,"(3,13)":0.0,"(20,8)":7.75767970648484,"(6,3)":13.492139494103286,"(1,7)":147.10368026672782,"(19,13)":0.0,"(21,20)":5.736247879777742,"(8,8)":0.0,"(1,3)":15.448051071593005,"(4,15)":0.0,"(22,10)":0.0,"(21,9)":0.0,"(11,11)":0.0,"(12,15)":3.9472853272604915,"(9,10)":0.0,"(12,5)":6.138585016416406,"(12,2)":0.0,"(20,4)":11.297805487376129,"(9,3)":0.0,"(16,4)":206.76288730555308,"(16,10)":0.0,"(17,19)":3.7504849615238505,"(11,19)":0.0,"(16,19)":0.0,"(4,1)":334.53587874625435,"(13,20)":3.6208610142237467,"(5,15)":0.21192738330648558,"(16,9)":0.0,"(4,17)":0.0,"(5,12)":0.0,"(5,14)":0.0,"(17,11)":0.0,"(6,16)":0.0,"(22,22)":0.0,"(2,14)":0.0,"(11,9)":0.0,"(17,6)":0.0,"(20,12)":3.4490942751217015,"(21,11)":0.0,"(9,13)":0.0,"(20,15)":7.396379602382192,"(10,20)":0.0,"(11,10)":3.028339123928093,"(15,22)":0.0,"(2,17)":0.0,"(6,2)":0.0,"(21,14)":2.327376118725766,"(8,7)":0.0,"(4,20)":0.0,"(3,17)":0.0,"(2,15)":0.0,"(12,21)":0.0,"(1,8)":0.0,"(22,8)":0.0,"(21,5)":0.0,"(1,13)":193.6050272722623,"(3,12)":0.0,"(3,14)":0.0,"(5,11)":0.0,"(15,9)":0.0,"(9,11)":0.0,"(6,15)":0.0,"(1,14)":266.3119015883116,"(7,14)":895.8910121215838,"(12,1)":117.68197545850876,"(8,10)":2.9918311567619384,"(14,10)":0.0,"(10,5)":0.0,"(15,8)":7.965482134746069,"(15,19)":0.2726310792093595,"(21,12)":0.0,"(22,20)":0.0,"(2,18)":0.0,"(20,10)":0.0,"(8,22)":0.0,"(16,15)":1.828381908693923,"(1,15)":0.0,"(10,11)":7.142685039078805,"(12,16)":160.1796389358371,"(17,4)":2.4868995751603505e-15,"(3,1)":15.832553477845192,"(20,5)":9.587679291538109,"(15,15)":0.0,"(16,21)":0.0,"(21,8)":0.0,"(16,3)":0.0,"(17,16)":185.30429239444692,"(12,8)":4.308585431363138,"(13,7)":320.98746503867824,"(3,18)":1.891850941113473,"(6,17)":0.0,"(22,19)":0.0,"(6,5)":0.0,"(16,17)":130.10778453996824,"(18,18)":0.0,"(13,11)":0.0,"(13,18)":0.0,"(16,11)":0.0,"(2,13)":0.0,"(9,8)":0.0,"(3,4)":16.559078310098506,"(5,17)":2.2548259925230782,"(5,20)":0.0,"(10,19)":0.0,"(2,3)":1.1103561676270801,"(21,17)":0.0,"(13,3)":0.0,"(4,11)":0.0,"(6,20)":0.0,"(5,4)":1.71012619583802,"(17,1)":0.0,"(2,1)":0.0,"(20,6)":0.0,"(20,11)":0.0,"(5,9)":0.0,"(1,4)":223.5917841760416,"(13,22)":0.0,"(19,19)":0.0,"(18,19)":0.0,"(9,18)":0.0,"(20,16)":0.0,"(3,21)":0.0,"(16,5)":0.0,"(11,22)":0.0,"(19,1)":0.0,"(13,1)":116.98482403540768,"(18,17)":0.0,"(17,18)":0.0,"(14,15)":0.0,"(2,11)":0.0,"(20,2)":0.03484797073729602,"(10,10)":0.0,"(4,12)":313.5599321644179,"(2,22)":0.0,"(5,22)":0.0,"(6,12)":0.0,"(18,2)":0.0,"(16,7)":389.3384115550779,"(19,7)":0.0,"(7,21)":0.0,"(4,13)":250.96542229622077,"(6,1)":29.324692971948476,"(7,11)":0.0,"(11,6)":4.761283299016807,"(12,13)":188.2459608690573,"(18,22)":0.0,"(21,18)":0.0,"(22,11)":0.0,"(7,15)":0.0,"(7,6)":4.6837159428210535,"(15,16)":0.0,"(21,16)":0.0,"(20,19)":0.23789673771669154,"(11,16)":0.0,"(11,7)":0.24494098996894595,"(8,14)":0.0,"(5,5)":0.0,"(2,7)":0.0,"(8,3)":18.664767444235718,"(5,21)":0.0,"(4,3)":15.124641663344432,"(2,21)":0.0,"(9,7)":0.0,"(18,15)":0.0,"(14,3)":13.43051667744903,"(4,14)":390.3531850122701,"(18,7)":0.0,"(11,21)":0.0,"(2,10)":0.0,"(14,16)":505.76853498490925,"(14,8)":0.0,"(11,2)":0.0,"(15,6)":0.0,"(19,18)":0.0,"(8,13)":0.0,"(17,22)":0.0,"(1,19)":0.0,"(18,20)":0.0,"(20,1)":0.0,"(3,10)":0.0,"(7,20)":0.0,"(6,14)":0.0,"(9,21)":0.0,"(13,15)":0.0,"(21,21)":0.0,"(17,15)":3.477853882314491,"(17,20)":9.729621522637782,"(20,21)":4.958756547595705,"(20,7)":0.0,"(11,1)":0.0,"(15,18)":0.0,"(19,17)":0.0,"(10,14)":0.0,"(1,10)":0.0,"(9,9)":0.0,"(13,16)":396.7306240667798,"(22,21)":0.0,"(12,17)":95.47360033647708,"(21,6)":0.0,"(12,14)":239.26063331822922,"(12,10)":0.0,"(19,14)":0.0,"(2,6)":0.0,"(13,14)":536.743361349172,"(16,1)":126.64009925180738,"(16,14)":1101.0598813471934,"(10,4)":0.0,"(1,20)":0.0,"(6,21)":0.0,"(10,12)":0.0,"(15,11)":0.0,"(16,16)":0.0,"(17,17)":0.0,"(16,22)":0.0,"(17,13)":238.69654341084663,"(19,8)":0.0,"(17,3)":0.0,"(2,8)":0.0,"(5,8)":0.0,"(13,21)":2.306856495035772,"(17,12)":275.7316126856974,"(7,22)":0.0,"(5,19)":0.0,"(1,1)":0.0,"(22,12)":0.0,"(21,19)":0.0,"(17,8)":11.44333601706056,"(10,9)":0.0,"(10,21)":0.0,"(4,19)":0.0,"(11,5)":0.0,"(14,17)":167.4963991248775,"(22,6)":0.0,"(14,14)":0.0,"(2,2)":0.0,"(17,21)":0.0,"(5,18)":0.0,"(15,12)":3.6568967033829316,"(10,16)":0.0,"(20,9)":0.0,"(7,1)":147.2877529967294,"(3,11)":7.447660193294189,"(5,13)":0.0,"(10,13)":0.0,"(11,17)":0.0,"(14,12)":414.04627911214095,"(21,22)":0.0,"(14,5)":0.0,"(12,11)":0.0,"(15,14)":0.0,"(1,16)":162.7777352390421,"(11,18)":0.0,"(21,1)":0.0,"(22,13)":0.0,"(2,20)":0.0,"(6,6)":0.0,"(16,8)":0.0,"(20,3)":0.0,"(10,2)":0.0,"(4,2)":0.0,"(15,21)":0.08644627797414367,"(1,6)":29.812234141297317,"(13,13)":0.0,"(19,10)":0.0,"(11,3)":18.25342279312009,"(3,19)":0.0,"(22,17)":0.0,"(22,9)":0.0,"(9,20)":0.0,"(8,6)":5.172627950132437,"(4,6)":1.6325021692411474,"(15,5)":9.795481719799339,"(8,1)":0.0,"(13,2)":0.0,"(17,2)":0.0,"(14,9)":0.0,"(9,15)":0.0,"(15,7)":0.0,"(6,10)":0.0,"(6,4)":2.1948952403941964,"(10,7)":0.0,"(5,2)":0.0,"(21,7)":0.0,"(8,19)":0.0,"(7,3)":18.175855436924337,"(12,12)":0.0,"(14,1)":157.7195706372541,"(10,3)":0.0,"(13,6)":0.0,"(15,3)":0.0,"(20,14)":0.0,"(1,5)":0.0,"(3,5)":12.28294621847043,"(3,8)":8.843077642221381,"(9,5)":0.0,"(14,19)":0.0,"(3,6)":14.364183069704309,"(19,5)":0.0,"(7,17)":101.95243151228263,"(12,4)":122.54276061225443,"(4,21)":0.0,"(4,4)":0.0,"(13,17)":156.33141160674808,"(19,12)":0.0,"(9,4)":0.0,"(20,17)":9.439278211598785,"(22,3)":0.0,"(13,12)":302.03295957239243,"(8,11)":0.0,"(8,18)":0.0,"(6,19)":0.0,"(12,7)":106.04637030773556,"(12,18)":0.0,"(19,22)":0.0,"(20,22)":0.0,"(14,4)":277.6822342909998,"(3,15)":0.0,"(4,22)":0.0,"(2,4)":0.0,"(9,19)":0.0,"(18,16)":0.0,"(6,22)":0.0,"(19,2)":0.0,"(9,22)":0.0,"(22,1)":0.0,"(9,2)":0.0,"(14,21)":2.139068638401882,"(5,1)":0.0,"(15,20)":6.251767640323289,"(10,6)":0.0,"(11,12)":0.0,"(8,16)":0.0,"(1,18)":0.0,"(2,16)":0.0,"(7,13)":750.8517014055344,"(21,15)":0.0,"(8,15)":3.6517959595555323,"(9,17)":0.0,"(19,16)":0.0,"(5,10)":0.0,"(18,10)":0.0,"(18,13)":0.0,"(21,10)":0.0,"(8,17)":5.6946945687721255,"(8,20)":2.2993815692354005,"(4,8)":0.0,"(11,20)":0.0,"(12,9)":0.0,"(7,8)":0.0,"(14,22)":0.0,"(7,7)":0.0,"(18,1)":0.0,"(22,18)":0.0,"(7,9)":0.0,"(9,14)":0.0,"(4,18)":0.0,"(19,15)":0.0,"(20,20)":0.0,"(3,22)":0.0,"(5,7)":0.0,"(11,14)":0.0,"(12,6)":0.0,"(17,5)":13.27333560211383,"(18,6)":0.0,"(6,13)":0.0,"(11,13)":0.0,"(2,19)":0.0,"(19,11)":0.0,"(20,18)":0.0,"(13,5)":0.0,"(4,7)":178.98841039068617,"(6,8)":0.0,"(21,2)":0.0,"(12,20)":2.594870936940358,"(7,5)":0.0,"(2,9)":0.0,"(3,2)":3.1915814645915837,"(14,11)":0.0,"(10,15)":0.0,"(3,7)":19.417196747838425,"(15,10)":0.0,"(15,13)":0.0,"(18,8)":0.0,"(14,7)":421.0365233405247,"(18,11)":0.0,"(9,16)":0.0,"(4,16)":247.73592216300057,"(14,20)":0.0,"(22,5)":0.0,"(5,6)":3.3426283650791673,"(2,12)":0.0,"(12,3)":0.0,"(9,12)":0.0,"(13,10)":0.0,"(17,7)":237.04619084952495,