{"(6,9)":0.0,"(18,3)":42.66776871969958,"(21,13)":15.40602256209881,"(22,16)":0.0,"(15,17)":29.793959932450818,"(22,14)":0.0,"(13,9)":17.278566313018732,"(8,9)":5.706334806104303,"(9,1)":0.0,"(17,14)":0.0,"(16,6)":0.0,"(16,12)":1.366906587918493e-16,"(16,13)":383.1051253232867,"(22,2)":0.0,"(7,16)":178.9214222536659,"(1,12)":169.25133371535793,"(4,5)":0.0,"(11,8)":63.91778113673894,"(18,21)":0.0,"(19,4)":0.0,"(20,13)":12.315354490937787,"(15,4)":19.723853585167813,"(6,18)":16.130080849321853,"(5,16)":0.0,"(4,9)":0.0,"(8,4)":0.0,"(1,22)":0.0,"(22,15)":0.0,"(1,2)":18.930620929445105,"(17,9)":0.0,"(19,20)":0.0,"(14,2)":0.0,"(6,11)":0.0,"(16,2)":0.0,"(8,21)":47.88194841153843,"(9,6)":0.0,"(8,2)":0.0,"(21,3)":24.37188044559379,"(13,19)":0.0,"(7,19)":0.0,"(8,12)":0.0,"(11,4)":0.0,"(17,10)":0.0,"(1,17)":0.0,"(18,5)":0.0,"(2,5)":0.0,"(8,5)":0.19003683065058186,"(3,16)":0.0,"(14,13)":359.38814246628476,"(22,4)":0.0,"(3,9)":0.0,"(15,2)":0.0,"(19,6)":0.0,"(19,9)":5.566883887063828,"(18,12)":0.0,"(15,1)":0.0,"(14,6)":20.294024911319287,"(14,18)":0.0,"(21,4)":0.0,"(22,7)":0.0,"(13,4)":15.154470156411717,"(16,20)":0.0,"(7,12)":0.0,"(10,22)":0.0,"(12,19)":0.0,"(4,10)":0.0,"(10,8)":26.270099406764388,"(7,2)":0.0,"(11,15)":0.05094432609464118,"(10,17)":13.509067617942154,"(3,13)":0.0,"(20,8)":0.0,"(6,3)":42.31597663875084,"(1,7)":53.21519063315294,"(19,13)":0.0,"(21,20)":20.4867577754869,"(8,8)":0.0,"(1,3)":115.27416873119186,"(4,15)":3.3061142761185764,"(22,10)":0.0,"(21,9)":25.576694577863787,"(11,11)":0.0,"(12,15)":25.310168816970055,"(9,10)":0.0,"(12,5)":0.0,"(12,2)":0.0,"(20,4)":0.0,"(9,3)":0.0,"(16,4)":-1.0935252703347944e-15,"(16,10)":0.0,"(17,19)":25.024765581060887,"(11,19)":7.419142640726993,"(16,19)":0.0,"(4,1)":252.39496042212753,"(13,20)":5.080735213388091,"(5,15)":17.05449610313664,"(16,9)":0.0,"(4,17)":0.0,"(5,12)":0.0,"(5,14)":0.0,"(17,11)":0.0,"(6,16)":0.0,"(22,22)":0.0,"(2,14)":0.0,"(11,9)":0.0,"(17,6)":0.0,"(20,12)":2.381988419086453,"(21,11)":29.112439513474072,"(9,13)":2.631309024115504,"(20,15)":27.69215723605649,"(10,20)":20.78075866725874,"(11,10)":37.64768172997453,"(15,22)":0.0,"(2,17)":0.0,"(6,2)":0.0,"(21,14)":29.969861830150734,"(8,7)":6.028146665507426,"(4,20)":0.0,"(3,17)":0.0,"(2,15)":0.0,"(12,21)":0.0,"(1,8)":0.0,"(22,8)":0.0,"(21,5)":0.0,"(1,13)":0.0,"(3,12)":0.0,"(3,14)":0.0,"(5,11)":0.0,"(15,9)":6.294789753388767,"(9,11)":0.0,"(6,15)":0.0,"(1,14)":0.0,"(7,14)":603.3797399329743,"(12,1)":43.41675570022065,"(8,10)":21.161052726626632,"(14,10)":0.0,"(10,5)":0.0,"(15,8)":23.013235419246936,"(15,19)":9.331768969983257,"(21,12)":0.0,"(22,20)":0.0,"(2,18)":0.0,"(20,10)":38.29913167860154,"(8,22)":0.0,"(16,15)":43.29465805872877,"(1,15)":0.0,"(10,11)":32.62432806381032,"(12,16)":43.575853319183985,"(17,4)":0.0,"(3,1)":128.5342510863786,"(20,5)":0.0,"(15,15)":0.0,"(16,21)":0.0,"(21,8)":62.11550876330722,"(16,3)":0.0,"(17,16)":150.70068632821872,"(12,8)":0.0,"(13,7)":219.9130268120349,"(3,18)":47.750728969780404,"(6,17)":0.0,"(22,19)":0.0,"(6,5)":0.0,"(16,17)":143.27120973695955,"(18,18)":0.0,"(13,11)":54.91254530154618,"(13,18)":0.0,"(16,11)":0.0,"(2,13)":0.0,"(9,8)":0.0,"(3,4)":52.66321696069279,"(5,17)":46.84845603558745,"(5,20)":5.702558816386655,"(10,19)":0.0,"(2,3)":10.044686970812126,"(21,17)":0.06764924026398447,"(13,3)":14.806153326939189,"(4,11)":0.0,"(6,20)":0.0,"(5,4)":0.0,"(17,1)":0.0,"(2,1)":13.99753363606144,"(20,6)":0.9475955124609541,"(20,11)":64.7662061602874,"(5,9)":0.0,"(1,4)":177.06148797540948,"(13,22)":0.0,"(19,19)":0.0,"(18,19)":0.0,"(9,18)":0.0,"(20,16)":0.0,"(3,21)":5.807143020433768,"(16,5)":0.0,"(11,22)":0.0,"(19,1)":0.0,"(13,1)":0.0,"(18,17)":0.0,"(17,18)":0.0,"(14,15)":0.0,"(2,11)":0.0,"(20,2)":0.0,"(10,10)":0.0,"(4,12)":260.79504189674856,"(2,22)":0.0,"(5,22)":0.0,"(6,12)":0.0,"(18,2)":0.0,"(16,7)":166.6224098345214,"(19,7)":0.0,"(7,21)":0.0,"(4,13)":4.602718358676483,"(6,1)":170.8502277251294,"(7,11)":0.0,"(11,6)":21.15144722799593,"(12,13)":127.44256531485108,"(18,22)":0.0,"(21,18)":0.0,"(22,11)":0.0,"(7,15)":0.0,"(7,6)":40.0984624602177,"(15,16)":16.282346847224492,"(21,16)":0.0,"(20,19)":0.0,"(11,16)":0.0,"(11,7)":0.0,"(8,14)":0.0,"(5,5)":0.0,"(2,7)":1.171872142857502,"(8,3)":42.680728292407125,"(5,21)":0.0,"(4,3)":45.970110126486254,"(2,21)":0.0,"(9,7)":0.0,"(18,15)":0.0,"(14,3)":62.61000155007012,"(4,14)":102.21485744511752,"(18,7)":2.822667663556502,"(11,21)":0.0,"(2,10)":0.0,"(14,16)":291.86936091771236,"(14,8)":0.0,"(11,2)":0.0,"(15,6)":0.0,"(19,18)":0.0,"(8,13)":32.88265230804308,"(17,22)":0.0,"(1,19)":0.0,"(18,20)":0.0,"(20,1)":0.0,"(3,10)":0.0,"(7,20)":0.0,"(6,14)":0.0,"(9,21)":10.170657476766843,"(13,15)":0.0,"(21,21)":0.0,"(17,15)":15.692996611077637,"(17,20)":60.74338718237238,"(20,21)":33.62142192918008,"(20,7)":0.0,"(11,1)":0.0,"(15,18)":4.57200013957486,"(19,17)":0.0,"(10,14)":0.0,"(1,10)":0.0,"(9,9)":0.0,"(13,16)":289.7118593723329,"(22,21)":0.0,"(12,17)":133.79840180062092,"(21,6)":3.255584016486205,"(12,14)":120.72196369238215,"(12,10)":1.730258704028448,"(19,14)":0.0,"(2,6)":0.0,"(13,14)":420.4430853587311,"(16,1)":0.0,"(16,14)":670.608463605558,"(10,4)":0.0,"(1,20)":0.0,"(6,21)":0.0,"(10,12)":0.0,"(15,11)":44.13469130229913,"(16,16)":0.0,"(17,17)":0.0,"(16,22)":0.0,"(17,13)":84.25496513670537,"(19,8)":0.0,"(17,3)":0.0,"(2,8)":0.0,"(5,8)":0.0,"(13,21)":21.30606743824228,"(17,12)":282.9969103789524,"(7,22)":0.0,"(5,19)":0.0,"(1,1)":0.0,"(22,12)":0.0,"(21,19)":0.0,"(17,8)":38.706232030324564,"(10,9)":0.02475642952192042,"(10,21)":32.00907656170944,"(4,19)":0.0,"(11,5)":0.0,"(14,17)":23.233886371471993,"(22,6)":0.0,"(14,14)":0.0,"(2,2)":0.0,"(17,21)":0.0,"(5,18)":3.6839624456135893,"(15,12)":31.092159041074687,"(10,16)":0.0,"(20,9)":22.99368215456545,"(7,1)":26.457201023704364,"(3,11)":0.0,"(5,13)":0.0,"(10,13)":18.794330955109594,"(11,17)":0.0,"(14,12)":115.11602861899807,"(21,22)":0.0,"(14,5)":0.0,"(12,11)":24.115235055614985,"(15,14)":0.0,"(1,16)":0.0,"(11,18)":0.0,"(21,1)":0.0,"(22,13)":0.0,"(2,20)":0.0,"(6,6)":0.0,"(16,8)":0.0,"(20,3)":21.753167955851698,"(10,2)":0.0,"(4,2)":0.0,"(15,21)":8.353741249368024,"(1,6)":160.90355456296675,"(13,13)":0.0,"(19,10)":15.03082082352762,"(11,3)":63.467423866746785,"(3,19)":0.0,"(22,17)":0.0,"(22,9)":0.0,"(9,20)":2.5968757371687925,"(8,6)":0.36475165365627893,"(4,6)":3.6541334877354115,"(15,5)":23.203272249897513,"(8,1)":0.0,"(13,2)":0.0,"(17,2)":0.0,"(14,9)":0.0,"(9,15)":0.0,"(15,7)":0.0,"(6,10)":0.0,"(6,4)":7.033831128917882,"(10,7)":0.0,"(5,2)":0.0,"(21,7)":0.0,"(8,19)":0.0,"(7,3)":82.41443909896853,"(12,12)":0.0,"(14,1)":19.999988446005954,"(10,3)":0.0,"(13,6)":0.0,"(15,3)":3.889957568346454,"(20,14)":0.0,"(1,5)":0.0,"(3,5)":38.91483513367473,"(3,8)":32.99763663384345,"(9,5)":0.0,"(14,19)":0.0,"(3,6)":45.6293858317749,"(19,5)":0.0,"(7,17)":0.0,"(12,4)":89.49691855929312,"(4,21)":0.0,"(4,4)":0.0,"(13,17)":107.14863003329239,"(19,12)":0.0,"(9,4)":0.0,"(20,17)":57.48611716850731,"(22,3)":0.0,"(13,12)":112.18998515911333,"(8,11)":0.0,"(8,18)":3.207544693248974,"(6,19)":0.0,"(12,7)":0.0,"(12,18)":0.04264702945335939,"(19,22)":0.0,"(20,22)":0.0,"(14,4)":167.3040318830784,"(3,15)":0.0,"(4,22)":0.0,"(2,4)":0.0,"(9,19)":0.0,"(18,16)":0.0,"(6,22)":0.0,"(19,2)":0.0,"(9,22)":0.0,"(22,1)":0.0,"(9,2)":0.0,"(14,21)":30.385205423218586,"(5,1)":0.0,"(15,20)":45.05039057129474,"(10,6)":0.0,"(11,12)":0.0,"(8,16)":2.627314295461997,"(1,18)":8.431149591281342,"(2,16)":0.0,"(7,13)":500.797468062533,"(21,15)":0.0,"(8,15)":22.97169460296791,"(9,17)":1.61566819415091,"(19,16)":0.0,"(5,10)":0.0,"(18,10)":0.0,"(18,13)":0.0,"(21,10)":41.021695936214755,"(8,17)":52.76565453541872,"(8,20)":11.619757316217926,"(4,8)":0.0,"(11,20)":47.68778649916061,"(12,9)":0.21458146644311613,"(7,8)":0.0,"(14,22)":0.0,"(7,7)":0.0,"(18,1)":0.0,"(22,18)":0.0,"(7,9)":0.0,"(9,14)":0.0,"(4,18)":5.911187938840042,"(19,15)":0.0,"(20,20)":0.0,"(3,22)":0.0,"(5,7)":6.506630109170093,"(11,14)":0.0,"(12,6)":0.0,"(17,5)":38.89626886097516,"(18,6)":17.65911045523737,"(6,13)":0.0,