{"(6,9)":0.0,"(18,3)":219.0379062920065,"(21,13)":14.614123123155716,"(22,16)":0.0,"(15,17)":76.36779223756284,"(22,14)":0.0,"(13,9)":0.0,"(8,9)":0.0,"(17,14)":184.91562705485555,"(9,1)":0.036631754368863165,"(16,6)":0.0,"(16,12)":176.16662742926633,"(16,13)":657.7530217801493,"(22,2)":0.0,"(7,16)":241.86650243595406,"(1,12)":358.5700487715385,"(4,5)":0.0,"(11,8)":103.30544623624026,"(18,21)":0.0,"(19,4)":0.0,"(20,13)":14.393275360930865,"(15,4)":66.87844449878527,"(6,18)":11.692685992139959,"(5,16)":0.0,"(4,9)":24.53358481755365,"(8,4)":4.316194224097374,"(1,22)":0.0,"(22,15)":0.0,"(1,2)":4.775627419436654,"(17,9)":0.0,"(19,20)":0.0,"(14,2)":0.0,"(6,11)":0.0,"(16,2)":0.0,"(8,21)":1.4272149712621047,"(9,6)":0.0,"(8,2)":0.0,"(21,3)":69.78890468816451,"(13,19)":0.0,"(7,19)":0.0,"(8,12)":36.36643637179956,"(11,4)":0.0,"(17,10)":0.0,"(1,17)":0.0,"(18,5)":0.0,"(2,5)":0.0,"(8,5)":0.0,"(3,16)":0.0,"(14,13)":653.8752659927384,"(22,4)":0.0,"(3,9)":74.63813014314769,"(15,2)":18.035217053314003,"(19,6)":0.0,"(19,9)":0.0,"(18,12)":0.0,"(15,1)":13.841114494719651,"(14,6)":10.085719453126295,"(14,18)":0.0,"(21,4)":0.0,"(22,7)":0.0,"(13,4)":80.95039135011514,"(16,20)":0.0,"(7,12)":22.207215194988063,"(10,22)":0.0,"(12,19)":0.0,"(4,10)":0.0,"(10,8)":19.805137777745372,"(7,2)":0.0,"(11,15)":5.408040622189558,"(10,17)":0.035491301531785126,"(3,13)":0.0,"(20,8)":17.773343776309947,"(6,3)":159.12072439081146,"(1,7)":293.8320406548275,"(19,13)":0.0,"(21,20)":12.895477820522427,"(8,8)":0.0,"(1,3)":249.23657825470255,"(4,15)":57.16312703805688,"(22,10)":0.0,"(21,9)":0.025937885567902295,"(11,11)":0.0,"(12,15)":50.234448340429445,"(9,10)":0.0,"(12,5)":28.203405864826077,"(12,2)":0.0,"(20,4)":22.089538000407316,"(9,3)":141.93935431680012,"(16,4)":2.0794271302643192,"(16,10)":0.0,"(17,19)":46.301325369831545,"(11,19)":9.433277579854526,"(16,19)":0.0,"(4,1)":458.42025799593426,"(13,20)":0.0,"(5,15)":68.65791573919688,"(16,9)":0.0,"(4,17)":0.0,"(5,12)":18.42346739876746,"(5,14)":0.0,"(17,11)":0.0,"(6,16)":0.0,"(22,22)":0.0,"(2,14)":0.0,"(11,9)":0.0,"(17,6)":0.0,"(20,12)":0.0,"(21,11)":49.03176289089552,"(9,13)":0.0,"(20,15)":28.23073656956931,"(10,20)":0.0,"(11,10)":83.50030845849491,"(15,22)":0.0,"(2,17)":0.0,"(6,2)":0.0,"(21,14)":21.78469976389772,"(8,7)":44.732843657853266,"(4,20)":11.715887776777977,"(3,17)":0.052619751890034934,"(2,15)":34.654056040561926,"(12,21)":0.5069851216381146,"(1,8)":0.0,"(22,8)":0.0,"(21,5)":0.0,"(1,13)":47.951373200698114,"(3,12)":0.0,"(3,14)":0.0,"(5,11)":0.0,"(15,9)":0.0,"(9,11)":0.0,"(6,15)":0.0,"(1,14)":246.484221458504,"(7,14)":1062.1990248036766,"(12,1)":181.5097727672017,"(8,10)":6.619609367929844,"(14,10)":0.0,"(10,5)":0.0,"(15,8)":62.562250274687926,"(15,19)":4.578686801554852,"(21,12)":0.0,"(22,20)":0.0,"(2,18)":33.90631123624754,"(20,10)":8.869907361104794,"(8,22)":0.0,"(16,15)":95.1378194751392,"(1,15)":22.98112065388555,"(10,11)":45.99799456691386,"(12,16)":114.88107562312979,"(17,4)":0.0,"(3,1)":293.33498738518415,"(20,5)":6.1996940939659435,"(15,15)":0.0,"(16,21)":0.0,"(21,8)":21.016297972056197,"(16,3)":0.0,"(17,16)":284.01090000735513,"(12,8)":39.77705554717009,"(13,7)":369.29428107720224,"(3,18)":139.17247861879463,"(6,17)":0.0,"(22,19)":0.0,"(6,5)":4.344973817911448,"(16,17)":242.20433390686256,"(18,18)":0.0,"(13,11)":31.7298770319507,"(13,18)":0.0,"(16,11)":0.0,"(2,13)":0.0,"(9,8)":0.0,"(3,4)":172.6298429731443,"(5,17)":145.02570797675972,"(5,20)":23.210676477918007,"(10,19)":0.0,"(2,3)":1.480480263720139,"(21,17)":4.244482054903144,"(13,3)":58.00564063386462,"(4,11)":0.0,"(6,20)":0.0,"(5,4)":15.889843906441376,"(17,1)":0.0,"(2,1)":15.411581521362015,"(20,6)":0.0,"(20,11)":40.64891906675433,"(5,9)":21.227895100754626,"(1,4)":328.5843520739111,"(13,22)":0.0,"(19,19)":0.0,"(18,19)":0.0,"(9,18)":0.0,"(20,16)":0.0,"(3,21)":1.2261213872687706,"(16,5)":0.0,"(11,22)":0.0,"(19,1)":0.0,"(13,1)":3.123066346049479,"(18,17)":0.0,"(17,18)":0.0,"(14,15)":0.0,"(2,11)":0.0,"(20,2)":0.0,"(10,10)":0.0,"(4,12)":466.31642469762744,"(2,22)":0.0,"(5,22)":0.0,"(6,12)":0.0,"(18,2)":0.0,"(16,7)":318.1523348573514,"(19,7)":0.0,"(7,21)":0.0,"(4,13)":120.72727712678714,"(6,1)":452.45571177599555,"(7,11)":0.0,"(11,6)":0.0,"(12,13)":246.71885073304657,"(18,22)":0.0,"(21,18)":0.0,"(22,11)":0.0,"(7,15)":0.0,"(7,6)":60.754102180395705,"(15,16)":77.72576114943494,"(21,16)":0.0,"(20,19)":0.0,"(11,16)":0.0,"(11,7)":0.0,"(8,14)":0.0,"(5,5)":0.0,"(2,7)":63.56411801846296,"(8,3)":158.73557997714377,"(5,21)":0.0,"(4,3)":154.41938575304638,"(2,21)":0.0,"(9,7)":0.0,"(18,15)":6.0574969555298255,"(14,3)":169.20644384393765,"(4,14)":414.51853738459306,"(18,7)":29.657806782215427,"(11,21)":0.0,"(2,10)":0.0,"(14,16)":557.6024968721144,"(14,8)":0.0,"(11,2)":0.0,"(15,6)":0.0,"(19,18)":0.0,"(8,13)":0.0,"(17,22)":0.0,"(1,19)":0.0,"(18,20)":0.0,"(20,1)":0.0,"(3,10)":2.19391006829249,"(7,20)":0.0,"(6,14)":0.0,"(9,21)":0.0,"(13,15)":0.0,"(21,21)":0.0,"(17,15)":41.72263856827669,"(17,20)":69.2950423749451,"(20,21)":34.90273438548093,"(20,7)":0.0,"(11,1)":0.0,"(15,18)":71.62940635890227,"(19,17)":49.79908234405263,"(10,14)":0.0,"(1,10)":0.0,"(9,9)":0.0,"(13,16)":475.01500489008345,"(22,21)":0.0,"(12,17)":254.4356925779923,"(21,6)":0.0,"(12,14)":270.6334054007928,"(12,10)":0.0,"(19,14)":0.0,"(2,6)":0.0,"(13,14)":717.8126816677466,"(16,1)":0.0,"(16,14)":1238.5230160475003,"(10,4)":0.0,"(1,20)":0.0,"(6,21)":0.0,"(10,12)":0.0,"(15,11)":20.298314542079808,"(16,16)":0.0,"(17,17)":0.0,"(16,22)":0.0,"(17,13)":211.49938878750402,"(19,8)":0.04289747709195012,"(17,3)":0.0,"(2,8)":0.0,"(5,8)":0.0,"(13,21)":20.509459024550075,"(17,12)":448.2176362957944,"(7,22)":0.0,"(5,19)":0.21695947280447703,"(1,1)":0.0,"(22,12)":0.0,"(21,19)":0.0,"(17,8)":104.2848888429646,"(10,9)":0.0,"(10,21)":0.20899770630296124,"(4,19)":0.0,"(11,5)":0.0,"(14,17)":130.69265877897678,"(22,6)":0.0,"(14,14)":0.0,"(2,2)":0.0,"(17,21)":0.0,"(5,18)":34.68460859145514,"(15,12)":22.78519472751783,"(10,16)":0.0,"(20,9)":0.007126207096082487,"(7,1)":135.6722052688474,"(3,11)":45.73142735087629,"(5,13)":0.0,"(10,13)":0.0,"(11,17)":0.0,"(14,12)":397.8135816418557,"(21,22)":0.0,"(14,5)":0.0,"(12,11)":16.53443445853328,"(15,14)":0.0,"(1,16)":0.0,"(11,18)":0.0,"(21,1)":0.06256963993676545,"(22,13)":0.0,"(2,20)":0.0,"(6,6)":0.0,"(16,8)":0.0,"(20,3)":69.30456218797202,"(10,2)":0.0,"(4,2)":0.0,"(15,21)":11.444546485114362,"(1,6)":406.02665870879525,"(13,13)":0.0,"(19,10)":0.2662432759588036,"(11,3)":141.95938071693993,"(3,19)":0.0,"(22,17)":0.0,"(22,9)":0.0,"(9,20)":0.0,"(8,6)":0.0,"(4,6)":0.0,"(15,5)":50.988600592343914,"(8,1)":0.0,"(13,2)":0.0,"(17,2)":0.0,"(14,9)":0.0,"(9,15)":0.0,"(15,7)":0.0,"(6,10)":0.0,"(6,4)":15.839762519051469,"(10,7)":0.0,"(5,2)":0.0,"(21,7)":0.0,"(8,19)":18.159928445836588,"(7,3)":219.87482657120717,"(12,12)":0.0,"(14,1)":106.68547454157783,"(10,3)":76.23657662256079,"(13,6)":0.0,"(15,3)":47.64408670396325,"(20,14)":0.0,"(1,5)":0.0,"(3,5)":161.13505427200425,"(3,8)":143.1920852989722,"(9,5)":0.0,"(14,19)":0.0,"(3,6)":156.79008045409282,"(19,5)":0.0,"(7,17)":0.0,"(12,4)":207.94189177126745,"(4,21)":0.0,"(4,4)":0.0,"(13,17)":187.92362879694576,"(19,12)":0.0,"(9,4)":0.0,"(20,17)":104.5985288071321,"(22,3)":0.0,"(13,12)":322.98655964911734,"(8,11)":0.0,"(8,18)":16.965795794170425,"(6,19)":0.0,"(12,7)":40.03162381024861,"(12,18)":49.78223022480619,"(19,22)":0.0,"(20,22)":0.0,"(14,4)":297.5488485456434,"(3,15)":0.0,"(4,22)":0.0,"(2,4)":0.6111506382536644,"(9,19)":0.0,"(18,16)":0.0,"(6,22)":0.0,"(19,2)":0.0,"(9,22)":0.0,"(22,1)":0.0,"(9,2)":0.0,"(14,21)":21.45083065508027,"(5,1)":8.673617379884035e-19,"(15,20)":27.572403806668383,"(10,6)":0.0,"(11,12)":1.716987162507935,"(8,16)":0.0,"(1,18)":38.68193865568419,"(2,16)":0.0,"(7,13)":760.3341245458714,"(21,15)":0.0,"(8,15)":86.60088471222899,"(9,17)":0.0,"(19,16)":0.0,"(5,10)":0.0,"(18,10)":0.0,"(18,13)":0.0,"(21,10)":9.677416512762768,"(8,17)":162.96867694979184,"(8,20)":41.1536454509501,"(4,8)":-1.1102230246251565e-16,"(11,20)":22.76304147866587,"(12,9)":0.0,