{"2":[2149.911734295103,1792.2367631362897,32.33657670201719,44.820318536950296,0.26727867168095815,0.0,2145.1622118547693,1797.515625325361,89.3195179637344,149.3927167395701,86.10573114864296,53.47581395965334,0.0,0.0,3230.0330914837964,3230.0330914837964,2593.663337967644,2593.663337967644,905.2402414524756,473.75174139354715,16.729813762974487,49.164679256144645,917.3665476076236,475.5806729474334,0.0,0.0,4232.7876590579535,3096.7299113865374,2319.2242478259445,1309.5436280958306,4232.7876590579535,3096.7299113865374,1.2581172147642752,4.411639829511308,3.2651030331159805,6.7663354471493316,920.5931373638881,459.6583558417473,4232.7876590579535,3096.7299113865374,2319.2242478259445,1295.5940911133357,0.0,0.0,1070.1993796903207,1063.703153727151,2064.7894602957017,2063.0036902751103,28.253803043963842,4.0898452873678774,44.69182519751719,2.348750907320713,1125.3795991005295,1367.1906117550946,5.198169741366465,2.2514226507608788,2.279721956409945,0.7368976684997256,211.66744785566556,463.10584054596404,0.0,0.0,2823.554851369084,3524.6838203358066,0.0,0.0,966.7451414414129,966.7451414414129,2124.2089481451794,2124.2089481451794,183.3944947738801,432.6296132748035,926.7152475647538,1759.64533251595],"11":[1239.4497175707336,1012.1751675974351,170.42877174681865,266.0035510441282,1.4882299976044577,0.0,1187.641723636192,1046.6867185198084,458.728198544688,746.4965922102917,362.1386244211977,229.05327612987494,0.0,0.0,1333.3893742387086,1361.55065607098,1118.5456948999597,1143.453104031374,1130.4829970265355,870.6688198219774,111.1456341096954,283.430658224135,1154.5376207876539,838.8182901126727,0.0,0.0,1914.754443666514,1247.8811657583328,1846.4326498748787,1206.7708771970447,1913.9845424631878,1237.0434936224838,7.005301873655481,23.659530447028814,20.58703801682484,36.77067257953561,1180.020066566953,785.3694787229113,1913.9845424631878,1238.2116622598035,1846.163192405618,1144.6451052846062,0.0,0.0,811.7783564334504,787.4352214779353,1478.6160593556983,1475.5454940484533,106.48712750400463,24.169551120095427,176.83324278345617,12.703258999073995,1075.1563971172939,1234.9564048465782,29.430215301982727,17.588670765072976,12.564825806177263,4.103107848183038,495.9350127974576,698.9792815086457,0.0,0.0,1446.2061763086485,2102.768997378738,0.0,0.0,886.5884479639753,886.5884479639753,1872.6819833144696,1872.6819833144696,394.6130162020016,609.0675154795408,632.2267825974495,1167.0787796446807],"0":[1624.0320294331905,1273.125371229501,1608.827695913402,1959.7343541170915,40.064597685734846,146.69035952651666,1109.2117688025367,651.6793487580653,1629.5399640625856,2087.0723841070567,455.7366144231029,239.9646364299623,268.2600483317743,235.8321245225358,1073.5728439320612,1073.5728439320612,879.1640594721265,879.1640594721265,1199.264320887951,1184.3405871057937,439.1146873951663,680.8751294464969,984.6582023423219,649.9558965362964,119.30166976006659,439.08024178393464,620.0093938115004,243.02847135386622,334.7198038830248,726.6244601228162,863.5214553836661,806.3191049499001,188.5895336654318,102.77742676137784,489.4331395825477,455.742113392419,1324.8935423029804,1076.003343401009,1108.925201160187,999.6017700124958,743.3927478150777,1101.6063778647404,220.72227560594735,1.7822158335598242e-10,663.1905825110983,663.1905825110982,712.6799685390347,712.6799685390347,148.97489067535872,148.97489067535872,120.80696737915643,120.80696737915643,579.4207656224319,292.2227620822747,315.1107558210798,315.1107558210798,110.45965036536383,110.45965036536383,727.0376060092796,677.5482199813432,92.42653792828764,143.87982193318578,517.8071592676686,649.4787402369171,334.7178549778698,319.6171900240347,200.64212338179968,200.64212338179968,82.1073093894244,82.1073093894244,1071.0051799057337,1072.9690778826957,1115.6455422301196,1113.6816442531579],"7":[1311.2007379677302,1083.9794231741207,131.75009927314812,201.0229517302175,1.1286939774291507,0.0,1277.8137455958006,1117.5025717344602,358.62911990322493,588.0107332120521,302.9128843451677,190.63464729181374,0.0,0.0,1585.1218808867984,1602.022358811716,1286.8339807828693,1301.1303492639668,1071.6417303984892,791.2061665703086,80.7709844583814,213.75806409737012,1101.7699334837882,777.0571722970777,0.0,0.0,2218.7793895534105,1481.4800133470558,1937.3497477355556,1211.8947456783724,2218.7793895534105,1477.45345403049,5.312916718246106,18.182531131306906,13.788238717239228,28.126200581592478,1120.0217581552095,727.9459791325469,2218.7793895534105,1477.45345403049,1937.2372940592363,1160.1593756835105,0.0,0.0,855.123997876387,833.0420588935827,1599.4851976392026,1597.7059829247983,90.24535827817346,16.89927251599949,153.8622733275571,9.733297718857912,1087.4533838071243,1268.6680736035655,21.57962777367185,12.512446453343099,9.441794619597385,3.111853090208538,429.9121485250745,655.5477907785587,0.0,0.0,1607.1882534256008,2306.713662621232,0.0,0.0,908.1003454307274,908.1003454307274,1941.9256315389284,1941.9256315389284,342.43943130721686,568.4936072562343,632.398801483359,1249.6127074294343],"9":[1246.718399143187,1023.5943037812615,156.51588397673396,242.57211915423795,1.3569716578260926,0.0,1202.2453856105442,1058.531114825472,423.1631187340501,690.3502672386601,342.33721863375854,216.30982081198795,0.0,0.0,1400.5773832775842,1424.5777300990928,1160.7851376848348,1181.5520650856342,1111.4997558306459,845.0382549577641,99.8432782263834,257.96715511675495,1138.5960989375685,820.1559026537805,0.0,0.0,2000.336349758635,1310.2489775083595,1877.0393474375096,1207.9149887732242,2000.1494436419916,1301.9540357304882,6.387450939954119,21.68100485776895,17.27346821566287,33.6357754941487,1161.393813390017,767.7286513125131,2000.1494436419916,1302.3066600316395,1876.7721906270035,1149.1325915648677,0.0,0.0,825.8683970442984,801.9753882103278,1519.5639301652009,1516.9702996085284,101.55111379102837,20.944835870783088,169.81577619743072,11.627760714137821,1079.4663746809208,1246.8413984064775,26.52202998375121,15.717842371494484,11.280428033280918,3.7412235124614126,474.21661243631024,685.2424829280608,0.0,0.0,1486.9623393990835,2159.8635242411183,0.0,0.0,894.3450395922314,894.3450395922314,1897.5242597186177,1897.5242597186177,376.5499784691852,595.2057534570415,632.0143452569307,1194.7278144839465],"10":[1240.645581133351,1014.359445162302,167.58771759151279,261.22408303965335,1.4612198568264911,0.0,1190.4136510820413,1049.0413202425498,451.53434637243856,735.0882181121127,358.24806337345785,226.55548573626527,0.0,0.0,1346.35484661049,1373.6818058701404,1126.6991952578785,1150.7292761636413,1126.94487438724,865.7898854432843,108.82170562791573,278.1619235179813,1151.5895504035773,835.4127085067946,0.0,0.0,1931.4357075306243,1259.785013699196,1852.543134934168,1206.9965498833353,1930.8035545879975,1249.4636664761833,6.878161451742095,23.254651800784394,19.820643249962256,36.127837572158185,1176.496074637112,782.1076158555977,1930.8035545879975,1250.4002844328095,1852.2670131687837,1145.5099061687042,0.0,0.0,814.4708539578445,790.2325729205137,1486.7672625540247,1483.79552465816,105.58569963608035,23.43400110107548,175.5316929655553,12.482959806139828,1076.025630398707,1237.3601513477538,28.824764883725493,17.202506448186284,12.252106254980841,4.028639842038158,491.7201300365505,696.3708480595216,0.0,0.0,1454.2182230554447,2114.0349575246046,0.0,0.0,888.1743837843043,888.1743837843043,1877.7487067886345,1877.7487067886345,390.98945230913796,606.303436674683,632.1644306634071,1172.568153541619],