{"(6,0.5,0.001,3)":[1.0,0.0009038792940764483,-0.026307375557570876,0.2325817766623896,0.4800581790882718,0.30860315418365925,0.041177949877008464],"(6,0.5,0.001,6)":[1.0,0.0008546885967363212,-0.02545290908263633,0.23068482311483163,0.480627446217575,0.3100484708773615,0.0403198992953654],"(6,0.5,0.001,4)":[1.0,0.0008572477081169993,-0.025497354525998335,0.23078364928316322,0.4805973327803583,0.30997385803787414,0.04036431000733752],"(6,0.5,0.001,1)":[1.0,0.0011558619615481083,-0.030365634256517997,0.24151238503829245,0.47740263314563625,0.30181669550488394,0.045196638936476734],"(6,0.5,0.001,5)":[1.0,0.0008546885967363212,-0.02545290908263633,0.23068482311483163,0.480627446217575,0.3100484708773615,0.0403198992953654],"(6,0.5,0.001,2)":[1.0,0.000904081012303722,-0.026309677383798573,0.2325613756297161,0.48014284333600077,0.3085036624638789,0.041214103989793464]}