{"(8,1.5,0.01,19)":[1.0,0.056167808755362314,0.17860434647988788,0.23777266103111022,0.18785471420858074,0.09566067269914007,0.031393244397594396,0.006148257740232197,0.0005537740195624815],"(8,1.5,0.01,1)":[1.0,0.05945581645811264,0.16559550731431846,0.20476915684867852,0.15290538594693115,0.07431901476232412,0.023460335325046208,0.004452495486503033,0.0003915202065546045],"(8,1.5,0.01,13)":[1.0,0.0588213480210507,0.17328993029899598,0.22207979842287,0.17068514320446937,0.08499090410180445,0.02737351626095534,0.005279169153041869,0.0004698217801970569],"(8,1.5,0.01,9)":[1.0,0.06300817959031123,0.1762196044388795,0.21771535342147239,0.16230714988712422,0.07874451858533352,0.024809807635373972,0.004699551303014219,0.00041249218572699697],"(8,1.5,0.01,16)":[1.0,0.05734696939478397,0.17197281656185776,0.22301936486762433,0.17303822869394833,0.08683800110874747,0.02814857071467553,0.005456526264480762,0.0004874918786291114],"(8,1.5,0.01,10)":[1.0,0.05913674615805069,0.17357025724276673,0.22187753134097718,0.17018453657218022,0.08460031197532103,0.02721054653072151,0.005242085973350743,0.00046614706252968475],"(8,1.5,0.01,12)":[1.0,0.05884483423711626,0.17331497311880262,0.22206460611247264,0.17064305277433994,0.08495714215523287,0.027359182507800364,0.005275862151359074,0.0004694902254205666],"(8,1.5,0.01,4)":[1.0,0.06057526023534645,0.16886467218249485,0.20870026079602874,0.15572836850970628,0.07563460480530017,0.023857783652825162,0.0045246130889295836,0.0003975906852620679],"(8,1.5,0.01,8)":[1.0,0.062366498750082176,0.17427787143801915,0.21534340302309193,0.1605830462216202,0.07793302698168542,0.024562572282018087,0.004654354289195916,0.0004086623933640833],"(8,1.5,0.01,21)":[1.0,0.05733721784645256,0.17422943006007344,0.22767229117368176,0.17764914742949453,0.08953762542191641,0.029116106808304294,0.005656218832157837,0.0005059694705836045],"(8,1.5,0.01,5)":[1.0,0.06134195788870504,0.17117802751152691,0.21154163849999813,0.15780689652935312,0.07661964346241185,0.024160130905894917,0.004580325801204866,0.00040234969293920664],"(8,1.5,0.01,20)":[1.0,0.0524264052274845,0.17621359403119413,0.239946096915874,0.19242635483097795,0.0991931657665361,0.03290282389369943,0.006504177283698849,0.0005903752707129937],"(8,1.5,0.01,15)":[1.0,0.05838124735129849,0.1728988872829877,0.22235999421388208,0.17138480946757198,0.08553972445910724,0.02760374386871191,0.005331852965341629,0.00047507161382372165],"(8,1.5,0.01,3)":[1.0,0.05984816575003687,0.16676848152146662,0.20620735770166448,0.1539614535943767,0.07482382258815438,0.02361721304835682,0.004481830938896455,0.0003940642697421094],"(8,1.5,0.01,17)":[1.0,0.05779691040940351,0.17237376852442798,0.22273534267383313,0.17232452458870293,0.08627670379285286,0.027912402525478986,0.005402290247098754,0.0004820666056528979],"(8,1.5,0.01,22)":[1.0,0.05733721784645256,0.17422943006007344,0.22767229117368176,0.17764914742949453,0.08953762542191641,0.029116106808304294,0.005656218832157837,0.0005059694705836045],"(8,1.5,0.01,6)":[1.0,0.06134087853786815,0.17117719504750353,0.21154113188358897,0.15780668189924354,0.07661957940034683,0.024160116507788355,0.00458032328856928,0.00040234943954164313],"(8,1.5,0.01,7)":[1.0,0.06184500820584002,0.17270645672801963,0.2134177348435011,0.15917764635931791,0.07726850749038511,0.024359078302194147,0.004616946998078514,0.0004054747071356306],"(8,1.5,0.01,18)":[1.0,0.05696480788377342,0.17359418352666944,0.227235781546947,0.17755982614354548,0.08960820232430654,0.029176128403240287,0.005675115569040872,0.0005082849610374954],"(8,1.5,0.01,14)":[1.0,0.05838124735129849,0.1728988872829877,0.22235999421388208,0.17138480946757198,0.08553972445910724,0.02760374386871191,0.005331852965341629,0.00047507161382372165],"(8,1.5,0.01,2)":[1.0,0.05974072652097208,0.16648982285230188,0.20589158592915055,0.15374330971350664,0.07472471543552259,0.023587810181089654,0.004476580835526967,0.000393630002055888],"(8,1.5,0.01,11)":[1.0,0.059136755775811664,0.17356995273675097,0.2218767717343675,0.17018371637383306,0.0845998008297164,0.027210352759123757,0.005242043773098014,0.00046614295574312403]}