{"18":0.1153756224921878,"2":0.11492110212028142,"16":0.11525192186936344,"11":0.115181675359012,"21":0.11624173261703055,"7":0.1149792058454258,"9":0.11507178780007496,"10":0.115181675359012,"19":0.11584532162684413,"17":0.11528749177212697,"8":0.11501457573665949,"22":0.11624173261703055,"6":0.11495223523451213,"4":0.1149221417794662,"3":0.11490466836883229,"5":0.11495223523451213,"20":0.11596238730782471,"13":0.1152058730912409,"14":0.11521074853129028,"15":0.11521074853129028,"12":0.11520525810406457,"1":0.11492598865993399}