{"18":0.6349354018388512,"2":0.9976753695112854,"16":0.6583186482806154,"11":0.6801909846997375,"21":0.4400290929017038,"7":0.8380097728970193,"9":0.7703222176006876,"10":0.7261315105858095,"19":0.5553720709396617,"17":0.6419621118352191,"8":0.8059215404133513,"22":0.4400290929017038,"6":0.8488042988431608,"4":0.926044520472132,"3":0.9684638247046776,"5":0.8819621966925904,"20":0.4911065536840494,"13":0.6718820941371747,"14":0.6713085391695364,"15":0.6679506619235976,"12":0.6743979187557966,"1":1.0}