{"4":0.0685610449346823,"2":0.06892789234536172,"3":0.06889990428700812,"5":0.06854283234218796,"6":0.06854283234218796,"1":0.07370466997528881}