{"2":0.7838392151548326,"11":0.4533378931890501,"39":0.45333723392049097,"46":0.45333723392049097,"25":0.45333723392049097,"42":0.45333723392049097,"29":0.45333723392049097,"8":0.46368921574785743,"20":0.45333723392049097,"14":0.45333729655856947,"31":0.45333723392049097,"33":0.45333723392049097,"18":0.45333723392049097,"26":0.45333723392049097,"35":0.45333723392049097,"17":0.45333723392049097,"49":0.45333723392049097,"44":0.45333723392049097,"4":0.5006234774618691,"37":0.45333723392049097,"45":0.45333723392049097,"13":0.45333738045816985,"30":0.45333723392049097,"1":1.0,"47":0.45333723392049097,"32":0.45333723392049097,"50":0.45333723392049097,"40":0.45333723392049097,"7":0.47473698143041454,"9":0.45433582753127916,"43":0.45333723392049097,"34":0.45333723392049097,"3":0.7252041622173886,"38":0.45333723392049097,"36":0.45333723392049097,"48":0.45333723392049097,"12":0.45333754957871125,"16":0.45333723392049097,"21":0.45333723392049097,"10":0.45334523069193344,"19":0.45333723392049097,"51":0.45333723392049097,"22":0.45333723392049097,"6":0.4835479740173293,"24":0.45333723392049097,"28":0.45333723392049097,"5":0.49879997599906384,"23":0.45333723392049097,"27":0.45333723392049097,"41":0.45333723392049097,"15":0.45333725477264347}