{"(5,1.5,100.0,1)":[1.0,-0.0038808473687559487,0.0016945056180485308,0.026971826064167745,0.033502246595885424,0.012712099133259968],"(4,0.5,0.1,1)":[1.0,0.0020500030673154994,-0.018809793833174725,0.01491541051544745,0.1464968004879328],"(6,1.5,10.0,1)":[1.0,-0.005476572273354353,-0.007350089317891871,0.06674062352721324,0.08142929854543104,0.023924949360660027,-0.002350429233001254],"(6,1.5,0.1,1)":[1.0,0.003213454436185933,-0.028612195121914617,0.04360948305255215,0.12881935385058255,0.0013323467355241814,0.0008787867520615273],"(4,1.0,100.0,1)":[1.0,-0.0021516642814687994,0.004670218209803606,0.017279266113069194,0.013349518385552109],"(6,0.5,1.0,1)":[1.0,-0.0013417982030636034,0.003630471717252636,0.0379111445839846,0.07887983709481204,0.04142372421791819,-0.007736854315588661],"(5,1.5,0.1,1)":[1.0,0.008577028659563952,-0.05178683830693624,0.0788816588782318,0.10477663196642586,0.008869794767034098],"(6,1.5,0.01,1)":[1.0,-0.016841673396571343,0.06139463722738902,-0.10540999682749969,0.2395572824926967,-0.036394091671108825,0.00564368590199173],"(6,1.0,100.0,1)":[1.0,-0.00024943304894142884,0.00540816723520043,0.020010256084817622,0.030631889443500423,0.021440889493608374,0.005208845452212929],"(3,1.0,100.0,1)":[1.0,-0.00033069258349593955,0.008216442265908156,0.010031347971147391],"(5,1.5,0.01,1)":[1.0,0.007028878024773442,-0.045645969407401184,0.07151283725230266,0.10825057792036898,0.00830518465426512],"(4,0.5,1.0,1)":[1.0,0.003080465563580649,-0.023508313171943674,0.022220689716751386,0.1439178396681265],"(6,1.0,1.0,1)":[1.0,-0.001571252702644726,-0.01684424231626014,0.05796332894813268,0.09306605562981662,0.022239304540788127,-0.002947559185846445],"(5,0.5,100.0,1)":[1.0,-0.0001494320392826256,0.0002598332982694778,0.004959733614791468,0.01617394814116876,0.017377673518580865],"(4,1.5,10.0,1)":[1.0,-0.007624502847828234,0.0012689833229093453,0.06694306120537384,0.04511264887509727],"(3,1.5,10.0,1)":[1.0,-0.018519932332283672,0.040712608244969556,0.045494824726789646],"(5,0.5,0.1,1)":[1.0,-0.00044665374475809117,-0.017417477068733197,0.04242335137981827,0.12014017839698786,0.006640484475448984],"(6,1.5,1.0,1)":[1.0,0.00502548965036705,-0.0410652022685766,0.07833501474689249,0.09604655012991437,0.014077284043629304,-0.0008455952841066206],"(6,1.0,0.1,1)":[1.0,0.0029126992332143813,-0.029063039554248427,0.05023306542312469,0.12100503671080559,0.004638796823085282,0.00041984277988195044],"(4,1.5,0.1,1)":[1.0,0.02080142687242058,-0.08472756562311178,0.06541854460900372,0.13428327596800854],"(4,0.5,0.01,1)":[1.0,-0.007122879144973252,0.013489473350723811,-0.01002086613007562,0.15259259795175062],"(6,0.5,0.1,1)":[1.0,-0.0020171251063025152,-0.011390772110513286,0.037390760796290126,0.11509533025136018,0.01289328349642899,-0.0015786540257128653],"(4,1.0,0.1,1)":[1.0,0.011000395731081788,-0.050291917735067776,0.039096807285194456,0.14064320510169134],"(5,1.0,10.0,1)":[1.0,-0.0044660316983273045,0.01993625908626477,0.0661455995022279,0.06830685168212093,0.022216189564165576],"(3,0.5,0.01,1)":[1.0,0.4874857185882857,-1.0134677157963756,0.7023193231244965],"(3,0.5,100.0,1)":[1.0,-8.267314503702616e-5,0.004108221135739741,0.01003134797447758],"(5,0.5,10.0,1)":[1.0,-7.258933176189536e-5,0.004496517424758595,0.023737103690564698,0.04670477454913215,0.030959980267977968],"(6,1.0,0.01,1)":[1.0,-0.010617791246094192,0.03313669330239452,-0.057542496534477544,0.20338283424819692,-0.023944743339688893,0.004064456925029937],"(6,0.5,0.01,1)":[1.0,-0.0009460968529251384,-0.010042097330773887,0.01318947753755149,0.1512432432556468,-0.006269370877141452,0.001836830543152858],"(3,0.5,0.1,1)":[1.0,0.06160076300623477,-0.28127594010403706,0.40210719824710434],"(5,1.0,100.0,1)":[1.0,-0.0021187626132576705,0.0005554875997313262,0.014211303803224327,0.024959754936098474,0.013824485127393347],"(5,1.5,10.0,1)":[1.0,-0.011488346856446842,0.007823669837488275,0.0763788968289631,0.07243237158440348,0.019703559518848997],"(4,1.0,1.0,1)":[1.0,0.016778021533417183,-0.07142803797956575,0.05813798264251484,0.13539822687624567],"(5,1.0,0.1,1)":[1.0,0.003870625396014455,-0.03500766416420448,0.06512655892100792,0.10869489165551911,0.008669523750198265],"(6,0.5,10.0,1)":[1.0,0.0001348558330876373,0.003995857141456927,0.02157349280563545,0.049482696773453703,0.041553557328221254,-0.004020143095149183],"(3,1.0,10.0,1)":[1.0,-0.014334367006500212,0.027898295866147598,0.04892218806605513],"(3,0.5,1.0,1)":[1.0,-0.014778399174301578,0.0024211135298161292,0.1503850670718704],"(3,0.5,10.0,1)":[1.0,-0.004073496327467015,0.01497492463575536,0.052276696191829744],"(3,1.0,0.01,1)":[1.0,0.5473500084402234,-1.0971859297566793,0.732074706436905],"(4,0.5,10.0,1)":[1.0,-0.0028464314403899133,-0.001503712687440591,0.026152804470573467,0.05114680738092574],"(3,1.0,1.0,1)":[1.0,-0.01807267531956199,0.012515506476535045,0.14765412648894827],"(3,1.5,0.1,1)":[1.0,0.11227355354124781,-0.3994805574249167,0.4560522516380713],"(5,1.0,1.0,1)":[1.0,-0.001438738839718153,-0.02101441410929602,0.07252006607831359,0.09429071247386593,0.012841917395358655],"(5,1.0,0.01,1)":[1.0,0.007028621619148619,-0.04564495200135946,0.07151161531385478,0.10825115468573739,0.008305090793624247],"(6,1.5,100.0,1)":[1.0,0.00048811199536698643,0.028740484616251828,0.06130361798785129,0.05559501969661819,0.02145887411054826,0.0019491482808929002],"(4,1.5,0.01,1)":[1.0,-0.0071228790509339866,0.013489473023643735,-0.010020865879615558,0.1525925978911852],"(6,1.0,10.0,1)":[1.0,-0.006562207488086202,0.008735776649012258,0.056497665838892284,0.07495291161721553,0.029994261524116526,-0.0034510661063389663],"(3,1.5,1.0,1)":[1.0,-0.021844781947657738,0.023181886654754475,0.14791231931295754],"(4,1.5,100.0,1)":[1.0,-0.00534542585325856,0.008719773217004831,0.02195663151357689,0.01142147430122263],"(4,0.5,100.0,1)":[1.0,-0.0002620431874848872,0.0015126956812701205,0.010327702112312077,0.015785688840565474],"(6,0.5,100.0,1)":[1.0,-1.868338325549148e-5,0.00034256593703331815,0.002944513882343058,0.0099984285218803,0.015942645892343513,0.0096958921602629],"(5,1.5,1.0,1)":[1.0,0.0059879789264267735,-0.04627910732381542,0.08859418268371802,0.09273946937096554,0.012075361646424232],"(3,1.5,0.01,1)":[1.0,0.5556877226282537,-1.1090991969130954,0.7365701298106158],"(3,1.5,100.0,1)":[1.0,-0.0007440582893816033,0.012324663422216508,0.010031347979859646],"(5,0.5,0.01,1)":[1.0,0.002965813784649016,-0.03071018716220196,0.0575243338821388,0.11345867709723075,0.007698870566574306],"(4,1.5,1.0,1)":[1.0,0.029699355826820175,-0.11216213115089894,0.0883354395080207,0.12832694451295965],"(4,1.0,0.01,1)":[1.0,-0.0071228747412972375,0.013489462943452529,-0.010020858980484902,0.15259259640385373],"(5,0.5,1.0,1)":[1.0,-0.0035908096658920615,0.004107741149835377,0.05619691021952006,0.09200565051882262,0.015061719257833698],"(4,1.0,10.0,1)":[1.0,-0.006190946155510824,0.0010491090004107273,0.05114275045184552,0.05004536660276827],"(3,1.0,0.1,1)":[1.0,0.1108367902798963,-0.3963293621349033,0.45396747713512675]}