{"(5,0.5,10000.0,2)":[1.0,0.009775127659554864,0.02192000158965925,0.022728392524260677,0.020541512224027968,0.004663547054847321],"(5,0.5,10000.0,1)":[1.0,0.009856199748017356,0.02197223674031366,0.02263248843215624,0.020310391675916892,0.004510448468180859],"(5,0.5,10000.0,3)":[1.0,0.009032707293640543,0.02576482045874151,0.03677383060518756,0.04167305057940963,0.01987439124483873]}