{"(5,0.5,10000.0,2)":[1.0,0.009950266027887976,0.024458541880303414,0.028565360236417876,0.026594648611559905,0.007386479148620098],"(5,0.5,10000.0,1)":[1.0,0.009950266027887976,0.024458541880303414,0.028565360236417876,0.026594648611559905,0.007386479148620098],"(5,0.5,10000.0,3)":[1.0,0.009550969671190995,0.026371396828861787,0.035428229907544115,0.03558230214424772,0.011632213785269154]}