{"(6,0.5,10000.0,2)":[1.0,0.0013841531904878574,0.007311763368775819,-0.01202916493913409,0.019918376874273322,-0.013511773747131507,0.003908413035309248],"(6,0.5,10000.0,1)":[1.0,0.0033647644626589156,0.010119577730537573,-0.009721945607926443,0.023066573851972257,-0.012532315426972664,0.004546389025538504],"(6,0.5,10000.0,3)":[1.0,0.0033618351739549608,0.01006413727124137,-0.009346478486587718,0.022741978562981987,-0.012439867340932418,0.004351717578880884]}