{"(8,0.5,10000.0,3)":[1.0,-0.0003513599623428636,0.03571622527032283,-0.13217368468841179,0.32510842657858496,-0.46289167055837227,0.46440086883747617,-0.22047342543600776,0.06132820901915243],"(8,0.5,10000.0,2)":[1.0,-0.0014122066592427778,0.044241880477702215,-0.11369276275507252,0.30698073808419013,-0.2766692612819547,0.2237406835912567,-0.03319609795077605,0.0027843338674124612],"(8,0.5,10000.0,1)":[1.0,-0.0013873991316329748,0.04321661753561074,-0.10814864695601578,0.286009337587207,-0.23392245119089314,0.17610493540056757,-0.0037530485770089633,-0.004274291428478358]}