{"(7,0.5,10000.0,3)":[1.0,-7.997952012146364e-5,0.024238062246757376,-0.03519682149022882,0.14947295344756134,-0.0859060311159517,0.10354517832236138,-0.010878819277955405],"(7,0.5,10000.0,1)":[1.0,0.0008494949685099056,0.02693395106109018,-0.03478651409001616,0.15653175849899514,-0.0996180887833901,0.10550775250668781,-0.015084381205915995],"(7,0.5,10000.0,2)":[1.0,0.0008494949685099056,0.02693395106109018,-0.03478651409001616,0.15653175849899514,-0.0996180887833901,0.10550775250668781,-0.015084381205915995]}