{"(7,0.5,10000.0,3)":[1.0,0.0026955723748834774,0.024677007893662117,-0.04684642728284303,0.13086541556197046,-0.12302611105711544,0.08844853615043494,-0.018734027505232165],"(7,0.5,10000.0,1)":[1.0,0.0027126586512201986,0.024681929055594132,-0.04723297820892666,0.13170316816893143,-0.12423079883365928,0.08938833826693905,-0.018996982392541828],"(7,0.5,10000.0,2)":[1.0,0.00016243469620748745,0.011103561670735188,-0.02932927990276602,0.03946140194040052,-0.024154420125691696,0.0030875796542614645,0.0017929578571359564]}