{"(8,0.5,10000.0,3)":[1.0,-0.0005356487362912532,0.02231188245728974,0.005898548188286654,-0.16271141799500755,0.6512623250364641,-0.8302430236160258,0.6125406152130067,-0.15165512612250065],"(8,0.5,10000.0,2)":[1.0,-4.083683106160584e-6,0.013273215468576174,0.08600169547787972,-0.43661792513085995,1.2284843161699046,-1.4922409816802935,1.0122446154450202,-0.25313574811684403],"(8,0.5,10000.0,1)":[1.0,-2.4365384252109123e-6,0.013905729315116286,0.08375806949229021,-0.42757634939145533,1.210499842190289,-1.4728112093336052,0.99993711204484,-0.2504765175397673]}