{"(7,0.5,10000.0,3)":[1.0,-0.0001350802249720651,0.00025583842848899904,0.0418605306642509,-0.14750615934542494,0.26979250802793636,-0.1894537990809248,0.0687608890266414],"(7,0.5,10000.0,1)":[1.0,-0.00012956976871322277,0.0037647062795702767,0.03354988166620583,-0.1052345857471101,0.23251170844176178,-0.14482943236090037,0.0619417176994016],"(7,0.5,10000.0,2)":[1.0,-9.81234829293136e-5,0.00334203701529197,0.035767839627612194,-0.11147454343809941,0.241273936160225,-0.1513509745632093,0.06379477563460584]}