{"(8,0.5,10000.0,3)":[1.0,-0.0033294728158268392,0.05708000896758666,-0.1954753320000211,0.6216754516167886,-0.900307847002438,0.9372887722114165,-0.4664878316459179,0.10854401247735682],"(8,0.5,10000.0,1)":[1.0,-0.003031326343293108,0.057720660033155534,-0.1956768690296695,0.6207887705784222,-0.9059185460550141,0.9359207219695154,-0.46913110146238557,0.10852752097226134],"(8,0.5,10000.0,2)":[1.0,-0.003025087393311727,0.05772793749204668,-0.19563238529744603,0.6206959713731265,-0.9059628599571135,0.9361430774224779,-0.46948272482099057,0.10858356452293244]}