{"(8,0.5,10000.0,3)":[1.0,-0.0023084347319147435,0.050624110968645386,-0.2320480106162502,0.6495330881945329,-1.101173469892397,1.1177277880257885,-0.6156436151812655,0.14462737123801636],"(8,0.5,10000.0,2)":[1.0,-0.0012027497809416151,0.04964025975489572,-0.23205131766593326,0.6762135384703627,-1.1803070506255813,1.2622146490100539,-0.7090487506233641,0.17746683041430253],"(8,0.5,10000.0,1)":[1.0,-0.0011153224971490864,0.04611187723460049,-0.20513561401669553,0.5776049793727488,-0.9733301350629918,1.0236540343962899,-0.5607715808072344,0.14091485560918435]}