{"(6,0.5,10000.0,2)":[1.0,0.0006826010381095322,0.006541288589187282,-0.013004428361413028,0.020080089465433323,-0.014034303946704962,0.004038039682899483],"(6,0.5,10000.0,1)":[1.0,0.0023691417094733095,0.00881964100119033,-0.010703166899669552,0.021362098182918687,-0.013206111177849172,0.004139318369782029],"(6,0.5,10000.0,3)":[1.0,0.002365153834369863,0.008897686774463141,-0.010976365820329653,0.021677867491019537,-0.013568538294593853,0.0042219046931403804]}