{"(8,0.5,10000.0,3)":[1.0,-0.0033065773171255426,0.057139269036869514,-0.1954589056840771,0.6216013600525537,-0.9006970186308544,0.9371414532785673,-0.4666684279859511,0.10853947169404424],"(8,0.5,10000.0,2)":[1.0,-0.0030171403677434973,0.05771719902362114,-0.19564109579497857,0.6205151959455134,-0.9057239109213927,0.9358470864889268,-0.46928330192720485,0.10854136719082288],"(8,0.5,10000.0,1)":[1.0,-0.0030218386469473496,0.05771142933410078,-0.19566678717153166,0.6205838767027759,-0.9057516358006767,0.935852472036021,-0.46919476687274925,0.10853365890623509]}