{"(8,0.5,10000.0,3)":[1.0,-0.002302215340428547,0.060403161699983325,-0.2964569092856024,0.9155667900122416,-1.6313131624355084,1.783468824921419,-1.003081320547611,0.2520629285359425],"(8,0.5,10000.0,2)":[1.0,-0.0026094265849767578,0.0561758668549856,-0.19345347552383357,0.5986863511093895,-0.868792498682762,0.8956394297816471,-0.4408520276062609,0.1029233806385511],"(8,0.5,10000.0,1)":[1.0,-0.002608403981512955,0.05613866891125256,-0.19320071195391342,0.5978245454554758,-0.8671356523269899,0.8937711129972296,-0.4397236816697258,0.10266365875627242]}