{"(8,1.5,100.0,2)":[1.0,0.033765644728007485,0.020445853019864266,0.0024641430248055255,-0.006197917705112152,-0.00518046499043907,-0.002348947719213104,-0.0003186310579823444,-7.774379764623368e-5],"(8,1.5,100.0,3)":[1.0,0.03397935011925642,0.02980043173491494,0.004985518085096504,0.011595960617273061,-0.05013222965813995,0.03809890342010257,-0.02914296767041257,0.006585815304292242],"(8,1.5,100.0,1)":[1.0,0.033765644728007485,0.020445853019864266,0.0024641430248055255,-0.006197917705112152,-0.00518046499043907,-0.002348947719213104,-0.0003186310579823444,-7.774379764623368e-5]}