{"(6,0.5,10000.0,2)":[1.0,0.005918181757907533,0.02053746620202677,0.009298632992690991,0.04293319884791977,-0.0011925645761202547,0.007452640441813385],"(6,0.5,10000.0,1)":[1.0,0.005908160761693981,0.020604102508237472,0.009416969272735644,0.042818435897903115,-0.0013401939249313123,0.007311986869644746],"(6,0.5,10000.0,3)":[1.0,0.002949992925954774,0.018422187258409464,0.004210523196899105,0.06784825416119669,0.009311057758956597,0.023044546261227008]}