{"(7,0.5,10000.0,3)":[1.0,-0.00012284715481110435,-2.372701713205917e-5,0.04402593999937371,-0.15499194105003306,0.27903970292306124,-0.1970497772517205,0.0711334090082395],"(7,0.5,10000.0,1)":[1.0,-0.00012857844855856764,0.0037780534195953797,0.033520121939612735,-0.10513254024631997,0.2323696410204302,-0.14474150412047773,0.06191955876892036],"(7,0.5,10000.0,2)":[1.0,-0.00012038902640639078,0.003540581119333429,0.03533556484383362,-0.10987685162547298,0.23890556283561903,-0.1498060766614454,0.06338823381571357]}