{"(8,0.5,10000.0,3)":[1.0,-0.0023202142079655403,0.06039472607863421,-0.29631414427187114,0.915076310476379,-1.6302612240491556,1.7822406184111028,-1.0023180524177249,0.25187048662968425],"(8,0.5,10000.0,2)":[1.0,-0.002616406399145515,0.05620455584892853,-0.19369623567204944,0.5994695939368898,-0.8702870655225033,0.8973831548868587,-0.4419164693432338,0.10316062963122818],"(8,0.5,10000.0,1)":[1.0,-0.002610351360779852,0.05623451489771701,-0.19447461982049366,0.6028451698286706,-0.8792866767831362,0.9109665409398195,-0.45133601469932116,0.1055923371684662]}