{"(8,0.5,10000.0,3)":[1.0,-2.368668425228708e-5,0.0060590280834430564,0.12415062802092966,-0.5941166250233005,1.5402537919041008,-1.854447217122589,1.235809288928583,-0.30748109031185317],"(8,0.5,10000.0,2)":[1.0,9.58541933723029e-5,0.013171478271465144,0.08891395852315331,-0.4462524734095193,1.247898525158597,-1.5154055465726903,1.0254553529248356,-0.2567504590144793],"(8,0.5,10000.0,1)":[1.0,9.58541933723029e-5,0.013171478271465144,0.08891395852315331,-0.4462524734095193,1.247898525158597,-1.5154055465726903,1.0254553529248356,-0.2567504590144793]}