{"(6,0.5,10000.0,2)":[1.0,0.0015812449667892343,0.008695513310278593,-0.01156305214611411,0.02151545716221157,-0.014395346925109855,0.004231021829216093],"(6,0.5,10000.0,1)":[1.0,0.002688572337444479,0.011466422778753907,-0.00834401146137843,0.023420531753287194,-0.013730062595850964,0.004293985515653718],"(6,0.5,10000.0,3)":[1.0,0.0026885446172824788,0.011466526400400627,-0.008344023995141756,0.023420425676137235,-0.013730179136086791,0.004293970967497859]}