{"(5,0.5,10000.0,2)":[1.0,0.0007311557109536703,0.0021225654915658066,-0.0025710034233041514,0.0025145871357473005,-0.0008150585349129317],"(5,0.5,10000.0,1)":[1.0,0.002469351089298358,0.003892646339175817,-0.00134806586912372,0.0029286709796388713,-0.0007340726324538552],"(5,0.5,10000.0,3)":[1.0,0.0025021036254255615,0.003749833410598812,-0.0013765645917624865,0.0029013754457232555,-0.0007256231214133285]}