{"(8,0.5,10000.0,3)":[1.0,-4.17700217798895e-5,0.0011848391577789228,0.11845343127873643,-0.6408936569913583,1.5367163717081924,-1.9277298443533732,1.2323108396164477,-0.31696644661705475],"(8,0.5,10000.0,2)":[1.0,3.5769631335066605e-5,-0.0049673324805270215,0.14895199249863256,-0.7562206565782758,1.7649554203534994,-2.185986313264575,1.3865521220977792,-0.35481700731236593],"(8,0.5,10000.0,1)":[1.0,-1.8292857028138954e-5,0.001170077886412694,0.11851279011731729,-0.6412336772528009,1.5372959647836677,-1.9284804360755798,1.2327498561179038,-0.3170745810540857]}