{"(8,0.5,10000.0,3)":[1.0,-0.002149936050360291,0.046895610573974754,-0.21067999953863067,0.5736143941608479,-0.9513101427836289,0.9540841486330692,-0.5171079591530615,0.12176242477771525],"(8,0.5,10000.0,2)":[1.0,-0.001223789796461548,0.05068188837230097,-0.24009176342604532,0.70520119067891,-1.2422734365268777,1.333630563521767,-0.7536448161037473,0.1886242152737857],"(8,0.5,10000.0,1)":[1.0,-0.0011227522592640426,0.04597717275702326,-0.20444537911430538,0.5744864780323358,-0.9671684861548957,1.0165534442793416,-0.5562557257769223,0.13982540946239677]}