{"(8,0.5,10000.0,3)":[1.0,-0.003306577304022945,0.05713926907241181,-0.19545890564496626,0.6216013600908167,-0.9006970187125649,0.9371414529801901,-0.46666842774235495,0.10853947168947535],"(8,0.5,10000.0,1)":[1.0,-0.003021831360588992,0.05771143915257117,-0.19566675745804463,0.620583782588662,-0.9057515936034306,0.9358524177217896,-0.46919483757433267,0.10853366038863611],"(8,0.5,10000.0,2)":[1.0,-0.0030171403677217,0.057717199035744016,-0.1956410958028203,0.6205151959496426,-0.9057239111291251,0.9358470866072274,-0.4692833020510169,0.10854136721150817]}