{"(8,0.5,10000.0,3)":[1.0,-0.00035295534420230274,0.03596505813555379,-0.13536714432168517,0.3367141881227059,-0.48854484918914054,0.4935990696542057,-0.23864531802668798,0.06608895378920904],"(8,0.5,10000.0,2)":[1.0,-0.0013570111552034824,0.04246819714471284,-0.10391861085569566,0.27005980873799756,-0.20133822538635412,0.13949174393000077,0.018805401861043354,-0.009745333855821561],"(8,0.5,10000.0,1)":[1.0,-0.0013635459667386282,0.04244792511255525,-0.10220652931759938,0.2640056229569787,-0.18783042081959725,0.12204298540273065,0.02932662667010069,-0.012731214453487655]}