{"(8,0.5,10000.0,3)":[1.0,-0.002308878373645105,0.06038158948647586,-0.29625606126068077,0.9148889186158314,-1.6299253974145678,1.781880451729143,-1.002116433012077,0.2518269699485278],"(8,0.5,10000.0,2)":[1.0,-0.0026133518103109454,0.05617063835327141,-0.19342628275030072,0.5985897603975744,-0.868604795339365,0.8954198422525781,-0.440721071902413,0.10289186861977885],"(8,0.5,10000.0,1)":[1.0,-0.0026124266531060655,0.05628699106422906,-0.19478506024820424,0.6038537491851885,-0.8809221720850765,0.9120514084352637,-0.45161468130550736,0.1057004038651807]}