{"(6,0.5,10000.0,2)":[1.0,0.0058605885598300095,0.020552610549687537,0.009384780006787849,0.04306955395436882,-0.0011591922761859477,0.007467329234093785],"(6,0.5,10000.0,1)":[1.0,0.005860836129376132,0.020543709541152356,0.009378775577503582,0.04308404892038588,-0.0011447244506482613,0.007464721557660691],"(6,0.5,10000.0,3)":[1.0,0.0030983813846579174,0.01820018310525856,0.00490653274402756,0.06661803763245588,0.010598337699848265,0.022378498771854365]}