{"(6,0.5,10000.0,2)":[1.0,0.005603936883863942,0.021626078083571584,0.01334168273695653,0.04903560234788269,0.00324177490388613,0.008818323640949512],"(6,0.5,10000.0,1)":[1.0,0.00565778029568198,0.021429022986505293,0.01358441523358644,0.048757255589175666,0.003419181031890795,0.008831269256262255],"(6,0.5,10000.0,3)":[1.0,0.0022933646798770093,0.017594191401138312,0.001042822472991074,0.07107696198302939,0.006773394109634616,0.025328619665276338]}