{"(8,0.5,10000.0,3)":[1.0,-0.0005389115363561151,0.02223137779403686,0.006494117434913063,-0.16636269890317773,0.6610610674907547,-0.8439335911379643,0.6224038441139369,-0.15443616686387857],"(8,0.5,10000.0,2)":[1.0,-4.9357139499956175e-6,0.013274683586948298,0.08600092711348388,-0.43661819912915656,1.228484545776266,-1.4922408249682335,1.012244606608293,-0.2531357771192443],"(8,0.5,10000.0,1)":[1.0,1.7950353607525398e-6,0.014012470918202674,0.08291697780231401,-0.42442742859390836,1.2038392889857745,-1.4649484358386498,0.9950765080697251,-0.24923021550235525]}