{"(8,0.5,10000.0,3)":[1.0,-2.6140084395216185e-5,0.014845606227015687,0.08075939567482407,-0.4078946906461306,1.1773556966892076,-1.4312302278932705,0.9734450893879036,-0.24451884824815426],"(8,0.5,10000.0,2)":[1.0,-0.0018407099548084305,0.04391628967815099,-0.12567481747563308,0.3389713427768369,-0.3475394514770321,0.3118068341173483,-0.08089051490403489,0.017181660375992454],"(8,0.5,10000.0,1)":[1.0,-0.0018407099548084305,0.04391628967815099,-0.12567481747563308,0.3389713427768369,-0.3475394514770321,0.3118068341173483,-0.08089051490403489,0.017181660375992454]}