{"(7,0.5,10000.0,3)":[1.0,0.002693510594440488,0.02467913478141625,-0.046819011663659975,0.13081552684719702,-0.12295157732032565,0.08838574975959121,-0.01871903403861643],"(7,0.5,10000.0,1)":[1.0,0.0027117889687271845,0.024648868148235543,-0.04697870635341991,0.1310295109603589,-0.12329894621774395,0.08871401668187816,-0.018779055537462768],"(7,0.5,10000.0,2)":[1.0,1.71677910409095e-5,0.012583183895638119,-0.03510637543314978,0.05603602550815295,-0.04737417022637841,0.0196554875608689,-0.0028724223836682455]}