{"(8,0.5,10000.0,3)":[1.0,-0.00034514761311685413,0.03568845259164686,-0.13221122069533553,0.32522478123230225,-0.4634899365155107,0.46504456108090647,-0.22095695285318886,0.06148667035337247],"(8,0.5,10000.0,2)":[1.0,-0.0013726464333490285,0.04286378827178149,-0.10612928090772723,0.27836657217004285,-0.21827222906183485,0.15845383203143742,0.0071397733838443125,-0.0069244552832605725],"(8,0.5,10000.0,1)":[1.0,-0.0013911256767386623,0.04298625448776961,-0.10598085711343212,0.2782643584967609,-0.21754433615834118,0.156781657040662,0.007768872411319742,-0.007341352065883679]}