{"(8,0.5,10000.0,3)":[1.0,-0.0023105012429888573,0.050643048361427564,-0.2320632744161433,0.6497004692097048,-1.101462841064132,1.1180485705424792,-0.6158651789994963,0.14467380558146847],"(8,0.5,10000.0,2)":[1.0,-0.0011881479700190155,0.04937143261605176,-0.2265193695084609,0.6597590952433743,-1.1416899596161811,1.2173533183877283,-0.6812315916920534,0.1701579752202173],"(8,0.5,10000.0,1)":[1.0,-0.0011153524048163744,0.04598248853522661,-0.20437268901138492,0.5743196599790064,-0.9666101329690758,1.0158658445533018,-0.5558370304451089,0.13968368720843558]}