{"(8,0.5,10000.0,3)":[1.0,-0.0036377915389160945,0.056028643697370366,-0.19727340409064864,0.6211147527302922,-0.8984801528373896,0.9420689195595995,-0.46378758391979796,0.1094504417457502],"(8,0.5,10000.0,1)":[1.0,-0.003172475218155296,0.05735869839367512,-0.1959293664521025,0.6213916531599933,-0.9042014390032888,0.9383588579899182,-0.4683998650462179,0.10886765440152732],"(8,0.5,10000.0,2)":[1.0,-0.003172475218155296,0.05735869839367512,-0.1959293664521025,0.6213916531599933,-0.9042014390032888,0.9383588579899182,-0.4683998650462179,0.10886765440152732]}