{"(5,0.5,10000.0,2)":[1.0,0.009940356704738416,0.024498307029649266,0.028491926565930973,0.026722413103205184,0.0072996088853514805],"(5,0.5,10000.0,1)":[1.0,0.009940356704738416,0.024498307029649266,0.028491926565930973,0.026722413103205184,0.0072996088853514805],"(5,0.5,10000.0,3)":[1.0,0.00958280125567906,0.02639571675524509,0.03540707915956983,0.0355335856386744,0.011587864338473789]}