{"(5,0.5,10000.0,2)":[1.0,0.009820224251671446,0.02194716043063789,0.022648784398576507,0.02042049786081773,0.004623046580172799],"(5,0.5,10000.0,1)":[1.0,0.009820821849477074,0.02195061031612893,0.022678396093486552,0.02037680751410509,0.004608113168522243],"(5,0.5,10000.0,3)":[1.0,0.009376091331235134,0.025074176149160056,0.03728874235424775,0.04223540554223702,0.019153797167491434]}