{"(7,0.5,10000.0,3)":[1.0,-0.0001606781783632908,0.0007908336014920675,0.03981527682197841,-0.14202975833192732,0.2621177308451479,-0.18393206523816114,0.0673260186833764],"(7,0.5,10000.0,1)":[1.0,-0.00010371292698310509,0.0039072084733588345,0.033129805410276825,-0.10351892989163157,0.23033652137138402,-0.1432034088636296,0.06136389393149948],"(7,0.5,10000.0,2)":[1.0,-0.00013278182269182222,0.003932347963902035,0.03398597779741723,-0.10579725670336762,0.23379493483170338,-0.14590194687483374,0.06207749492107934]}