{"(7,0.5,10000.0,3)":[1.0,-0.00015730143855143366,0.0007304866111628527,0.03994406897618623,-0.14255588588353746,0.2627904426327652,-0.18442248255079055,0.06747284507654633],"(7,0.5,10000.0,1)":[1.0,-0.00011667833908623341,0.0039035020128315424,0.03229003569602716,-0.10119224888502154,0.22736309699004545,-0.14089929922578368,0.060687677880537846],"(7,0.5,10000.0,2)":[1.0,-1.7652759960991597e-5,0.0023804448852262176,0.03893792463010786,-0.12156477659932943,0.25471516992043364,-0.16110758529709113,0.06678854708409525]}