{"(5,0.5,10000.0,2)":[1.0,0.0007273169045743685,0.002144132259012138,-0.0025523218246082725,0.002524045466831982,-0.0008143988429488776],"(5,0.5,10000.0,1)":[1.0,0.0024697092268336275,0.0038881448915429407,-0.0013384905034881096,0.0029295486561322502,-0.0007337532200406793],"(5,0.5,10000.0,3)":[1.0,0.0024740474498411037,0.0038722979594390567,-0.0013520123078711787,0.002924843698744826,-0.0007328338649013552]}