{"(7,0.5,10000.0,3)":[1.0,-7.272998636678652e-5,0.024219061137211444,-0.034769179197521954,0.1483064542771992,-0.08432818132698289,0.10231766873372121,-0.010519912331361249],"(7,0.5,10000.0,1)":[1.0,0.0008625489603073774,0.026899131132606894,-0.034739426175987395,0.15658485567632618,-0.09974719598571857,0.10549528222720789,-0.01504612847657396],"(7,0.5,10000.0,2)":[1.0,0.0008625489603073774,0.026899131132606894,-0.034739426175987395,0.15658485567632618,-0.09974719598571857,0.10549528222720789,-0.01504612847657396]}