{"(8,0.5,10000.0,3)":[1.0,-0.002262835162365516,0.04984140347664243,-0.22586967115811143,0.6278957999495326,-1.0539499859632142,1.0648703449660863,-0.5822829571539155,0.13638716080501206],"(8,0.5,10000.0,2)":[1.0,-0.0011938599372492255,0.049285964670284246,-0.22670394094009313,0.6595105579987838,-1.1419143032220378,1.2176774131851247,-0.6813651537993907,0.17025649343672639],"(8,0.5,10000.0,1)":[1.0,-0.001115291422197628,0.04595332575240111,-0.20429284015517168,0.573875674613773,-0.9659087606587407,1.0150385441545926,-0.5553325935200069,0.13958409973435928]}