{"(6,0.5,10000.0,2)":[1.0,0.005602186893504784,0.021625182046185708,0.013367149228665704,0.04903083703008019,0.0032567125860101026,0.00877934868000101],"(6,0.5,10000.0,1)":[1.0,0.005572934479096372,0.022192229393482706,0.012969542323165042,0.04931876971839066,0.0024512402533815093,0.008329915041749028],"(6,0.5,10000.0,3)":[1.0,0.0022972436560660487,0.0175603234797643,0.0010825714816482188,0.07105700772194162,0.006759934167204339,0.025347480629633372]}