{"(8,0.5,10000.0,3)":[1.0,-0.0023020433719209686,0.06025192444151126,-0.2955476539973899,0.9117393160043246,-1.6241724377365767,1.774536644567844,-0.997973748478758,0.25070559387156305],"(8,0.5,10000.0,2)":[1.0,-0.002610615888105889,0.056197771512845635,-0.1933970774720738,0.5987300429105128,-0.8688859141568068,0.8956527893077468,-0.4409375928761245,0.10293431260921386],"(8,0.5,10000.0,1)":[1.0,-0.0025566951268817324,0.05461798301666758,-0.18044779118501725,0.5514205721588854,-0.7696167381763693,0.778497601673922,-0.3698930081147829,0.08448161612878768]}