{"(8,0.5,10000.0,3)":[1.0,-3.343068707030551e-5,0.008425280240433116,0.10558531912175262,-0.52442850796334,1.392478912414271,-1.6799915215872887,1.1278494644910244,-0.27981790275101975],"(8,0.5,10000.0,2)":[1.0,5.9156666339012985e-6,0.014096173709996369,0.08249960601387127,-0.4227626643469435,1.2003953566554912,-1.4610139608999642,0.9926058626518488,-0.24863502458671197],"(8,0.5,10000.0,1)":[1.0,5.9156666339012985e-6,0.014096173709996369,0.08249960601387127,-0.4227626643469435,1.2003953566554912,-1.4610139608999642,0.9926058626518488,-0.24863502458671197]}