{"(6,0.5,10000.0,2)":[1.0,0.0006705532169181479,0.00658226054471047,-0.012879651188706757,0.02011579562950421,-0.013969669711026592,0.004029702485987271],"(6,0.5,10000.0,1)":[1.0,0.0023682271970143546,0.008830444358233202,-0.010744471434136869,0.021409123871985274,-0.013260392510480811,0.00415161658682164],"(6,0.5,10000.0,3)":[1.0,0.002362841189046993,0.008903811675570453,-0.010977038103392489,0.02170830736284281,-0.013566781319125578,0.004230381568916276]}