{"(8,0.5,10000.0,3)":[1.0,-0.0005348378221133657,0.022308147358306368,0.005902853138146377,-0.16258169908265796,0.6507297871661112,-0.8293742975618154,0.6118387769528362,-0.15144956806747373],"(8,0.5,10000.0,2)":[1.0,-1.5131408759839013e-6,0.01385219017903906,0.08353886539372224,-0.42689313429576314,1.208760402894555,-1.4703249074706148,0.9984574483964146,-0.24997927088270977],"(8,0.5,10000.0,1)":[1.0,-2.506547197400353e-6,0.013952037989608125,0.08338799329435709,-0.4261800453941833,1.2075254022647366,-1.4692813567575542,0.997745198124765,-0.24991112352858]}