{"(8,0.5,10000.0,3)":[1.0,-0.0023041705453795635,0.06046897943806695,-0.29693195263977573,0.9172581926377813,-1.6349592333924883,1.7877376534263982,-1.005730055163876,0.25274357385221646],"(8,0.5,10000.0,2)":[1.0,-0.0026089332042112025,0.05616063337394112,-0.19333695007048407,0.5983031247295068,-0.8680562897510029,0.8947812858611064,-0.4403305791696231,0.10280494471635046],"(8,0.5,10000.0,1)":[1.0,-0.0026209081806414457,0.056190437089130636,-0.1935195374615639,0.5990255793118664,-0.8695412338649514,0.8965611370487713,-0.4414124090358217,0.10308156804907703]}