{"(8,0.5,10000.0,3)":[1.0,-0.00035807651317565185,0.0357211165042003,-0.13218271040274687,0.3251257933381485,-0.46294085901410464,0.4644825274587992,-0.2205272495994682,0.0613403462349716],"(8,0.5,10000.0,2)":[1.0,-0.0012701265456455818,0.041585565538566724,-0.09802992572447485,0.24823710004185207,-0.15730978112142036,0.08931345817962394,0.04924138395503111,-0.01723296916522074],"(8,0.5,10000.0,1)":[1.0,-0.0014537033595107005,0.04519763603923146,-0.12318803219313226,0.3419096609050075,-0.3504827711045744,0.31243117946539745,-0.08740144683885662,0.016907626525902206]}