{"(6,0.5,10000.0,2)":[1.0,0.001553206009830338,0.006485508371456538,-0.012952935842102437,0.020383834224968034,-0.01356473152592433,0.0040964764558611855],"(6,0.5,10000.0,1)":[1.0,0.0033679333857391147,0.010049163449965889,-0.00941977456933218,0.022811059660132867,-0.012447386234442224,0.004385378367260844],"(6,0.5,10000.0,3)":[1.0,0.003356479207692613,0.010082390211285833,-0.00930727718535824,0.022700077411124394,-0.012440857998120827,0.004334630770612167]}