{"(8,0.5,10000.0,3)":[1.0,-0.0022987013719520245,0.06022032243859412,-0.29524913270640785,0.9107902203557051,-1.6221595939039728,1.7721940638591192,-0.9965679684795803,0.2503457937295772],"(8,0.5,10000.0,2)":[1.0,-0.0026133080598996624,0.05625129978495589,-0.193604573433784,0.5995637917506724,-0.8705978157456249,0.8974861703925642,-0.44213170287892994,0.10320153667285117],"(8,0.5,10000.0,1)":[1.0,-0.0025227800120277053,0.05370770032641964,-0.1735473042151058,0.525884473217195,-0.7163186494468742,0.7161199214957603,-0.3317503953508532,0.07475832743604732]}