{"(6,9)":0.0,"(18,3)":0.0,"(21,13)":0.0,"(22,16)":0.0,"(15,17)":0.0,"(22,14)":0.0,"(13,9)":0.0,"(8,9)":0.0,"(9,1)":0.0,"(17,14)":325.533254,"(16,6)":0.0,"(16,12)":332.730082,"(16,13)":339.458229,"(22,2)":0.0,"(7,16)":338.53846,"(1,12)":216.960225,"(4,5)":0.0,"(11,8)":0.0,"(18,21)":0.0,"(19,4)":0.0,"(20,13)":0.0,"(15,4)":0.0,"(6,18)":0.0,"(5,16)":0.0,"(4,9)":0.0,"(8,4)":0.0,"(1,22)":0.0,"(22,15)":0.0,"(1,2)":0.0,"(17,9)":0.0,"(19,20)":0.0,"(14,2)":0.0,"(6,11)":0.0,"(16,2)":0.0,"(8,21)":0.0,"(9,6)":0.0,"(8,2)":0.0,"(21,3)":0.0,"(13,19)":0.0,"(7,19)":0.0,"(8,12)":0.0,"(11,4)":0.0,"(17,10)":0.0,"(1,17)":229.399498,"(18,5)":0.0,"(2,5)":0.0,"(8,5)":0.0,"(3,16)":0.0,"(14,13)":337.64275,"(22,4)":0.0,"(3,9)":0.0,"(15,2)":0.0,"(19,6)":0.0,"(19,9)":0.0,"(18,12)":0.0,"(15,1)":0.0,"(14,6)":0.0,"(14,18)":0.0,"(21,4)":0.0,"(22,7)":0.0,"(13,4)":338.306269,"(16,20)":0.0,"(7,12)":337.58996,"(10,22)":0.0,"(12,19)":0.0,"(4,10)":0.0,"(10,8)":0.0,"(7,2)":0.0,"(11,15)":0.0,"(10,17)":0.0,"(3,13)":0.0,"(20,8)":0.0,"(6,3)":0.0,"(1,7)":673.788233,"(19,13)":0.0,"(21,20)":0.0,"(8,8)":0.0,"(1,3)":0.0,"(4,15)":0.0,"(22,10)":0.0,"(21,9)":0.0,"(11,11)":0.0,"(12,15)":0.0,"(9,10)":0.0,"(12,5)":0.0,"(12,2)":0.0,"(20,4)":0.0,"(9,3)":0.0,"(16,4)":339.47942,"(16,10)":0.0,"(17,19)":0.0,"(11,19)":0.0,"(16,19)":0.0,"(4,1)":497.168947,"(13,20)":0.0,"(5,15)":0.0,"(16,9)":0.0,"(4,17)":280.070247,"(5,12)":0.0,"(5,14)":0.0,"(17,11)":0.0,"(6,16)":0.0,"(22,22)":0.0,"(2,14)":0.0,"(11,9)":0.0,"(17,6)":0.0,"(20,12)":0.0,"(21,11)":0.0,"(9,13)":0.0,"(20,15)":0.0,"(10,20)":0.0,"(11,10)":0.0,"(15,22)":0.0,"(2,17)":0.0,"(6,2)":0.0,"(21,14)":0.0,"(8,7)":0.0,"(4,20)":0.0,"(3,17)":0.0,"(2,15)":0.0,"(12,21)":0.0,"(1,8)":0.0,"(22,8)":0.0,"(21,5)":0.0,"(1,13)":419.865496,"(3,12)":0.0,"(3,14)":0.0,"(5,11)":0.0,"(15,9)":0.0,"(9,11)":0.0,"(6,15)":0.0,"(1,14)":320.700947,"(7,14)":492.255174,"(12,1)":213.637585,"(8,10)":0.0,"(14,10)":0.0,"(10,5)":0.0,"(15,8)":0.0,"(15,19)":0.0,"(21,12)":0.0,"(22,20)":0.0,"(2,18)":0.0,"(20,10)":0.0,"(8,22)":0.0,"(16,15)":0.0,"(1,15)":0.0,"(10,11)":0.0,"(12,16)":270.609822,"(17,4)":204.437727,"(3,1)":0.0,"(20,5)":0.0,"(15,15)":0.0,"(16,21)":0.0,"(21,8)":0.0,"(16,3)":0.0,"(17,16)":389.838646,"(12,8)":0.0,"(13,7)":268.795793,"(3,18)":0.0,"(6,17)":0.0,"(22,19)":0.0,"(6,5)":0.0,"(16,17)":272.515276,"(18,18)":0.0,"(13,11)":0.0,"(13,18)":0.0,"(16,11)":0.0,"(2,13)":0.0,"(9,8)":0.0,"(3,4)":0.0,"(5,17)":0.0,"(5,20)":0.0,"(10,19)":0.0,"(2,3)":0.0,"(21,17)":0.0,"(13,3)":0.0,"(4,11)":0.0,"(6,20)":0.0,"(5,4)":0.0,"(17,1)":238.570805,"(2,1)":0.0,"(20,6)":0.0,"(20,11)":0.0,"(5,9)":0.0,"(1,4)":469.814113,"(13,22)":0.0,"(18,19)":0.0,"(19,19)":0.0,"(9,18)":0.0,"(20,16)":0.0,"(3,21)":0.0,"(16,5)":0.0,"(11,22)":0.0,"(19,1)":0.0,"(13,1)":357.213346,"(18,17)":0.0,"(17,18)":0.0,"(14,15)":0.0,"(2,11)":0.0,"(20,2)":0.0,"(10,10)":0.0,"(4,12)":262.686455,"(2,22)":0.0,"(5,22)":0.0,"(6,12)":0.0,"(18,2)":0.0,"(16,7)":334.435439,"(19,7)":0.0,"(7,21)":0.0,"(4,13)":416.028957,"(6,1)":0.0,"(7,11)":0.0,"(11,6)":0.0,"(12,13)":297.8199,"(18,22)":0.0,"(21,18)":0.0,"(22,11)":0.0,"(7,15)":0.0,"(7,6)":0.0,"(15,16)":0.0,"(21,16)":0.0,"(20,19)":0.0,"(11,16)":0.0,"(11,7)":0.0,"(8,14)":0.0,"(5,5)":0.0,"(2,7)":0.0,"(8,3)":0.0,"(5,21)":0.0,"(4,3)":0.0,"(2,21)":0.0,"(9,7)":0.0,"(18,15)":0.0,"(14,3)":0.0,"(4,14)":435.446049,"(18,7)":0.0,"(11,21)":0.0,"(2,10)":0.0,"(14,16)":271.068441,"(14,8)":0.0,"(11,2)":0.0,"(15,6)":0.0,"(19,18)":0.0,"(8,13)":0.0,"(17,22)":0.0,"(1,19)":0.0,"(18,20)":0.0,"(20,1)":0.0,"(3,10)":0.0,"(7,20)":0.0,"(6,14)":0.0,"(9,21)":0.0,"(13,15)":0.0,"(21,21)":0.0,"(17,15)":0.0,"(17,20)":0.0,"(20,21)":0.0,"(20,7)":0.0,"(11,1)":0.0,"(15,18)":0.0,"(19,17)":0.0,"(10,14)":0.0,"(1,10)":0.0,"(9,9)":0.0,"(13,16)":486.898716,"(22,21)":0.0,"(12,17)":207.332502,"(21,6)":0.0,"(12,14)":325.91982,"(12,10)":0.0,"(19,14)":0.0,"(2,6)":0.0,"(13,14)":364.244554,"(16,1)":362.976601,"(16,14)":287.751312,"(10,4)":0.0,"(1,20)":0.0,"(6,21)":0.0,"(10,12)":0.0,"(15,11)":0.0,"(16,16)":0.0,"(16,22)":0.0,"(17,17)":0.0,"(17,13)":302.149252,"(19,8)":0.0,"(17,3)":0.0,"(2,8)":0.0,"(5,8)":0.0,"(13,21)":0.0,"(17,12)":393.749843,"(7,22)":0.0,"(5,19)":0.0,"(1,1)":0.0,"(22,12)":0.0,"(21,19)":0.0,"(17,8)":0.0,"(10,9)":0.0,"(10,21)":0.0,"(4,19)":0.0,"(11,5)":0.0,"(14,17)":267.996439,"(22,6)":0.0,"(14,14)":0.0,"(2,2)":0.0,"(17,21)":0.0,"(5,18)":0.0,"(15,12)":0.0,"(10,16)":0.0,"(20,9)":0.0,"(7,1)":550.454014,"(3,11)":0.0,"(5,13)":0.0,"(10,13)":0.0,"(11,17)":0.0,"(14,12)":282.253211,"(21,22)":0.0,"(14,5)":0.0,"(12,11)":0.0,"(15,14)":0.0,"(1,16)":388.629215,"(11,18)":0.0,"(21,1)":0.0,"(22,13)":0.0,"(2,20)":0.0,"(6,6)":0.0,"(16,8)":0.0,"(20,3)":0.0,"(10,2)":0.0,"(4,2)":0.0,"(15,21)":0.0,"(1,6)":0.0,"(13,13)":0.0,"(19,10)":0.0,"(11,3)":0.0,"(3,19)":0.0,"(22,17)":0.0,"(22,9)":0.0,"(9,20)":0.0,"(8,6)":0.0,"(4,6)":0.0,"(15,5)":0.0,"(8,1)":0.0,"(13,2)":0.0,"(17,2)":0.0,"(14,9)":0.0,"(9,15)":0.0,"(15,7)":0.0,"(6,10)":0.0,"(6,4)":0.0,"(10,7)":0.0,"(5,2)":0.0,"(21,7)":0.0,"(8,19)":0.0,"(7,3)":0.0,"(12,12)":0.0,"(14,1)":376.317238,"(10,3)":0.0,"(13,6)":0.0,"(15,3)":0.0,"(20,14)":0.0,"(1,5)":0.0,"(3,5)":0.0,"(3,8)":0.0,"(9,5)":0.0,"(14,19)":0.0,"(3,6)":0.0,"(19,5)":0.0,"(7,17)":311.004483,"(12,4)":183.2628,"(4,21)":0.0,"(4,4)":0.0,"(13,17)":277.481654,"(19,12)":0.0,"(9,4)":0.0,"(20,17)":0.0,"(22,3)":0.0,"(13,12)":315.592454,"(8,11)":0.0,"(8,18)":0.0,"(6,19)":0.0,"(12,7)":272.918354,"(12,18)":0.0,"(19,22)":0.0,"(20,22)":0.0,"(14,4)":400.463455,"(3,15)":0.0,"(4,22)":0.0,"(2,4)":0.0,"(9,19)":0.0,"(18,16)":0.0,"(6,22)":0.0,"(19,2)":0.0,"(9,22)":0.0,"(22,1)":0.0,"(9,2)":0.0,"(14,21)":0.0,"(5,1)":0.0,"(15,20)":0.0,"(10,6)":0.0,"(11,12)":0.0,"(8,16)":0.0,"(1,18)":0.0,"(2,16)":0.0,"(7,13)":467.262164,"(21,15)":0.0,"(8,15)":0.0,"(9,17)":0.0,"(19,16)":0.0,"(5,10)":0.0,"(18,10)":0.0,"(18,13)":0.0,"(21,10)":0.0,"(8,17)":0.0,"(8,20)":0.0,"(4,8)":0.0,"(11,20)":0.0,"(12,9)":0.0,"(7,8)":0.0,"(14,22)":0.0,"(7,7)":0.0,"(18,1)":0.0,"(22,18)":0.0,"(7,9)":0.0,"(9,14)":0.0,"(4,18)":0.0,"(19,15)":0.0,"(20,20)":0.0,"(3,22)":0.0,"(5,7)":0.0,"(11,14)":0.0,"(12,6)":0.0,"(17,5)":0.0,"(18,6)":0.0,"(6,13)":0.0,"(11,13)":0.0,"(2,19)":0.0,"(19,11)":0.0,"(20,18)":0.0,"(13,5)":0.0,"(4,7)":370.060645,"(6,8)":0.0,"(21,2)":0.0,"(12,20)":0.0,"(7,5)":0.0,"(2,9)":0.0,"(3,2)":0.0,"(14,11)":0.0,"(10,15)":0.0,"(3,7)":0.0,"(15,10)":0.0,"(15,13)":0.0,"(18,8)":0.0,"(14,7)":445.484309,"(18,11)":0.0,"(9,16)":0.0,"(4,16)":367.146256,"(14,20)":0.0,"(22,5)":0.0,"(5,6)":0.0,"(2,12)":0.0,"(12,3)":0.0,"(9,12)":0.0,"(13,10)":0.0,"(17,7)":337.005907,"(19,21)":0.0,"(3,3)":0.0,"(7,4)":478.44846,"(19,3)":0.0,"(1,21)":0.0,"(10,1)":0.0,"(1,9)":0.0,"(10,18)":0.0,"(7,10)":0.0,"(16,18)":0.0,"(6,7)":0.0,"(18,14)":0.0,"(18,9)":0.0,"(7,18)":0.0,"(3,20)":0.0,"(13,8)":0.0,"(1,11)":0.0,"(5,3)":0.0,"(12,22)":0.0,"(18,4)":0.0}