{"56": 0.36175918638359372, "54": 0.15013091145689531, "42": 0.16453684663410031, "48": 0.24697294221711227, "43": 0.16775265833050981, "60": 0.236354662882268, "61": 0.23416271810483891, "62": 0.18717971979900894, "63": 0.19916157483800709, "49": 0.24391948209571793, "52": 0.40980796946643655, "53": 0.46117696349238685, "24": 0.064127073167669926, "25": 0.064150515074470893, "26": 0.094701577233987866, "27": 0.098898632321790303, "20": 0.17051566033501281, "21": 0.18408426184212814, "22": 0.31706775740901988, "23": 0.32540171533499113, "46": 0.15171915184333501, "47": 0.15080853971576991, "44": 0.21629212487311997, "45": 0.22605212097330787, "28": 0.095826371473699615, "29": 0.096032111912616555, "40": 0.4512833089925109, "41": 0.46333841362383299, "1": 0.17634934284483683, "0": 0.15503730228603804, "3": 0.17469804334492556, "2": 0.17625566675757112, "5": 0.3409934417093699, "4": 0.34148941616560718, "7": 0.10272115279484489, "6": 0.10413256875603194, "9": 0.12626058769294674, "8": 0.11413906322057593, "51": 0.12388934701251411, "39": 0.11151367965937313, "38": 0.11152175899210634, "59": 0.18693443524501155, "58": 0.18754799502646374, "11": 0.27810543127905241, "10": 0.27904371750677032, "13": 0.35140169085964079, "12": 0.36137327318499907, "15": 0.17061700100504829, "14": 0.15255544577774718, "17": 0.043724858198853342, "16": 0.041103516757063044, "19": 0.15471335748582724, "18": 0.16453684663410031, "31": 0.27409134169105898, "30": 0.27579956998816818, "37": 0.062621390652303974, "36": 0.063184476369455594, "35": 0.20407936198222612, "34": 0.20229935319630307, "33": 0.19246409851895727, "55": 0.16084845725929514, "32": 0.20192191766628492, "57": 0.36722628234212862, "50": 0.12577428098909191}