{"56": 3.4399600304030216, "54": 3.4432475939456006, "42": 16.980232029217774, "48": 4.167854989695625, "43": 17.127860990870246, "60": 15.221765274426641, "61": 17.00556753153148, "62": 10.469586550762118, "63": 11.049058131306994, "64": 11.05665943095176, "49": 6.251782484543437, "66": 4.999631322758536, "67": 7.499446984137804, "68": 4.936931714130462, "69": 7.405397571195691, "52": 9.81845493170901, "53": 9.846680683748916, "24": 11.04161190643383, "25": 11.090306612888302, "26": 4.5827194135406, "27": 4.45251754235305, "20": 11.604339405850899, "21": 10.936654099781187, "22": 12.495896483232961, "23": 13.347833079773606, "46": 4.7781213343171896, "47": 7.167182001475783, "44": 4.6417357623403595, "45": 6.96260364351054, "28": 6.739148873201685, "29": 6.97773712018349, "40": 6.913041636988785, "41": 6.7786352191089865, "1": 12.815391281548248, "0": 11.385941974850725, "3": 13.04563653857198, "2": 13.169036579479975, "5": 11.736038693223895, "4": 11.592971084625855, "7": 7.447449801992693, "6": 7.51890775260028, "9": 9.469544076971006, "8": 8.560429741543196, "51": 6.363366910266754, "39": 4.543420712189323, "65": 11.052465443216674, "38": 4.525774863609242, "73": 14.591255691094815, "72": 13.920130127329351, "71": 17.25607828874681, "70": 17.433790964850356, "59": 9.213129333692127, "58": 9.33850861489713, "11": 11.739281113808694, "10": 11.648764861524382, "13": 12.326099188881543, "12": 12.288557352370393, "15": 6.728293286254157, "14": 4.485528857502771, "17": 7.527126206557603, "16": 5.01808413770507, "19": 3.1334428544948167, "18": 2.9598793253562294, "31": 6.881592845935423, "30": 6.898986144005945, "37": 15.024901672853156, "36": 14.964750792362517, "35": 10.003639812448075, "34": 10.374690091147793, "33": 15.984594545678952, "55": 5.1648713909184005, "32": 15.939966685650132, "57": 5.159940045604532, "50": 4.242244606844503}