{"56": 14564.75315, "54": 19679.89671, "42": 13512.00155, "48": 5229.910063, "43": 5127.526119, "60": 5002.607563, "61": 5059.91234, "62": 5075.697193, "63": 5059.91234, "64": 5229.910063, "49": 19679.89671, "66": 9599.180565, "67": 5075.697193, "68": 5229.910063, "69": 5000.0, "52": 4823.950831, "53": 23403.47319, "24": 13915.78842, "25": 13915.78842, "26": 10000.0, "27": 13512.00155, "20": 5050.193156, "21": 5045.822583, "22": 10000.0, "23": 5050.193156, "46": 5045.822583, "47": 4854.917717, "44": 14564.75315, "45": 9599.180565, "28": 4854.917717, "29": 4993.510694, "40": 5127.526119, "41": 4924.790605, "1": 23403.47319, "0": 25900.20064, "3": 4958.180928, "2": 25900.20064, "5": 17110.52372, "4": 23403.47319, "7": 17110.52372, "6": 23403.47319, "9": 4908.82673, "8": 17782.7941, "51": 5229.910063, "39": 4876.508287, "65": 4885.357564, "75": 5078.508436, "38": 5091.256152, "73": 5091.256152, "72": 5078.508436, "71": 5000.0, "70": 4924.790605, "59": 23403.47319, "58": 5002.607563, "11": 4947.995469, "10": 17782.7941, "13": 4958.180928, "12": 10000.0, "15": 4898.587646, "14": 4947.995469, "17": 23403.47319, "16": 7841.81131, "19": 7841.81131, "18": 4898.587646, "31": 10000.0, "30": 4908.82673, "37": 25900.20064, "36": 25900.20064, "35": 4908.82673, "34": 23403.47319, "33": 4876.508287, "55": 23403.47319, "74": 4885.357564, "32": 4908.82673, "57": 4823.950831, "50": 4993.510694}