{"20": 0.2458414030633117, "21": 0.24493865497485987, "22": 0.18717971979900894, "23": 0.192551530750411, "1": 0.3148939774443233, "0": 0.2948388908005997, "3": 0.4462302321577355, "2": 0.4376029913907373, "5": 0.16295352243708608, "4": 0.13656408804552383, "7": 0.528435752751862, "6": 0.5123475427041122, "9": 0.236021981009706, "8": 0.22617802583743496, "11": 0.19350311838095904, "10": 0.18777763690313368, "13": 0.23825659049364184, "12": 0.23276742127903, "15": 0.16479358832798555, "14": 0.16678505374588254, "17": 0.3296021228261404, "16": 0.330008604650025, "19": 0.17796289267998788, "18": 0.17872334416721036}