{"56": 11.05665943095176, "54": 10.469586550762118, "42": 11.604339405850899, "48": 8.608118984864001, "43": 11.945303335792973, "60": 17.433790964850356, "61": 17.25607828874681, "62": 13.920130127329351, "63": 14.591255691094815, "49": 8.599900076007554, "52": 15.221765274426641, "53": 17.00556753153148, "24": 4.5827194135406, "25": 4.45251754235305, "26": 6.739148873201685, "27": 6.97773712018349, "20": 12.495896483232961, "21": 13.347833079773606, "22": 11.04161190643383, "23": 11.090306612888302, "46": 9.81845493170901, "47": 9.846680683748916, "44": 10.419637474239062, "45": 10.605611517111257, "28": 6.898986144005945, "29": 6.881592845935423, "40": 16.980232029217774, "41": 17.127860990870246, "1": 12.815391281548248, "0": 11.385941974850725, "3": 13.04563653857198, "2": 13.169036579479975, "5": 11.736038693223895, "4": 11.592971084625855, "7": 7.447449801992693, "6": 7.51890775260028, "9": 9.469544076971006, "8": 8.560429741543196, "51": 9.213129333692127, "39": 6.7786352191089865, "38": 6.913041636988785, "59": 12.342329285326153, "58": 12.49907830689634, "11": 11.739281113808694, "10": 11.648764861524382, "13": 12.326099188881543, "12": 12.288557352370393, "15": 12.545210344262673, "14": 11.213822143756929, "17": 3.1334428544948167, "16": 2.9598793253562294, "19": 10.936654099781187, "18": 11.604339405850899, "31": 15.984594545678952, "30": 15.939966685650132, "37": 4.543420712189323, "36": 4.525774863609242, "35": 15.024901672853156, "34": 14.964750792362517, "33": 10.003639812448075, "55": 11.049058131306994, "32": 10.374690091147793, "57": 11.052465443216674, "50": 9.33850861489713}