{"56": 2068.636909, "54": 1671.29253, "42": 1115.502471, "48": 2251.546038, "43": 918.190114, "60": 849.35229, "61": 748.211891, "62": 5396.837063, "63": 5859.480324, "64": 2249.17557, "49": 2251.546038, "66": 5826.794762, "67": 5826.794762, "68": 4285.78757, "69": 4285.78757, "52": 5666.32431, "53": 3486.528434, "24": 1164.029522, "25": 1821.610648, "26": 6696.588628, "27": 7022.406674, "20": 6137.908989, "21": 5530.938491, "22": 6379.968812, "23": 6351.542558, "46": 5540.728327, "47": 5540.728327, "44": 6137.908989, "45": 6137.908989, "28": 4317.863387, "29": 7305.261854, "40": 5519.975738, "41": 4210.143283, "1": 5502.891969, "0": 5770.740094, "3": 8000.0, "2": 7911.813509, "5": 786.721158, "4": 845.09165, "7": 6000.0, "6": 6000.0, "9": 8000.0, "8": 6438.424264, "51": 2330.142567, "39": 8000.0, "65": 1790.182665, "38": 8000.0, "73": 5877.602649, "72": 6000.0, "71": 5941.509547, "70": 5726.051257, "59": 6000.0, "58": 5471.535226, "11": 1860.713486, "10": 2228.34449, "13": 1246.948062, "12": 1370.934089, "15": 6565.526887, "14": 6565.526887, "17": 4448.251067, "16": 4448.251067, "19": 6000.0, "18": 6000.0, "31": 6009.811055, "30": 7374.719155, "37": 6000.0, "36": 6000.0, "35": 2747.669928, "34": 2934.51529, "33": 2269.323789, "55": 1671.29253, "32": 2222.513358, "57": 2068.636909, "50": 2330.142567}