{"20": 16.50791708359106, "21": 16.299241593254592, "22": 13.920130127329351, "23": 14.194653045839052, "1": 22.83528621404672, "0": 21.485922426146935, "3": 32.70389230340661, "2": 32.02562773881377, "5": 11.97811293023347, "4": 10.077340795420966, "7": 38.66741121038666, "6": 37.63461529833393, "9": 16.796114242202183, "8": 16.215435794797198, "11": 12.937426500746488, "10": 12.877906054446688, "13": 17.16259431586474, "12": 16.937195032523533, "15": 10.681694627287877, "14": 10.770853345153691, "17": 24.36731206452414, "16": 24.43531455794137, "19": 12.33527275744721, "18": 12.50835831654928}