{"56": 0.37690566319617336, "54": 0.15899444970686183, "42": 0.17346829790281681, "48": 0.26103600947744166, "43": 0.1740119390721499, "60": 0.24519654740958002, "61": 0.24339187698022785, "62": 0.19428391342341142, "63": 0.20830421632208654, "49": 0.25768677320605354, "52": 0.41411115980187907, "53": 0.46578204639054582, "24": 0.068598910917411243, "25": 0.06837670068598975, "26": 0.099169859500981047, "27": 0.10370080984164153, "20": 0.17786936269032988, "21": 0.19187985522511133, "22": 0.3253288004065501, "23": 0.33216217663270531, "46": 0.15793336032520702, "47": 0.15808021971069375, "44": 0.22876454852994993, "45": 0.24025345906959203, "28": 0.10183195097759308, "29": 0.10204695344761493, "40": 0.46786859387266488, "41": 0.47467101882938834, "1": 0.18331661643490615, "0": 0.16199494790047905, "3": 0.17974465749214891, "2": 0.18195885228991582, "5": 0.34896494909772363, "4": 0.34941003322040798, "7": 0.10795763824510915, "6": 0.1098329261253457, "9": 0.12993960273178221, "8": 0.11796310540628036, "51": 0.13000209538749197, "39": 0.11951104826186673, "38": 0.11860992439601352, "59": 0.19783447598192469, "58": 0.19788500776365087, "11": 0.2849506792666503, "10": 0.28206377610270911, "13": 0.36212431973152198, "12": 0.36493538437451084, "15": 0.17769264890134612, "14": 0.15907386099031015, "17": 0.045918592482674228, "16": 0.043135835162695771, "19": 0.16350086641522379, "18": 0.17346829790281681, "31": 0.28925369879414708, "30": 0.29164758126727386, "37": 0.066263767488221478, "36": 0.066830216283514196, "35": 0.21257787320497298, "34": 0.20909928722179372, "33": 0.20278357484032802, "55": 0.16985513954881526, "32": 0.2111941251528249, "57": 0.38449353407582793, "50": 0.13101658876698216}