{"56": 0.103075, "54": 0.104414, "42": 0.467869, "48": 0.091506, "43": 0.474671, "60": 0.414111, "61": 0.465782, "62": 0.158994, "63": 0.169855, "64": 0.376906, "49": 0.137259, "66": 0.079154, "67": 0.118731, "68": 0.079134, "69": 0.118701, "52": 0.157933, "53": 0.15808, "24": 0.325329, "25": 0.332162, "26": 0.068599, "27": 0.068377, "20": 0.173468, "21": 0.163501, "22": 0.177869, "23": 0.19188, "46": 0.069605, "47": 0.104407, "44": 0.069387, "45": 0.104081, "28": 0.09917, "29": 0.103701, "40": 0.11861, "41": 0.119511, "1": 0.183317, "0": 0.161995, "3": 0.179745, "2": 0.181959, "5": 0.348965, "4": 0.34941, "7": 0.107958, "6": 0.109833, "9": 0.12994, "8": 0.117963, "51": 0.144152, "39": 0.066264, "65": 0.384494, "38": 0.06683, "73": 0.208304, "72": 0.194284, "71": 0.243392, "70": 0.245197, "59": 0.130002, "58": 0.131017, "11": 0.284951, "10": 0.282064, "13": 0.362124, "12": 0.364935, "15": 0.095444, "14": 0.06363, "17": 0.106616, "16": 0.071077, "19": 0.045919, "18": 0.043136, "31": 0.102047, "30": 0.101832, "37": 0.212578, "36": 0.209099, "35": 0.202784, "34": 0.211194, "33": 0.289254, "55": 0.156622, "32": 0.291648, "57": 0.154612, "50": 0.096101}