{"54": 349.20975330437329, "42": 356.21269684892962, "48": 279.79953301096629, "43": 356.26522325061325, "49": 217.95705069189367, "52": 305.82729495079417, "53": 250.74191259839736, "24": 217.09690898819255, "25": 328.89444168698577, "26": 235.20588648148444, "27": 420.64182474306932, "20": 315.63262709830133, "21": 229.07665425914649, "22": 231.7445223559329, "23": 293.39490782894569, "46": 436.60022516460214, "47": 358.30694921766678, "44": 380.92421675166258, "45": 286.13607016804394, "28": 377.02659841912384, "29": 348.12940261993998, "40": 471.52452936306179, "41": 319.14321860855824, "1": 361.37647066996624, "0": 338.22884169602366, "3": 373.38653190963362, "2": 218.61460281495536, "5": 420.59640625966216, "4": 414.87328118461716, "7": 385.06596257443636, "6": 160.83602395661052, "9": 176.27673886953033, "8": 327.46271542730238, "51": 361.29572231074206, "39": 385.40449254340081, "38": 370.49406170207669, "11": 426.49683941367141, "10": 347.13591046274621, "13": 167.84905783229723, "12": 391.72975495322385, "15": 309.51466572937625, "14": 406.415573271249, "17": 400.28371172258448, "16": 328.13839770419673, "19": 473.64811017251657, "18": 532.5818273521412, "31": 302.90812368652752, "30": 347.51910820061391, "37": 457.21101432766301, "36": 351.60891524406213, "35": 339.13428763366693, "34": 245.89120635374303, "33": 1073.3630913973436, "55": 274.18357045872943, "32": 441.31631307409356, "50": 205.35801030868419}