{"54": 579.5233444570794, "42": 678.0957358989472, "48": 196.2687574249268, "43": 308.48069715388294, "49": 430.1658237419493, "52": 1584.724357562388, "53": 295.42584356627304, "24": 265.4595836306503, "25": 292.1622493512129, "26": 575.436179953397, "27": 1195.5676126596122, "20": 387.2394228803377, "21": 849.5454532377765, "22": 2433.2061859476203, "23": 743.6649350874728, "46": 1021.1506224908172, "47": 3610.859017183832, "44": 1226.1948606810697, "45": 1075.6813242000635, "28": 769.5876842976627, "29": 238.2257983563509, "40": 3030.2893047377943, "41": 294.1976188399416, "1": 774.2015807067444, "0": 569.0357118614785, "3": 929.0239870777898, "2": 1206.4571349026412, "5": 604.0622287336039, "4": 887.6658565311811, "7": 565.7094090663705, "6": 325.43687078449625, "9": 2045.8362834605218, "8": 280.8144941579354, "51": 573.3759756269371, "39": 359.00404735587756, "38": 237.4725593541567, "11": 239.18047274581656, "10": 396.7885605660292, "13": 257.33331541768933, "12": 517.7122750874662, "15": 221.4081013025421, "14": 616.6440073671243, "17": 1505.3804836722634, "16": 1065.4105832439286, "19": 1368.312787407378, "18": 1074.2978988760176, "31": 888.5906195052187, "30": 1747.7056587745178, "37": 451.7166322313866, "36": 72.36080674662041, "35": 587.6440181345383, "34": 148.62772522982453, "33": 410.0710721981894, "55": 368.84828346690887, "32": 875.2387879910433, "50": 307.5192792650818}