{"54": 299.3977009598228, "42": 524.114946551166, "48": 187.97608719631612, "43": 271.41623910793646, "49": 290.75566041192315, "52": 1527.3238130123216, "53": 150.81070228817984, "24": 246.63392225405886, "25": 196.40223531152373, "26": 474.21641894305327, "27": 1478.2843138411022, "20": 391.50582041492385, "21": 727.7309471023588, "22": 1456.7179094566238, "23": 457.0357079597318, "46": 409.80688000320663, "47": 1618.3329200210344, "44": 620.7316763435977, "45": 498.9734715100207, "28": 695.6841974183433, "29": 236.84008658452484, "40": 1929.1596469155859, "41": 275.4131642441916, "1": 834.8445684344366, "0": 401.94045324289334, "3": 563.9209110488058, "2": 680.0787086139483, "5": 451.328958073714, "4": 599.7324845194291, "7": 599.3433730306155, "6": 250.09141341342234, "9": 1301.2764713069546, "8": 147.7198054601848, "51": 343.6165249466445, "39": 207.13648056236065, "38": 142.07354494819185, "11": 133.3224087288927, "10": 211.46717696289167, "13": 208.8546558156161, "12": 318.8280964311635, "15": 163.45795381447792, "14": 388.27572246051227, "17": 695.5211617326552, "16": 533.5255357217185, "19": 1043.437634429264, "18": 706.0720455162569, "31": 360.1775647935805, "30": 695.9858255031029, "37": 324.55117187066236, "36": 123.15494392550544, "35": 508.75054000658054, "34": 172.26115008967213, "33": 923.0826925667842, "55": 223.74749139494708, "32": 491.8094132262498, "50": 243.75070782828678}