{"54": 325.18711814197405, "42": 544.5974020293779, "48": 210.79689566826244, "43": 278.14503653873817, "49": 311.6103187848581, "52": 1412.6632756006504, "53": 158.34645658367165, "24": 330.7270058184536, "25": 155.7223496390055, "26": 466.57052427467414, "27": 1516.8316727379515, "20": 326.45596530518554, "21": 716.2303382670032, "22": 1290.4783971450652, "23": 521.373660329717, "46": 519.8823836051444, "47": 1301.9166871239775, "44": 874.9942828113965, "45": 576.7913481562285, "28": 527.7570955535414, "29": 220.13007271945875, "40": 1711.454105475699, "41": 280.65228822023414, "1": 611.5789612721106, "0": 484.3663207305515, "3": 534.4866495635263, "2": 792.8679536898873, "5": 432.5123049955665, "4": 619.8779893020209, "7": 591.0131830416188, "6": 298.24623556663107, "9": 1249.879761019903, "8": 221.72118620273082, "51": 334.85978921559365, "39": 217.22767613631243, "38": 137.92351398318837, "11": 105.99968323248862, "10": 153.057582277265, "13": 191.6872319924449, "12": 265.70953898026124, "15": 182.09281846782778, "14": 563.9927552345242, "17": 712.0926396478533, "16": 505.30223941122165, "19": 836.2847318475239, "18": 638.5013860077044, "31": 358.49854441353546, "30": 703.7526516096559, "37": 472.7805354288255, "36": 143.541235020686, "35": 474.56796034904346, "34": 171.91494156226972, "33": 1314.755976482212, "55": 223.63414728264445, "32": 273.54842155378697, "50": 183.78232214241078}