{"54": 325.53325436938104, "42": 362.97660096346732, "48": 272.51527563570102, "43": 339.47941993191159, "49": 238.57080529659586, "52": 393.74984341814468, "53": 302.14925164535754, "24": 297.81989957709408, "25": 325.91982035854954, "26": 270.60982249877287, "27": 207.33250202930245, "20": 311.00448339074319, "21": 213.63758458836992, "22": 183.26280046988438, "23": 272.91835378415448, "46": 339.45822947746097, "47": 287.75131168391488, "44": 334.43543891293297, "45": 332.73008173296216, "28": 357.21334593704057, "29": 338.30626936378786, "40": 271.06844052859185, "41": 267.99643893937451, "1": 673.78823319471371, "0": 469.81411347472181, "3": 419.86549582651901, "2": 216.96022533042736, "5": 388.6292146680845, "4": 320.70094691158198, "7": 497.16894743587852, "6": 229.39949803711966, "9": 262.68645501873186, "8": 370.06064516796596, "51": 337.0059069660366, "39": 337.64274964525265, "38": 282.25321102155272, "11": 435.44604882571247, "10": 416.02895733893155, "13": 280.07024655295379, "12": 367.14625631426657, "15": 478.44845996234579, "14": 550.45401399546449, "17": 467.26216363863608, "16": 337.58995963361855, "19": 338.53845979550346, "18": 492.25517359178968, "31": 315.59245445392355, "30": 268.79579271084623, "37": 445.48430947383338, "36": 400.46345458342506, "35": 376.31723833794126, "34": 277.48165410533232, "33": 486.89871592911612, "55": 389.83864629021969, "32": 364.24455366365271, "50": 204.43772678729118}