{"54": 0.0006035970353394128, "42": 768.0332201768696, "48": 1751.6284635189586, "43": 2.4520399936933615, "49": 1.5269260105489018, "52": 2087.9521136737203, "53": 1.3100514905976368, "24": 1319.2090368764789, "25": 1.3831737992296098, "26": 4.597300364389472e-06, "27": 1968.2002227348808, "20": 8.021070468050459e-06, "21": 1141.0071159692125, "22": 1185.3942499303405, "23": 274.83911646372303, "46": 515.6349636743246, "47": 0.000603731037476983, "44": 959.4731558124599, "45": 1.0789330953859348, "28": 30.54940168666805, "29": 10.590008337885024, "40": 219.2544150884698, "41": 227.47757375713297, "1": 3053.2641942360415, "0": 2.766286719342153e-09, "3": 150.4397783923833, "2": 3.0364712691176498e-09, "5": 8.018702628064743e-06, "4": 639.335299048814, "7": 0.009693810860889496, "6": 8.225965758050239e-07, "9": 2351.4737111112895, "8": 70.86022291538814, "51": 798.3806092641948, "39": 1507.1513845025154, "38": 1.3128293498468793, "11": 61.32831643634234, "10": 52.952991904168194, "13": 8.06454338390418e-06, "12": 8.018675346871352e-06, "15": 1.860278798282522, "14": 2125.854090233153, "17": 122.47113498293022, "16": 39.5667666274926, "19": 3987.0924679092022, "18": 524.838117159434, "31": 1535.106501265877, "30": 186.65823524210413, "37": 286.44889345400384, "36": 2.0430240577074557, "35": 444.7209706025927, "34": 4.553531214932728e-06, "33": 4.551221583186293e-06, "55": 2.4694148768544917, "32": 1681.6918807929592, "50": 1415.8921120575412}