{"54": 360.7449283099387, "42": 454.57926971950809, "48": 483.07602085318615, "43": 423.51672285898275, "49": 242.87998929250944, "52": 455.70954561686614, "53": 262.81294218453644, "24": 308.40389795913933, "25": 402.32969975860783, "26": 393.70811679955602, "27": 389.85254476202203, "20": 389.14172931403766, "21": 269.1701245350821, "22": 297.52536750243161, "23": 334.28929414188366, "46": 415.93338649405405, "47": 350.61888435932599, "44": 460.31622309594241, "45": 325.47636713572928, "28": 428.19480841775913, "29": 425.7914792869214, "40": 309.78673908653212, "41": 370.57248217710611, "1": 648.85540687812943, "0": 528.09257205195411, "3": 458.72073293189158, "2": 267.56507681261274, "5": 400.93898485117023, "4": 451.63236608674544, "7": 482.69054784019244, "6": 225.13911591276224, "9": 342.55153615488609, "8": 409.57445054062828, "51": 424.49125289074107, "39": 398.02931972232352, "38": 404.24616888926198, "11": 446.71731554150438, "10": 420.30304611970098, "13": 244.38737080230013, "12": 428.09426923602587, "15": 424.16768304220534, "14": 704.00664130144344, "17": 513.19293509398483, "16": 433.37320164620019, "19": 498.0925124843962, "18": 834.59625557596689, "31": 269.17992110030372, "30": 465.17221760067162, "37": 541.11542859762937, "36": 492.480664302631, "35": 337.13445922066819, "34": 318.0257509975533, "33": 713.58729853228795, "55": 429.85938631845499, "32": 567.70803887037164, "50": 257.60106457610283}