{"54": 325.9845506479441, "42": 548.6970056464265, "48": 475.16886568742916, "43": 239.63684710600904, "49": 311.89209069066686, "52": 1672.220918582923, "53": 178.30493068638862, "24": 414.3110385414796, "25": 268.08692080748995, "26": 584.5256421679916, "27": 1995.6729755833717, "20": 357.23388940524165, "21": 860.0549539051218, "22": 1671.7688332394032, "23": 540.4453268196864, "46": 351.13986931644337, "47": 1209.910641838759, "44": 559.2252770549796, "45": 787.102911677741, "28": 705.8692533995951, "29": 255.36898897862363, "40": 1271.3158233090996, "41": 460.667420558181, "1": 1122.2708171018419, "0": 627.3445721537634, "3": 744.6362453251946, "2": 867.7156561893069, "5": 450.56687755168946, "4": 578.7409076140348, "7": 729.2696256886163, "6": 226.61029493344486, "9": 1515.9633483108385, "8": 135.91107570028433, "51": 313.257523878067, "39": 233.22342792207832, "38": 170.49229673572125, "11": 117.27616804647978, "10": 177.64755555068754, "13": 187.27708997764668, "12": 262.3056180263594, "15": 231.50959598906564, "14": 994.1436354817887, "17": 1072.7271905251066, "16": 629.6760084275113, "19": 920.115743753012, "18": 636.4394826835583, "31": 241.6818299785582, "30": 927.5210130118777, "37": 459.3204394706793, "36": 108.22499316770248, "35": 555.4773290348584, "34": 173.18804997163033, "33": 633.9044597132706, "55": 329.9105807078314, "32": 505.0127555281394, "50": 266.9537855782503}