{"54": 0.028043928648842975, "42": 1184.4980288400723, "48": 950.100753655926, "43": 0.07907282639371793, "49": 0.03123617628484543, "52": 1511.2733377093073, "53": 1.7246316303695317e-05, "24": 1353.70649693061, "25": 0.2851204991383335, "26": 0.36171312134664124, "27": 1672.8604886210862, "20": 0.06082821938017269, "21": 5.32198726108297e-05, "22": 1687.7018169090716, "23": 0.026819246584017353, "46": 1.7236128917397816e-05, "47": 259.2386229126959, "44": 1037.9537590105188, "45": 1.7441454132780736e-05, "28": 0.015586026662249619, "29": 0.02485763575691813, "40": 1640.598032482813, "41": 734.0604317527307, "1": 968.9394529482087, "0": 1.6173585248514113e-10, "3": 2515.956239768131, "2": 1.7840588589443265e-10, "5": 0.07450057321725922, "4": 0.030516681730163087, "7": 877.104367684056, "6": 5.383723527360359e-08, "9": 1713.7779015099748, "8": 1.845170017360055e-09, "51": 757.1269924585829, "39": 1296.1333984614776, "38": 0.0413167680019535, "11": 1.8451699193257785e-09, "10": 1.8451700084887414e-09, "13": 1.855750813799444e-09, "12": 1.8451699718534283e-09, "15": 0.07842863438252068, "14": 1016.8963333762598, "17": 0.04524784785101299, "16": 0.021614559198340155, "19": 0.07470250620504837, "18": 2640.752290512603, "31": 1527.2915754250394, "30": 275.5630306218643, "37": 134.8188795061606, "36": 0.07770658110850154, "35": 501.4565120097901, "34": 0.19176340814994464, "33": 2681.2682834852953, "55": 0.028183077404908663, "32": 1607.7084937447514, "50": 951.7194289078951}