{"54": 430.513661469084, "42": 457.16640782980096, "48": 543.4424203116546, "43": 466.16589042803713, "49": 274.74981767906445, "52": 383.73966708944243, "53": 355.12679419695365, "24": 377.19837676321185, "25": 402.96989422100813, "26": 282.550040073853, "27": 435.72144375007406, "20": 470.63673077245755, "21": 269.63791514538514, "22": 317.0900362795926, "23": 330.08236389833144, "46": 465.4573283365019, "47": 452.6813235527265, "44": 420.2520091618766, "45": 342.1519513364378, "28": 475.60910211371385, "29": 467.517827341877, "40": 325.04848405720895, "41": 299.86338131263267, "1": 535.0886036893106, "0": 371.1287326273086, "3": 495.8603374622901, "2": 271.979556906804, "5": 490.90439872085, "4": 558.1293478629208, "7": 516.7880364732963, "6": 281.77437218011755, "9": 198.89294815750512, "8": 494.9531896788961, "51": 421.96349315403967, "39": 427.10889401287744, "38": 445.42716731895814, "11": 567.5340985172289, "10": 433.69718411185187, "13": 352.03613181194123, "12": 407.1277721377442, "15": 505.25078642580695, "14": 521.7743259417844, "17": 838.8550580940073, "16": 458.7405277996047, "19": 531.5672126904002, "18": 635.8808285645163, "31": 395.80884953754565, "30": 486.473547454971, "37": 582.4653862580604, "36": 470.3531494244931, "35": 416.2098498379026, "34": 355.32318288593274, "33": 512.5014920450806, "55": 404.51200661989884, "32": 507.4560180549271, "50": 284.0320030924364}