{"54": 566.53844979713904, "42": 431.09000606735998, "48": 188.78915342563408, "43": 512.00194168049973, "49": 239.61233208824711, "52": 383.70980317513158, "53": 402.01471916562178, "24": 278.56895787671465, "25": 362.27448482762901, "26": 272.22593332871327, "27": 127.83345227622054, "20": 334.26801278021088, "21": 190.45385281027581, "22": 163.84864172760183, "23": 276.31651012952818, "46": 849.50305020479971, "47": 1621.3805371975168, "44": 714.33714163344723, "45": 517.88436110342047, "28": 374.33288253403055, "29": 399.12287842464355, "40": 735.14338215497185, "41": 254.81836254849321, "1": 325.36420962123395, "0": 364.03056284789056, "3": 543.74377786774585, "2": 387.08758064331516, "5": 533.45651043787552, "4": 531.09258776508943, "7": 511.45758759908114, "6": 187.04618383032806, "9": 459.38774642717311, "8": 326.3000957360785, "51": 514.83261121678015, "39": 754.47852243906016, "38": 648.38454299485522, "11": 663.68069278806126, "10": 581.07347147783923, "13": 213.5697406562517, "12": 610.21161966104626, "15": 331.94970507265487, "14": 302.44724300756042, "17": 1224.5943597139169, "16": 636.43515639738541, "19": 831.62148783995667, "18": 1315.2752217832524, "31": 472.95426500825249, "30": 573.72905969353872, "37": 608.2598027446561, "36": 461.95493870980164, "35": 324.12889515087988, "34": 260.00319788584068, "33": 600.5097550761642, "55": 282.77620243799237, "32": 777.60365365487121, "50": 234.68217268620106}