{"54": 0.520202122249096, "42": 269.6131690183164, "48": 2.1111262292645847, "43": 723.897039046843, "49": 0.3292603945101742, "52": 1606.5837070193968, "53": 0.0001573248641951045, "24": 4.472177324462011, "25": 5.388292432875259, "26": 2579.88578077416, "27": 1839.9919781213093, "20": 0.32128044506807396, "21": 1211.5444904159278, "22": 887.4103649069237, "23": 1.515307873130833, "46": 0.00015727740949210574, "47": 551.7506269694454, "44": 2659.28259915825, "45": 0.0001592167592438721, "28": 2170.6091642429515, "29": 0.8837110319742381, "40": 4126.551259289636, "41": 2.8621990072834755, "1": 1.2186238898889599, "0": 5.686329192288238e-10, "3": 0.17309151842909465, "2": 6.241715672716007e-10, "5": 0.29456415371829836, "4": 3549.407795437142, "7": 0.004117057177526029, "6": 1.8835555675120387e-07, "9": 1929.0958467862022, "8": 467.48012666913473, "51": 1606.7307676855773, "39": 1.4145172009118596, "38": 1578.6866157802187, "11": 0.15766956902101625, "10": 1.1695308654787056, "13": 176.75851963917626, "12": 0.33217667123697714, "15": 578.5396071844118, "14": 264.50690527069656, "17": 3813.803751382107, "16": 16.673880476627573, "19": 0.3416070747062596, "18": 0.1478075717215166, "31": 1.1243335632288485, "30": 2.1250367027215353, "37": 5.77398915503187, "36": 1053.1939558464694, "35": 51.994181761327724, "34": 1652.4634490131891, "33": 399.48379827874896, "55": 0.5242664011619327, "32": 3313.093634258402, "50": 0.7737178693738236}