{"54": 305.7660610814943, "42": 422.5269623320645, "48": 244.4650686344162, "43": 266.3082418919751, "49": 298.3035987884505, "52": 1506.9328482673623, "53": 172.52246506729955, "24": 303.68141707987945, "25": 148.028362287561, "26": 447.0621448451825, "27": 1454.4290332447597, "20": 317.11731082931516, "21": 797.8389779210422, "22": 1133.712211863121, "23": 462.3800841468842, "46": 400.7369473459804, "47": 573.4140440480165, "44": 478.2074640382492, "45": 568.5240723215006, "28": 504.47957514171304, "29": 204.53442737321643, "40": 963.4638467420118, "41": 278.24603090215584, "1": 1363.99403533739, "0": 497.5536396736111, "3": 455.9244735099863, "2": 780.4734750649222, "5": 352.74121040896824, "4": 486.8887454772228, "7": 461.1830222204932, "6": 240.828420390717, "9": 1349.7275090400071, "8": 154.7397902882235, "51": 315.5425165161178, "39": 145.9989512973134, "38": 107.53922380940224, "11": 132.98388596462567, "10": 187.43352669468234, "13": 198.54945073086424, "12": 272.68117200747656, "15": 158.02727602683757, "14": 895.9207854586804, "17": 456.02389569257343, "16": 491.8414000338145, "19": 611.7192482134353, "18": 485.6826853822222, "31": 309.9126570718065, "30": 459.33475787441654, "37": 260.60304892941537, "36": 121.51465187377623, "35": 423.6666674643961, "34": 153.22813367792924, "33": 405.58239591511756, "55": 295.6753138541723, "32": 224.9459499051811, "50": 224.64356324867634}