{"54": 384.16557538175965, "42": 524.01424343482677, "48": 235.25962862258362, "43": 596.58894169080929, "49": 230.20803369695349, "52": 136.6669364326778, "53": 252.81470713728586, "24": 418.64520018446177, "25": 675.34812918154523, "26": 556.24305936792246, "27": 714.68478783218086, "20": 509.53109700838274, "21": 415.18238031363086, "22": 430.75161141660124, "23": 583.3930968865327, "46": 373.33475724596406, "47": 751.77864911120218, "44": 590.08828905104622, "45": 254.07584063014414, "28": 664.74140160228637, "29": 739.93975893882816, "40": 1610.0609468580385, "41": 401.6388549706719, "1": 253.9437109323928, "0": 290.29230657885608, "3": 372.58154226500193, "2": 187.85501799251614, "5": 480.08088700083641, "4": 430.23092465960843, "7": 392.11252917349827, "6": 249.14883872030347, "9": 166.03430018398655, "8": 312.93906123760451, "51": 393.68545873295864, "39": 411.302507519632, "38": 320.44718145457347, "11": 580.78801425289657, "10": 385.60098382982045, "13": 264.60063160276997, "12": 544.23867154349205, "15": 535.28812260071675, "14": 415.48557107711247, "17": 509.52257304920499, "16": 315.25996414029117, "19": 738.78047955545355, "18": 831.19785134016149, "31": 313.5024135467857, "30": 1148.0411562493709, "37": 468.80589053520208, "36": 567.38208827216965, "35": 430.94183657376328, "34": 456.08556741114421, "33": 1971.7449453838683, "55": 205.46239741480372, "32": 1041.5728139766172, "50": 242.9965404380784}