{"54": 284.02056297483165, "42": 703.2598623742898, "48": 264.5513675493606, "43": 444.58851667214225, "49": 315.3187628843744, "52": 1472.7266779763295, "53": 173.21034802527518, "24": 617.2846421504437, "25": 411.12962192028294, "26": 858.8307385743454, "27": 1767.770878259925, "20": 518.3645237155989, "21": 1119.3788697861387, "22": 1659.4442661234084, "23": 892.565503607501, "46": 283.5056947134505, "47": 2067.5169419574836, "44": 851.7877400765994, "45": 491.61900980688137, "28": 702.930849315438, "29": 445.3522149526107, "40": 3008.116713311697, "41": 385.92106951712583, "1": 809.6013172938267, "0": 361.6988352710992, "3": 524.3582531151438, "2": 672.7582508108928, "5": 522.4900332101594, "4": 619.5575335584817, "7": 457.82681792036266, "6": 360.9728247283648, "9": 1475.3808283565652, "8": 150.65981753340952, "51": 327.1016542745831, "39": 158.61297169314278, "38": 106.44054011805117, "11": 134.92272183406138, "10": 202.326551950073, "13": 263.4275835574742, "12": 325.6608591579215, "15": 293.38985843144525, "14": 613.3004230586403, "17": 784.1494866580331, "16": 719.8487137448917, "19": 1436.5078146815474, "18": 771.9195777112991, "31": 400.679340723698, "30": 2211.0213890851833, "37": 458.4612588672478, "36": 180.29860392773327, "35": 540.0740013601758, "34": 203.22728544676363, "33": 1780.573830148729, "55": 172.1537747252309, "32": 797.5982861057793, "50": 263.3975199858711}