{"54": 0.00011226381312081897, "42": 207.43503635166553, "48": 2.834888336223398, "43": 742.5372826491364, "49": 0.3315634408060406, "52": 1460.8807059813903, "53": 0.32604558327004163, "24": 1.6204474640274498, "25": 1366.613171830155, "26": 2.8719771458110586, "27": 1655.2813546708794, "20": 0.08252405720452782, "21": 0.004181024929280595, "22": 1787.3512596775065, "23": 1.5680412818550815, "46": 0.3786939652496115, "47": 0.0001122959225657871, "44": 1894.0188013993275, "45": 0.40839337541052984, "28": 19.535127876666063, "29": 0.747202818700111, "40": 2545.4527766566607, "41": 2.8334688589117487, "1": 665.5602098791653, "0": 5.334621269658859e-10, "3": 0.04980962052815163, "2": 5.855656282701447e-10, "5": 0.08345064919004341, "4": 2657.3581735018092, "7": 916.1744613230379, "6": 1.7670522255146316e-07, "9": 1685.6800941057859, "8": 15.694730418261688, "51": 1621.8069954142445, "39": 1320.8959976061785, "38": 2.0491259486009445, "11": 0.02332473483222408, "10": 0.044142159629892985, "13": 0.0860537090564456, "12": 0.05037379091080263, "15": 145.62223091046906, "14": 2282.412837670785, "17": 2503.870125896838, "16": 2.2222494391602003, "19": 0.0836102281753236, "18": 0.03377682866300741, "31": 1538.039329000109, "30": 2.6665786139101404, "37": 98.95241806184883, "36": 49.1919485896743, "35": 219.6827732413917, "34": 1524.199453923525, "33": 1385.0344309173615, "55": 0.3917826323938418, "32": 172.51149927063784, "50": 0.5744995839024021}