{"54": 331.48525146520734, "42": 410.66738771970824, "48": 202.52105424056492, "43": 430.562763079155, "49": 221.34051975440315, "52": 353.3563851591351, "53": 269.85773274464566, "24": 266.2387077250208, "25": 327.67514430051096, "26": 280.7526395957393, "27": 392.2547372758318, "20": 363.49167143583566, "21": 199.35526463699804, "22": 208.78023036296366, "23": 316.367800522723, "46": 444.5782714663789, "47": 470.75820586292434, "44": 445.54521240001793, "45": 301.0781585697442, "28": 433.099415377489, "29": 402.1221414145942, "40": 561.9734765386943, "41": 311.71208131951374, "1": 291.3821260758845, "0": 435.14093353297966, "3": 346.1060022112541, "2": 209.2280050043071, "5": 472.4659500327842, "4": 365.95687867619813, "7": 511.37889334049487, "6": 212.1786399235565, "9": 218.54486680331172, "8": 341.05236513607906, "51": 351.0063386253664, "39": 427.9172654729256, "38": 339.9454701005541, "11": 389.9209275852598, "10": 366.11659145119233, "13": 257.76468093838713, "12": 366.53745609258874, "15": 355.29717295729466, "14": 218.54767626787282, "17": 444.42591216056786, "16": 318.07308299346084, "19": 535.3015599374265, "18": 624.3549386101859, "31": 287.1912438206639, "30": 410.12342336375764, "37": 680.3532791801566, "36": 412.93148689471496, "35": 293.9020165024651, "34": 247.31637926694123, "33": 1228.735140451351, "55": 203.74212421294834, "32": 501.19004985279673, "50": 209.9490891296727}