{"54": 576.71141442112503, "42": 401.8390441505087, "48": 206.92448332499933, "43": 488.5138612498634, "49": 230.97608123243165, "52": 398.34644104393595, "53": 417.46933413601744, "24": 282.95241168778551, "25": 368.30208490232883, "26": 275.11310825479512, "27": 122.84338318588973, "20": 349.01798522765665, "21": 184.89753937416819, "22": 158.55000393560223, "23": 271.87437952652203, "46": 794.00956588955057, "47": 1658.789648452137, "44": 727.00810169578835, "45": 529.98017770651211, "28": 387.61309491440329, "29": 400.83450230328685, "40": 710.93742296975847, "41": 262.66250817599081, "1": 324.3160694066579, "0": 357.36249234938413, "3": 537.14528295906189, "2": 382.67702879832586, "5": 531.96745614684971, "4": 523.69106106233073, "7": 515.05581627522179, "6": 184.3840532714791, "9": 459.76870557155178, "8": 328.34293933545047, "51": 519.30648627936898, "39": 783.30142617768263, "38": 630.199807505531, "11": 663.15699633261909, "10": 588.74116959209107, "13": 222.87968039359168, "12": 614.10475478623721, "15": 340.28963354846837, "14": 306.29940484717366, "17": 1232.1124531950084, "16": 625.04973382203229, "19": 822.55184688768941, "18": 1309.1023887949505, "31": 472.83263919236379, "30": 563.07888376960943, "37": 613.0448304894104, "36": 506.63085740744623, "35": 316.56384944417294, "34": 261.84834637438706, "33": 599.53872134290589, "55": 283.81027170861853, "32": 774.26428927189818, "50": 241.7785982964408}