{"54": 268.10956690007697, "42": 371.62654378923258, "48": 211.12605856566063, "43": 374.91357984869882, "49": 251.78590444638141, "52": 399.71007046501899, "53": 236.45910603806692, "24": 264.14992654913084, "25": 297.93992261854237, "26": 277.20665535729273, "27": 208.19618761943468, "20": 356.1100143886145, "21": 214.3808822861094, "22": 172.17326292878533, "23": 312.67648829166461, "46": 379.42783596817151, "47": 244.57906914121585, "44": 309.1148025436089, "45": 267.24337715176318, "28": 398.24238914646725, "29": 383.33438431144111, "40": 339.92026475488763, "41": 305.95995071826803, "1": 595.51359229329876, "0": 391.87791822326972, "3": 352.5284404071283, "2": 259.70701673956313, "5": 338.75302581375723, "4": 354.19962675496765, "7": 261.91114074825316, "6": 225.66201788980851, "9": 228.32676734105587, "8": 304.50457538688096, "51": 321.65895142193602, "39": 320.87710059166818, "38": 311.61907643231939, "11": 438.49149941422394, "10": 397.28970988674729, "13": 235.93029152529721, "12": 464.06855412087293, "15": 266.6423347302063, "14": 321.07236328499312, "17": 332.61963216484571, "16": 347.86848532129784, "19": 335.56177703009257, "18": 497.60818691684653, "31": 300.06748638029967, "30": 310.42495144334936, "37": 382.05852792131486, "36": 376.76372493452533, "35": 324.73800400215606, "34": 251.21647823921901, "33": 462.07619164901507, "55": 335.18732955726358, "32": 317.68609066420998, "50": 213.81298850812604}