{"54": 196.03774413209914, "42": 502.1891892678121, "48": 337.18173636431436, "43": 469.9871096852087, "49": 272.1824512764762, "52": 1305.593293043979, "53": 154.60347367139556, "24": 565.5404495736198, "25": 338.8441127037605, "26": 679.2098844186582, "27": 1788.1843587014976, "20": 642.4894393489327, "21": 959.4827874469316, "22": 1950.7969582207506, "23": 869.8598023460191, "46": 245.26397469445737, "47": 2749.3313886169403, "44": 615.0029305606116, "45": 484.0850865667373, "28": 910.3438879743301, "29": 672.3612110620271, "40": 2897.0345001657574, "41": 405.17611048588014, "1": 642.5000802651024, "0": 491.2318540682649, "3": 499.5495017841274, "2": 581.8245798447736, "5": 503.1121815821536, "4": 555.0934857427787, "7": 461.1208759858246, "6": 321.8642413155654, "9": 1459.8772512769615, "8": 149.1880732978719, "51": 316.6147532801401, "39": 183.35812233410726, "38": 125.77771405862478, "11": 139.02431723003923, "10": 214.96835405307093, "13": 256.9275156671275, "12": 332.6754899295185, "15": 357.19481610483774, "14": 736.7670382118697, "17": 998.8858001870495, "16": 849.4114792952557, "19": 1492.707136125491, "18": 727.6003030762628, "31": 374.6590192381729, "30": 1778.6234627419617, "37": 534.3763691902416, "36": 306.04328563980266, "35": 649.2414571542049, "34": 292.80853783326955, "33": 1764.1474054009652, "55": 255.95566760975854, "32": 515.7628977034542, "50": 272.24761467886776}