{"54": 253.22274753987307, "42": 604.0386236706339, "48": 787.7647506643416, "43": 580.8799690699676, "49": 265.6650422294492, "52": 1208.9455943149223, "53": 119.74333793153265, "24": 891.1004192074145, "25": 565.5890863242223, "26": 945.7016439935838, "27": 2249.0837659331755, "20": 769.3912229541612, "21": 963.7945404723243, "22": 2028.1678407049037, "23": 952.1069419306774, "46": 428.0327686098931, "47": 3106.8674556495266, "44": 932.3665544181115, "45": 666.9283975958938, "28": 763.690650742684, "29": 548.271088742682, "40": 3579.5718950297064, "41": 450.80709484209916, "1": 622.7823781796799, "0": 406.8128330844675, "3": 658.5601814534707, "2": 651.2477670686121, "5": 583.9248148996787, "4": 638.1979536077964, "7": 419.8760923953342, "6": 441.1872930866883, "9": 1321.2219989875143, "8": 148.28874380303046, "51": 360.87757382919096, "39": 221.56417531639917, "38": 136.1399188041652, "11": 139.92240924264888, "10": 210.02548962806958, "13": 282.6318559610317, "12": 313.3877075012444, "15": 607.1379511975722, "14": 892.4020303159737, "17": 1264.4628046441344, "16": 847.8225501202787, "19": 994.17340253978, "18": 1054.8569277925926, "31": 310.3546005770425, "30": 2808.912361485342, "37": 560.5544574697651, "36": 257.30753513477396, "35": 548.8393127077853, "34": 496.62502747946013, "33": 1908.5562599601851, "55": 163.36786936573307, "32": 1107.404880708248, "50": 286.6810551158866}