{"54": 5.7909220223370495e-05, "42": 29.247183764333357, "48": 599.6272479891807, "43": 839.405967247362, "49": 0.13986146747035705, "52": 2057.4266105023853, "53": 0.3866167125807052, "24": 1518.2578523953218, "25": 16.513824061184863, "26": 0.003347236215147261, "27": 2099.5177911980436, "20": 1175.0767896074892, "21": 1248.5070590173748, "22": 1046.4139564706502, "23": 31.786175295075694, "46": 165.15927007442906, "47": 5.791922610799623e-05, "44": 1338.6124220147144, "45": 4.135882049308805, "28": 148.94577915422946, "29": 28.895182811841934, "40": 229.87998364407943, "41": 214.48395096886898, "1": 51.32870495030204, "0": 4.653141411249786e-10, "3": 0.0198002464711675, "2": 5.171486877664963e-10, "5": 2745.7164189097844, "4": 1359.8971750106991, "7": 0.001050657292646911, "6": 1.560594230927382e-07, "9": 2253.5161789027297, "8": 2.1037826014256974e-09, "51": 2215.611354461601, "39": 1692.9914293088787, "38": 16.27577070302428, "11": 2.103782568420923e-09, "10": 2.1037824523785904e-09, "13": 2.115846644048608e-09, "12": 2.1037826010076685e-09, "15": 366.6427233370043, "14": 3026.160340586578, "17": 375.7656825221759, "16": 7.857388005389311, "19": 440.73552576838654, "18": 0.021639822395218306, "31": 1764.6493870763193, "30": 372.93538107024426, "37": 724.8657004662537, "36": 100.60869011341774, "35": 49.869212444332646, "34": 0.0033076455862165108, "33": 0.0032652492660655875, "55": 0.29164488310386016, "32": 1841.5176331690318, "50": 12.028469118573483}