{"54": 668.50061706692281, "42": 508.9983340424817, "48": 254.0864723137984, "43": 598.73037966534707, "49": 262.36628338194953, "52": 566.44486165600892, "53": 468.19023652817253, "24": 330.11298536723621, "25": 434.70092649124405, "26": 315.75769706303362, "27": 286.82784921562006, "20": 470.91526404995005, "21": 203.8202934027718, "22": 197.09249631033651, "23": 334.00600208509178, "46": 800.31177976407992, "47": 1443.3155943168911, "44": 704.65906393756859, "45": 571.21228655247671, "28": 490.33600270946539, "29": 496.87059862436047, "40": 869.20966390034198, "41": 366.39068854401319, "1": 340.04112275818153, "0": 353.73168613510944, "3": 570.51668184457151, "2": 423.35215747267716, "5": 608.38897681085029, "4": 560.46458976608164, "7": 484.58294770189963, "6": 250.0196694324359, "9": 389.45924551592668, "8": 604.99013339299302, "51": 565.57532419342033, "39": 626.80328808157049, "38": 602.4541323792306, "11": 701.91181618718417, "10": 616.3053696130811, "13": 240.69320679281793, "12": 680.25293645282625, "15": 351.88038001953515, "14": 375.72774616378598, "17": 912.09065414242696, "16": 736.98977794150335, "19": 835.19060787331875, "18": 1074.4287236173695, "31": 465.04482869079322, "30": 630.84293668120051, "37": 521.17014977687973, "36": 555.34415698420742, "35": 407.58362591707225, "34": 306.82198417945261, "33": 596.8120019750595, "55": 267.42745790110041, "32": 727.72846492248948, "50": 288.74623228655088}