{"54": 428.19400814267283, "42": 517.89775240687504, "48": 432.14368852132458, "43": 463.47226397420349, "49": 210.33066371261248, "52": 401.73502054542621, "53": 346.51083864164269, "24": 397.72152472256539, "25": 428.58910804156136, "26": 260.51777719949996, "27": 424.1517498199359, "20": 503.45053968485934, "21": 197.4480057689444, "22": 353.53835225374189, "23": 296.02372735245575, "46": 451.63943346497751, "47": 454.21419511009833, "44": 466.12744220904796, "45": 360.81760755365269, "28": 418.30419390866854, "29": 447.45909586724639, "40": 320.30592981820405, "41": 339.90867729958501, "1": 559.25741265039767, "0": 377.28532127845943, "3": 536.87748635720152, "2": 260.41018054137203, "5": 488.53519478236348, "4": 548.34809634217254, "7": 554.49276600272481, "6": 265.32954332825943, "9": 213.14178077307182, "8": 317.65354779156104, "51": 472.38806451882897, "39": 434.85149339306219, "38": 374.64736444606007, "11": 591.59269647125075, "10": 465.53933078451905, "13": 394.420890963646, "12": 493.7493366569542, "15": 561.16808755324621, "14": 679.59052728129052, "17": 819.70064369421959, "16": 410.79294003304608, "19": 483.34848711590871, "18": 541.2355079512505, "31": 417.93594953979823, "30": 584.67716804206225, "37": 611.73249371485542, "36": 458.1823242702784, "35": 385.04943109858363, "34": 379.2550663976466, "33": 491.4023620418829, "55": 415.34737110167163, "32": 521.1929618801463, "50": 279.99396947612723}