{"54": 390.4355269860074, "42": 509.3020263385862, "48": 220.7586582771503, "43": 145.76332965469524, "49": 211.90433834491682, "52": 1373.495552299241, "53": 197.70465106473236, "24": 347.72829558049494, "25": 145.36730264187187, "26": 491.646823079015, "27": 1383.1962868236133, "20": 422.7994458480882, "21": 634.6213608981056, "22": 1353.0054081346534, "23": 589.1717865810208, "46": 490.65371862258274, "47": 1946.6274871190058, "44": 963.9947785564283, "45": 525.5475885184766, "28": 657.9203247524201, "29": 324.0496162093898, "40": 2371.245705513899, "41": 275.9747428302845, "1": 895.0963379270202, "0": 596.6247746716863, "3": 548.0645288765802, "2": 680.5677644817902, "5": 413.93509309457426, "4": 607.4481794094336, "7": 593.6608074690254, "6": 244.64493360397583, "9": 1213.4397386781163, "8": 228.54756851494113, "51": 255.7338697617029, "39": 282.08127013670804, "38": 167.6742230094463, "11": 159.89484671037488, "10": 207.7179028965644, "13": 180.8128657604047, "12": 364.74363121360136, "15": 304.33628084685034, "14": 800.4056881268891, "17": 876.4386662228101, "16": 654.1094968493278, "19": 1251.9473483459196, "18": 1075.9683409403538, "31": 346.1596693912435, "30": 1028.0329275735032, "37": 570.7578850084452, "36": 77.69914135388052, "35": 487.4887935942114, "34": 169.63510903282076, "33": 920.1580017524091, "55": 283.11885620616187, "32": 432.95540031974315, "50": 119.03587634050385}