{"54": 5.308130430685283, "42": 1370.2579860954033, "48": 216.595868481031, "43": 1315.9711432752674, "49": 3.6136070694738334, "52": 1986.1266686788472, "53": 5.462421353177987, "24": 600.670450682164, "25": 683.0789625042036, "26": 0.12688079662995333, "27": 1736.1654491324953, "20": 838.8852309915376, "21": 1078.552907870663, "22": 1182.6110278541764, "23": 352.3243596000382, "46": 878.6071910447332, "47": 825.5815128589592, "44": 1431.6784779356392, "45": 13.252834311142978, "28": 65.36759967809672, "29": 42.34757043907544, "40": 2008.040483743617, "41": 226.97394947950391, "1": 1870.2680324607873, "0": 4.258555992187813e-09, "3": 0.07830037772942586, "2": 4.674499836185005e-09, "5": 45.53336871768839, "4": 2680.4709700659064, "7": 0.019114589191167247, "6": 1.4106889778051536e-06, "9": 2158.3973436073843, "8": 1.7639972567949371, "51": 2552.9259613335353, "39": 2625.0566065270796, "38": 17.59338158287003, "11": 0.2134474805010294, "10": 0.11218828772298554, "13": 812.8968322552055, "12": 53.99863122315787, "15": 81.8414282017206, "14": 1766.5370382939273, "17": 1720.3470814276488, "16": 19.043720074465703, "19": 3161.834155424755, "18": 0.07281596543451055, "31": 2930.31523726762, "30": 90.82735288104897, "37": 0.0011323791953117858, "36": 0.0011331939926622194, "35": 0.0011312940677495969, "34": 0.12325446399192333, "33": 0.12609248936745132, "55": 5.748755327203401, "32": 2094.3695217866302, "50": 49.37619895108014}