{"54": 341.41744521950284, "42": 613.038203004861, "48": 237.11394741161504, "43": 375.03892545451697, "49": 457.9071955864581, "52": 1826.6963825592313, "53": 321.3551252647601, "24": 371.5319971053615, "25": 285.08976616048346, "26": 596.8810274123482, "27": 1435.3380478395802, "20": 431.95055386166905, "21": 866.7521355653801, "22": 1820.5717994855877, "23": 734.9619629932503, "46": 764.247951916466, "47": 3420.6295096695976, "44": 997.0254087759151, "45": 812.6698263879925, "28": 713.2489681453095, "29": 293.80328389085827, "40": 2609.920860548253, "41": 326.78138328566496, "1": 921.797487370142, "0": 577.4087354416636, "3": 776.1384749822546, "2": 957.9675143514343, "5": 611.7864293552547, "4": 850.7697979193546, "7": 649.1694556196002, "6": 344.82121572300207, "9": 2149.6836765571766, "8": 181.9794786491384, "51": 686.4713816357031, "39": 392.43451068433234, "38": 346.866899100995, "11": 264.08281895252543, "10": 433.5263090322098, "13": 321.0116705374725, "12": 580.9977894334309, "15": 198.08079726827864, "14": 696.630370010262, "17": 1368.4690883296992, "16": 1216.7282098884623, "19": 1341.103215613257, "18": 956.4002852994565, "31": 599.3181735774291, "30": 1319.2073195518883, "37": 506.79410200747475, "36": 132.74816353185062, "35": 617.1559625979621, "34": 135.67520837044393, "33": 524.846289556755, "55": 279.67836246105537, "32": 605.7328250220651, "50": 319.09114024585693}