{"54": 384.25050789810786, "42": 521.3793736887056, "48": 246.0314617257362, "43": 605.059412692775, "49": 231.04675841563235, "52": 138.05706459619697, "53": 253.28535499774677, "24": 425.8391949131987, "25": 677.2218941024119, "26": 554.5307640992629, "27": 704.6831887627808, "20": 504.3999586398737, "21": 411.25853930145837, "22": 429.947148719765, "23": 585.1224531749293, "46": 381.0707934934786, "47": 722.3596955056855, "44": 601.9572149400861, "45": 257.9219482453556, "28": 655.3154126288339, "29": 764.0490195445093, "40": 1662.154456244712, "41": 407.16943731964045, "1": 254.87042036801228, "0": 286.6898285471225, "3": 369.81748896293453, "2": 188.76321652590764, "5": 471.4720803805809, "4": 432.4512333425269, "7": 383.43049436422564, "6": 251.0738479837278, "9": 164.80325567786315, "8": 321.01918019697706, "51": 392.2206744791183, "39": 408.4966109448437, "38": 304.6575840523645, "11": 589.9982946880851, "10": 391.8539390018382, "13": 259.467071320181, "12": 549.85707574544, "15": 534.7053927918209, "14": 436.0885250904235, "17": 511.41686036620143, "16": 320.36465594468416, "19": 721.5492703482033, "18": 824.5314577481918, "31": 313.6288472183296, "30": 1170.790555712162, "37": 422.9066269004958, "36": 553.3145277325866, "35": 425.1717803513301, "34": 457.00873244989543, "33": 1955.2528690836796, "55": 202.43442179186115, "32": 1037.5605920108048, "50": 243.58915908096319}