{"54": 0.47263082324648786, "42": 3041.724698999839, "48": 1195.94309015765, "43": 1212.6392760176889, "49": 0.24728281642135952, "52": 1957.7195406573042, "53": 0.43737973211623393, "24": 1198.9639830336107, "25": 92.4774487602042, "26": 0.004968112587942091, "27": 1726.842651524338, "20": 9.307874741141271, "21": 1098.9845028595473, "22": 1278.7442369166085, "23": 433.08135542145084, "46": 464.129314720891, "47": 996.3717116054335, "44": 18.21775852515721, "45": 572.2012287426485, "28": 83.52348308598866, "29": 48.86447859996704, "40": 1584.6581394324492, "41": 821.0556022509254, "1": 1793.1417574266063, "0": 1.2146207379691224e-09, "3": 0.07644705726903164, "2": 1.3332533630590833e-09, "5": 57.046749199919255, "4": 2929.177057001351, "7": 0.0018278188770868113, "6": 4.0233297950542756e-07, "9": 2331.812223001285, "8": 1130.3042170584818, "51": 2736.914500172419, "39": 42.70285819132823, "38": 2725.247879945017, "11": 47.464495587302935, "10": 0.1212457629100257, "13": 4.9397289218147105, "12": 36.84033012309685, "15": 253.73450627242408, "14": 193.5230512313121, "17": 2017.7876359177362, "16": 21.47613550847275, "19": 4999.999986673824, "18": 11.247958069835509, "31": 16.676002185965586, "30": 49.28049866865925, "37": 9.84403014160052e-05, "36": 9.843933748840286e-05, "35": 9.844047819961943e-05, "34": 0.00492515796693104, "33": 0.004921746843170108, "55": 0.4895290650225217, "32": 2942.428810816495, "50": 14.38531998271413}