{"54": 363.11649887519047, "42": 435.64963107424308, "48": 245.26734853336779, "43": 437.3895577893303, "49": 264.61809094181228, "52": 462.61351299878402, "53": 321.1437661895875, "24": 320.11161758199626, "25": 378.44272701994043, "26": 345.07194620329295, "27": 346.14785045333821, "20": 418.60138569949805, "21": 260.30301085950867, "22": 234.58364615437566, "23": 349.94690695915176, "46": 414.96513151960772, "47": 231.83276892155979, "44": 341.94502301775282, "45": 320.42915265293391, "28": 387.17820659966122, "29": 367.26105085687107, "40": 283.1329142831205, "41": 336.13441063213241, "1": 692.77718058349797, "0": 399.39527963473478, "3": 367.14776005448408, "2": 256.39568766056323, "5": 391.50488085156383, "4": 285.11510782871068, "7": 440.49441783374129, "6": 258.51171657030756, "9": 226.56099433875445, "8": 269.64701818938806, "51": 384.33080895669758, "39": 350.12722455931515, "38": 362.64139098575214, "11": 464.65015368418125, "10": 415.77687494144931, "13": 264.00408407340882, "12": 442.20458438089179, "15": 375.69117341575236, "14": 785.22270582091755, "17": 387.27114901978445, "16": 386.23898603471628, "19": 448.7753475838872, "18": 565.97602151823139, "31": 307.25419054457433, "30": 283.20196223040597, "37": 324.77254792960127, "36": 484.50193032922147, "35": 348.26738568680429, "34": 279.01871184348818, "33": 356.72980496075314, "55": 340.85660487561665, "32": 289.91861623888974, "50": 270.12785450375117}