{"54": 742.17724401802013, "42": 498.17449679043187, "48": 219.05417375292308, "43": 598.42915464721227, "49": 263.52587203155571, "52": 418.2348514531883, "53": 508.94114159147279, "24": 324.61679955702539, "25": 437.90591986332635, "26": 330.7196436798701, "27": 134.59871777213687, "20": 419.06235905599743, "21": 235.21846919530333, "22": 247.02663975026007, "23": 288.37612310590816, "46": 713.64774894026129, "47": 2405.3932226770389, "44": 873.58664641191001, "45": 532.8079141941497, "28": 490.80068855992232, "29": 515.29815404786393, "40": 1037.095627319821, "41": 318.06329498051628, "1": 367.88957424767597, "0": 534.31801141355152, "3": 612.96152767317949, "2": 544.56958945668782, "5": 635.0747836831232, "4": 551.10989556627305, "7": 366.11546825755255, "6": 207.75005063640722, "9": 374.55856293522078, "8": 400.60628710030386, "51": 677.29951037125556, "39": 622.59782194474235, "38": 643.01099854908773, "11": 676.72403076973853, "10": 575.6256110142856, "13": 282.32628377162149, "12": 674.19130610031459, "15": 429.0369256520799, "14": 381.55857763369409, "17": 1044.2765495970775, "16": 727.67150898709815, "19": 884.89051310037667, "18": 901.15872297410408, "31": 506.7395494115849, "30": 1023.8415938757705, "37": 715.03627458561266, "36": 579.87062654027659, "35": 419.78862145604933, "34": 301.47546342108018, "33": 723.08910419423228, "55": 314.03350012488562, "32": 1147.236864571961, "50": 293.02980806270904}