{"54": 371.16543270964223, "42": 531.2511822528653, "48": 319.7059622685892, "43": 308.4828835884297, "49": 335.043032134579, "52": 1888.4893532501924, "53": 178.7988189796663, "24": 405.1711914944601, "25": 214.52844111108303, "26": 562.295512918723, "27": 1868.2475994793488, "20": 429.4460844686616, "21": 929.1766270388754, "22": 1653.6818062665375, "23": 560.4895223130626, "46": 374.10121683874905, "47": 938.115288745467, "44": 611.4959709858725, "45": 627.7964623346528, "28": 543.9073636217106, "29": 251.3341856234305, "40": 1094.3277165320892, "41": 322.1270707703659, "1": 1256.0843926945968, "0": 811.9854562971652, "3": 572.393552883232, "2": 755.2242139677113, "5": 334.69264884232035, "4": 581.3831151849491, "7": 700.243346148015, "6": 349.46939823292905, "9": 1794.965791721343, "8": 180.00173819307759, "51": 375.8316066040874, "39": 201.02994252572225, "38": 162.738100697758, "11": 137.4918214475884, "10": 226.79936525478107, "13": 204.67958748523435, "12": 293.33796485669217, "15": 221.09088792420556, "14": 1102.7659545563702, "17": 707.42453599322, "16": 604.1894556817779, "19": 854.5496795250142, "18": 746.5234372267187, "31": 463.0100953387732, "30": 766.4499044592445, "37": 402.88020793246625, "36": 142.6367408845507, "35": 456.55685731344283, "34": 206.03689146665454, "33": 491.1721081372531, "55": 341.12377214872265, "32": 354.0713338138261, "50": 223.16467281349392}