{"54": 574.69624569797838, "42": 477.82554322216299, "48": 223.49714073977509, "43": 467.6765134278952, "49": 249.94358079735366, "52": 383.31174591092247, "53": 411.10567178003907, "24": 273.63084258685859, "25": 363.30078755738947, "26": 251.74234203794114, "27": 89.695709342268358, "20": 377.78361416761646, "21": 208.00195217469837, "22": 165.38846294045851, "23": 279.34360343664366, "46": 835.89113368623168, "47": 1611.518568296116, "44": 695.23216529608339, "45": 499.88126887243072, "28": 394.62462382076757, "29": 376.80048535472889, "40": 726.99053970959471, "41": 273.13546131720028, "1": 326.66347096662497, "0": 497.34383574299636, "3": 528.76901587594364, "2": 425.43923822379224, "5": 537.63432515718853, "4": 531.45952308510175, "7": 515.43319289903002, "6": 159.89342590996588, "9": 475.06557630695045, "8": 359.78179135681671, "51": 514.35973421636857, "39": 754.35488100082785, "38": 623.61327886420713, "11": 664.40337762790375, "10": 586.74665184828416, "13": 219.43933474059108, "12": 591.90144544952307, "15": 321.90117635784731, "14": 289.45425474843051, "17": 1234.3612206100331, "16": 589.40695198074945, "19": 840.62668521871342, "18": 1319.171582441521, "31": 468.70726269101925, "30": 562.70354803413159, "37": 597.16941639969286, "36": 448.27210998713616, "35": 373.62107354276384, "34": 255.04277393530236, "33": 607.97569989761962, "55": 285.60999569221281, "32": 783.28385718640823, "50": 237.29867322213792}