{"54": 670.83381343140093, "42": 489.6896407628671, "48": 210.19598258643802, "43": 537.5978238546171, "49": 291.91778376754127, "52": 399.43067950103625, "53": 439.91190917492906, "24": 296.28696435683003, "25": 413.83840624514625, "26": 283.77769249903457, "27": 163.07497536613047, "20": 316.26051919017169, "21": 226.02495051233751, "22": 246.49612879579587, "23": 300.57367194666278, "46": 742.57298572370348, "47": 2133.7989076721128, "44": 830.07113363803819, "45": 495.50792832684169, "28": 444.40014134098254, "29": 481.73169261435368, "40": 1136.5912437135562, "41": 272.15711337191055, "1": 327.827937966349, "0": 594.97360306016481, "3": 530.82607214791426, "2": 562.65127101525263, "5": 531.99461445113786, "4": 569.33220020357703, "7": 311.27588384012762, "6": 202.8857019383756, "9": 633.44249439470411, "8": 283.72475897996583, "51": 562.97527198705995, "39": 596.04185566593242, "38": 545.72825269064117, "11": 582.13280310454138, "10": 451.34342814016162, "13": 189.37218863832831, "12": 493.22828808640782, "15": 400.93344859775203, "14": 327.87607504757216, "17": 1126.4531300342371, "16": 664.5578887327124, "19": 894.24374546414356, "18": 1731.6669907565256, "31": 367.85529642843449, "30": 703.62616691667324, "37": 622.87670981926453, "36": 468.93025767159293, "35": 345.29677701267229, "34": 281.73787377969984, "33": 612.03649763036208, "55": 198.39488580776788, "32": 775.22805582521414, "50": 312.6346889683158}