{"54": 375.45623657750622, "42": 538.47478323584176, "48": 315.20677682191911, "43": 605.70817892804757, "49": 207.90021976721442, "52": 134.07539846769629, "53": 232.37129505381452, "24": 395.27149675496793, "25": 630.33226177441543, "26": 492.06633703072902, "27": 689.84707374042966, "20": 551.67066309747668, "21": 397.38219983930884, "22": 466.34725778584345, "23": 547.50696046747896, "46": 396.80461736016571, "47": 732.56840860094121, "44": 574.55844167481359, "45": 258.76281927617703, "28": 666.68786934051627, "29": 879.90554932045177, "40": 2052.8133870734737, "41": 421.0696124811912, "1": 238.49325781097355, "0": 352.59402699760187, "3": 320.34459553474727, "2": 171.95109114962128, "5": 399.32925035377451, "4": 395.36274167945186, "7": 351.36523388145707, "6": 226.27267136937684, "9": 160.31167340275618, "8": 286.95228591085015, "51": 367.59163304947435, "39": 405.62195964352225, "38": 293.70233859019964, "11": 538.25144082480381, "10": 362.5308349320772, "13": 264.44540332453516, "12": 475.30770567523786, "15": 689.1552495205259, "14": 414.93679484683116, "17": 538.31678232093316, "16": 307.52007506173146, "19": 671.75787155372905, "18": 1066.2554486311467, "31": 301.23756944340931, "30": 1176.45680479468, "37": 487.25390108925103, "36": 574.15438781818136, "35": 431.75356280436642, "34": 547.92326653811313, "33": 1639.3137537784123, "55": 199.43515227809911, "32": 1167.1240682815353, "50": 239.41324242651453}