{"54": 327.73108905550174, "42": 427.0295746225031, "48": 204.39001846167866, "43": 441.8352876607624, "49": 228.8766240410496, "52": 351.27194362629683, "53": 263.233043299619, "24": 258.50220103357725, "25": 329.7787721920502, "26": 270.20233448567075, "27": 350.68254956373886, "20": 342.23726209376576, "21": 206.41126441937377, "22": 225.3971023990529, "23": 310.2123951308849, "46": 436.5586222113562, "47": 459.05131360125586, "44": 432.2369470294974, "45": 296.8108933089466, "28": 394.89600009885936, "29": 381.5879104197033, "40": 554.1930862091805, "41": 296.8369228670909, "1": 312.70529366037573, "0": 460.3102930025116, "3": 355.1483150523614, "2": 194.3797615393577, "5": 477.49552422623816, "4": 303.9546144732061, "7": 427.1733359009677, "6": 229.2170698566838, "9": 209.36817849090966, "8": 326.65560767488705, "51": 349.6115704816591, "39": 419.13283501916203, "38": 330.49896954201296, "11": 447.6291921342555, "10": 376.8922554478348, "13": 269.84069969644105, "12": 413.81843590073635, "15": 338.2823356359608, "14": 275.8267159186622, "17": 450.1831698996676, "16": 319.0992626096514, "19": 552.1213472396469, "18": 611.2436571399918, "31": 285.750296827668, "30": 474.4850568107764, "37": 659.4254123719254, "36": 412.2473249983688, "35": 328.8299972469828, "34": 288.5004236545486, "33": 1174.5856172579015, "55": 199.29338585394052, "32": 504.38223390495665, "50": 215.18548665184585}