{"54": 409.76639445087136, "42": 524.1172313304776, "48": 280.79920413817524, "43": 322.1878020277438, "49": 350.68819079230553, "52": 1802.0665211326111, "53": 193.27677334622382, "24": 472.507981338921, "25": 167.271881301686, "26": 484.07630850976034, "27": 1726.225602675962, "20": 396.5121458278615, "21": 879.7422019708281, "22": 1588.2386341319716, "23": 527.0995235751005, "46": 443.34984869147445, "47": 580.310847241611, "44": 591.650184105183, "45": 597.0278541602416, "28": 478.90608594626445, "29": 234.4400888933745, "40": 983.8980620951621, "41": 325.58048422367557, "1": 990.7821705084253, "0": 496.3755471998925, "3": 587.5882870564101, "2": 936.7178649459858, "5": 383.24700418951727, "4": 495.0534751182139, "7": 590.1949236439341, "6": 312.3901090407618, "9": 1533.6558891184172, "8": 172.3352335902595, "51": 379.70106466611276, "39": 168.46444263280742, "38": 134.074748663728, "11": 140.414935563892, "10": 215.75604304706877, "13": 234.8854751952765, "12": 303.8683869551428, "15": 199.7169985686208, "14": 1173.7342118490844, "17": 488.0474785822222, "16": 554.785242738389, "19": 718.4865789065967, "18": 532.4367963023618, "31": 374.3602230885236, "30": 452.3633007383031, "37": 228.63264998177794, "36": 138.83048665073656, "35": 475.65745055727893, "34": 152.21973214486246, "33": 351.3623569015943, "55": 295.30174409529025, "32": 219.35808546083294, "50": 256.9336948413344}