{"54": 439.2964606586618, "42": 411.8979686668244, "48": 498.1575117902141, "43": 405.0208607742184, "49": 435.79243193862413, "52": 1835.7225701449206, "53": 188.17665624927375, "24": 375.0494585139846, "25": 201.17638537775406, "26": 530.3594148679492, "27": 1786.1844487008652, "20": 378.46505354882214, "21": 787.3655391187518, "22": 1668.8481830674866, "23": 637.4280225643225, "46": 395.2188134410212, "47": 1145.7826547252569, "44": 816.3119858508148, "45": 625.9257042150159, "28": 565.0675583204412, "29": 325.11770703351425, "40": 1182.6618376869449, "41": 559.9021678907775, "1": 1322.066914431936, "0": 626.1330941253411, "3": 633.907870904801, "2": 790.6074554083897, "5": 380.17599811360566, "4": 545.0296458963753, "7": 735.1096864516078, "6": 238.51739655775094, "9": 1708.0774913522307, "8": 331.4393786825673, "51": 395.61567330161614, "39": 236.2379037167613, "38": 153.17473735378096, "11": 205.5288769964869, "10": 355.5037090247775, "13": 207.4186011006131, "12": 424.7479847285555, "15": 220.03831039248323, "14": 1183.6074813667942, "17": 943.7339342004741, "16": 581.658651171041, "19": 1046.0939461145826, "18": 678.3672230344455, "31": 412.96723544670056, "30": 1054.0479680110648, "37": 394.32601187854675, "36": 171.97072946365756, "35": 503.28330575446705, "34": 185.69883242790016, "33": 606.199611940789, "55": 396.29971355124667, "32": 397.3642191650434, "50": 275.2592492151547}