{"54": 384.17352149192499, "42": 523.60645868012114, "48": 232.76327142787775, "43": 594.78931918122919, "49": 230.07436444864851, "52": 136.33028085673919, "53": 252.72627600582132, "24": 418.76019576784347, "25": 675.30067220864589, "26": 557.12209086167422, "27": 712.15246841878491, "20": 511.13647098228699, "21": 414.2748634278787, "22": 429.93809069427681, "23": 584.55752013052881, "46": 373.59849009806686, "47": 750.05096333208178, "44": 590.64210033024722, "45": 252.49682996759583, "28": 662.79870424827141, "29": 736.36555783689744, "40": 1595.1552008938493, "41": 403.27321899482951, "1": 252.03689225898415, "0": 290.14375633187166, "3": 373.17031808162716, "2": 188.00588802125228, "5": 480.84433115610045, "4": 430.6723797112449, "7": 390.28381441081359, "6": 249.70962838356402, "9": 167.9783730624666, "8": 314.6401562781885, "51": 393.4388075087337, "39": 411.51576911104183, "38": 317.83683847588253, "11": 580.22577968853193, "10": 384.87323513311549, "13": 262.39069153374493, "12": 544.50190179318281, "15": 533.55505043307687, "14": 421.12632629518811, "17": 510.04370421870323, "16": 315.36841181576762, "19": 740.45725557905655, "18": 825.65525432650452, "31": 313.68266850631659, "30": 1149.3818935183444, "37": 468.47610847993241, "36": 574.60078302024272, "35": 430.97143015694047, "34": 457.86395026460781, "33": 1976.1675698488318, "55": 205.17012024474903, "32": 1040.2534300813516, "50": 242.42657251529508}