{"54": 366.1735650453857, "42": 547.0202100167254, "48": 400.6979327472271, "43": 342.51986535690463, "49": 330.83167741101914, "52": 1716.2016100558917, "53": 200.68803335128197, "24": 416.29871012205086, "25": 229.0907753671434, "26": 557.1464877546703, "27": 1833.3136694748962, "20": 420.35941526206705, "21": 847.56904349278, "22": 1733.738463121936, "23": 679.9580418004236, "46": 549.8491826005921, "47": 1156.299686776862, "44": 682.1214994621657, "45": 750.2205624905454, "28": 692.9721814029632, "29": 263.130659344127, "40": 1265.430694846734, "41": 368.9913229499097, "1": 1274.472123651764, "0": 505.4549257400595, "3": 783.1773263728592, "2": 785.6493567152431, "5": 478.7521696275103, "4": 670.9937230793668, "7": 712.6848927957188, "6": 324.6291052671631, "9": 1752.893181091723, "8": 104.34739165765184, "51": 416.400956929733, "39": 224.8997313515272, "38": 145.87442962098743, "11": 107.30004110530896, "10": 246.53389703435008, "13": 365.7511015262707, "12": 294.85761539103487, "15": 343.7682478342031, "14": 1072.8339005177304, "17": 928.2021195969263, "16": 682.8158041156477, "19": 876.0931240267427, "18": 731.1318276518136, "31": 399.23164276305704, "30": 790.4219532993832, "37": 349.7306641145465, "36": 102.4054886939922, "35": 548.0970260768781, "34": 167.28423416777827, "33": 451.598217641621, "55": 395.83783497836026, "32": 386.81784191951516, "50": 257.5543188423197}