{"54": 381.65196429579623, "42": 535.56339692712015, "48": 488.34953667838556, "43": 713.45468989410108, "49": 214.19787103582303, "52": 103.86277734577351, "53": 260.2458917372341, "24": 478.71230476130239, "25": 752.92046571473429, "26": 648.94794092346535, "27": 1063.4892509634326, "20": 691.92458926356915, "21": 432.33387553650596, "22": 551.49245166287278, "23": 688.67302464676834, "46": 459.1719735505456, "47": 541.9903066892058, "44": 641.08255883530603, "45": 247.08541839765019, "28": 636.31583646240529, "29": 882.61480489094049, "40": 843.69828836519991, "41": 582.99260031560266, "1": 253.9163177466545, "0": 433.08440620930418, "3": 369.20286578092242, "2": 160.58654939676634, "5": 484.06858934682509, "4": 421.61663673416979, "7": 319.92613587480702, "6": 283.811344064575, "9": 145.59780387938258, "8": 288.74729376088737, "51": 328.10456150612129, "39": 474.93222035732555, "38": 315.26076126522912, "11": 530.2982872341172, "10": 346.54088852885582, "13": 297.06846526732727, "12": 503.05302280318148, "15": 765.52796695550887, "14": 271.8156566860734, "17": 647.39610531939479, "16": 290.47714363821109, "19": 882.96037197881594, "18": 758.40739556843721, "31": 313.81610199538568, "30": 1348.9351515817837, "37": 459.72011346058719, "36": 663.14471260905361, "35": 434.86695641856403, "34": 743.98943586259509, "33": 1550.974361963541, "55": 210.00188848870451, "32": 1203.7876345405075, "50": 223.074430089038}