{"54": 1.2451189340223143, "42": 1811.091765616398, "48": 1076.825777550496, "43": 754.909896530244, "49": 0.7946548884548763, "52": 1968.5370360074978, "53": 0.8187799200546642, "24": 834.6231145761658, "25": 902.0122856787818, "26": 0.1675885112094675, "27": 1719.9951800993704, "20": 0.30215879091680087, "21": 1090.0138450503487, "22": 1291.1156734927715, "23": 5.751915562988415, "46": 987.2045445130394, "47": 987.2714824596478, "44": 1686.5395641518212, "45": 6.026782069819916, "28": 2.6862413058449306, "29": 3.5807232869912156, "40": 1554.117472338579, "41": 834.6361480928982, "1": 2404.5401103087665, "0": 4.61670296395255e-09, "3": 1075.4859667966305, "2": 5.0676185547468184e-09, "5": 0.2908052197783224, "4": 1314.3886017905972, "7": 0.009175175889081608, "6": 1.5287540850026587e-06, "9": 2346.034118462202, "8": 477.9819786399139, "51": 2779.1573608394733, "39": 2777.3484983629364, "38": 7.916373454576558, "11": 326.2709368797995, "10": 318.0443805924759, "13": 125.65666292570995, "12": 0.30923966193461894, "15": 758.6312057846936, "14": 1501.5885687804991, "17": 624.9126752429826, "16": 5.637780332793227, "19": 4999.999963676496, "18": 1412.9576870405897, "31": 3361.4355929326075, "30": 646.8027840494672, "37": 0.0003689291879624343, "36": 0.00036632290778518695, "35": 0.00036814403259376616, "34": 0.17236130726837562, "33": 0.16275034590570625, "55": 1.3554317208951776, "32": 2113.615390762172, "50": 1.2711648922327656}