{"54": 412.48557905899372, "42": 475.47335801546637, "48": 406.50709371983947, "43": 471.76425465341578, "49": 295.10965064289178, "52": 600.50592221806994, "53": 368.58295087055512, "24": 336.38155411538332, "25": 380.76190370191739, "26": 420.29625195224867, "27": 430.62237045257956, "20": 436.77551703176044, "21": 225.75738100727423, "22": 275.24711055765425, "23": 410.50038437975167, "46": 387.05155631513963, "47": 388.41669811028896, "44": 490.38414860221991, "45": 326.47034025783046, "28": 458.47266531291211, "29": 507.7695661469977, "40": 390.61343214881055, "41": 406.29777638264926, "1": 523.62728855805756, "0": 447.8115862247908, "3": 466.81663690852264, "2": 272.91055923623173, "5": 490.71871669711163, "4": 501.89076490173903, "7": 472.87903967547885, "6": 295.69072169167555, "9": 347.77238157605632, "8": 422.66591026931428, "51": 476.87288129309303, "39": 434.69669380774207, "38": 350.74407588551912, "11": 528.25829064605284, "10": 456.95708103738093, "13": 310.38272520342514, "12": 518.12529983256866, "15": 365.72112705986632, "14": 787.01933266359526, "17": 492.62881062324254, "16": 369.55998662964544, "19": 491.20624203951621, "18": 627.06684078739966, "31": 333.32608262719526, "30": 597.64806955484551, "37": 567.55053169205644, "36": 452.92438954397278, "35": 370.44044031511436, "34": 389.67749302269056, "33": 529.48015884341896, "55": 373.85035393543774, "32": 545.3760312785106, "50": 260.36510123993025}