{"54": 0.18237693117974124, "42": 4.288016982505514, "48": 851.162173156098, "43": 965.1568125554179, "49": 0.18258357286535132, "52": 1463.0698866174723, "53": 5.3785058845184247e-05, "24": 86.29460541550907, "25": 352.051619473607, "26": 890.2972821717477, "27": 1630.6778281215545, "20": 0.0766766567306042, "21": 789.277220174139, "22": 1047.3616409641488, "23": 0.0001375889973897332, "46": 5.3770125948839e-05, "47": 62.39216568538152, "44": 1813.3659886956357, "45": 5.443299083095351e-05, "28": 0.0001375950616042754, "29": 0.00013759442774284526, "40": 1822.4738991292545, "41": 662.8390511911753, "1": 683.0054960145154, "0": 1.8244220247720133e-10, "3": 0.04624519454263787, "2": 2.0026142009623503e-10, "5": 0.07705653179187089, "4": 2647.6774833500162, "7": 198.0402622730194, "6": 6.043263615213389e-08, "9": 1669.6841124198236, "8": 22.290611372982685, "51": 1615.681604158959, "39": 1288.7838585677227, "38": 5.667951794788635, "11": 0.08081441004300594, "10": 0.04914306440553107, "13": 0.059051369070750814, "12": 0.06089650684707104, "15": 2.76613319590525, "14": 2644.468306715241, "17": 2495.1073129748197, "16": 8.292084967897239, "19": 0.07711757332182145, "18": 0.0313080809525898, "31": 1509.9722435961182, "30": 0.00013759033970941114, "37": 351.22398572296925, "36": 17.644024339043042, "35": 0.8582392792644242, "34": 1.193229806990587, "33": 2004.5928173832774, "55": 0.1961442375909832, "32": 1189.7315810345096, "50": 1.757612193046897}