{"54": 384.0506218257415, "42": 546.8293645112963, "48": 219.15589509360743, "43": 559.5249907810513, "49": 242.87341713576464, "52": 121.63948223032305, "53": 257.90057749392173, "24": 456.28984147444993, "25": 770.0608794079045, "26": 638.898629447257, "27": 773.8034174292628, "20": 475.1301841932058, "21": 495.982476327183, "22": 492.54327563151213, "23": 694.051026956788, "46": 383.72032916335075, "47": 492.94573379673704, "44": 580.1841972074391, "45": 229.50614342387632, "28": 609.494966466522, "29": 673.5959720419464, "40": 1638.0306180184978, "41": 421.42205891519336, "1": 272.93648280759567, "0": 346.5068120057698, "3": 377.6026223494648, "2": 166.79189794873437, "5": 481.10252872285366, "4": 427.19347342520757, "7": 396.62575661439803, "6": 243.50901996235265, "9": 158.65786388535057, "8": 318.84188523361934, "51": 397.2340427254816, "39": 417.38731367890676, "38": 288.87896932355784, "11": 569.0612081516587, "10": 393.54517637560775, "13": 242.6293576660543, "12": 558.7771446992964, "15": 437.5648182306318, "14": 380.9816504555362, "17": 400.8249075484505, "16": 273.48599055289276, "19": 739.0280384553374, "18": 804.2395843292603, "31": 280.8271930166323, "30": 1219.1401175632975, "37": 588.6120297102003, "36": 530.542830533071, "35": 440.7929135601104, "34": 473.27163769436527, "33": 1840.9903255368208, "55": 203.56877098451133, "32": 1099.7460320948621, "50": 239.51198712466618}