{"54": 311.68037101457514, "42": 389.60300599272557, "48": 299.9118184887212, "43": 213.48220702825247, "49": 254.77393380092505, "52": 1454.2059724091405, "53": 204.08482319354104, "24": 377.2931844069528, "25": 165.7829838561729, "26": 509.18008512968396, "27": 1416.0362788081782, "20": 302.8325982106573, "21": 758.6136111018659, "22": 1200.8698213445603, "23": 451.4245728828578, "46": 423.4257085840074, "47": 685.7283271311966, "44": 463.07538795665033, "45": 470.83360381744, "28": 473.6430767478849, "29": 164.69293966045714, "40": 748.8560716018441, "41": 256.723665510578, "1": 1210.2124532526104, "0": 481.6830240777506, "3": 466.72778559396454, "2": 654.2477521202361, "5": 297.40019338802654, "4": 467.2347886052962, "7": 657.6360947348039, "6": 228.76731725875243, "9": 1407.0321336785773, "8": 175.60217735479083, "51": 327.77860898589256, "39": 170.9286865392979, "38": 97.15493562735874, "11": 133.73907319782427, "10": 194.26657476740053, "13": 200.73209316208698, "12": 255.5489180367188, "15": 135.43491387146904, "14": 984.0761011153351, "17": 505.11770300241443, "16": 404.2087661872104, "19": 561.7358824904968, "18": 520.909177602498, "31": 321.81779600142727, "30": 486.3991277779443, "37": 340.4485410712729, "36": 90.11675398484178, "35": 364.3844516770009, "34": 162.72881161670495, "33": 306.58753145540254, "55": 385.3137944212733, "32": 274.7895547760749, "50": 198.97726722780095}