{"54": 302.37889481317336, "42": 413.1732004977501, "48": 344.6138308712905, "43": 282.4845582964676, "49": 299.99798970666376, "52": 1593.0118979894942, "53": 185.13300277184123, "24": 384.56877829962383, "25": 165.04796114269988, "26": 538.9790090614504, "27": 1355.8500291017758, "20": 335.3995859613567, "21": 684.7632922745695, "22": 1394.0074289534696, "23": 443.66264168363625, "46": 403.60937236295587, "47": 547.1208570129934, "44": 426.54030595370455, "45": 548.7368133674385, "28": 461.70280643415674, "29": 224.0603877290545, "40": 782.7442404628654, "41": 255.03322466347336, "1": 1301.3999562710683, "0": 697.7177302187055, "3": 528.4011856199166, "2": 623.9260745351976, "5": 363.9031606499883, "4": 551.1253084555592, "7": 669.1967488233922, "6": 267.6532330551192, "9": 1749.0861426945892, "8": 195.14225296109547, "51": 328.8135683942442, "39": 151.24315986974736, "38": 116.77140863867605, "11": 117.96656647414004, "10": 204.00724768407088, "13": 193.97356160147, "12": 285.90198917784943, "15": 246.28939891821943, "14": 1222.426634344417, "17": 519.4945525701503, "16": 366.79677625193096, "19": 492.7589540040596, "18": 442.2545388975354, "31": 338.6114743848358, "30": 382.70804025758804, "37": 274.089641566054, "36": 136.6136628715507, "35": 460.04678551865607, "34": 150.31538758358724, "33": 426.09197780342964, "55": 319.2828051006352, "32": 221.2732638581543, "50": 219.70603028528595}