{"54": 253.18348288498186, "42": 1214.9200445378767, "48": 2.4747839742140076e-09, "43": 6.2458282930125605e-09, "49": 1309.7912464590822, "52": 2.504062095991966e-09, "53": 2.502710523211636e-09, "24": 2.4777441151522525e-09, "25": 2.4988327171461097e-09, "26": 202.41033034261858, "27": 2.474433329864919e-09, "20": 6.268147589489583e-09, "21": 168.19425812848644, "22": 169.3376529516881, "23": 6.942980914848341e-09, "46": 209.63715893035103, "47": 79.89913683717265, "44": 1174.3365498952767, "45": 6.195560169600133e-09, "28": 454.48736880671566, "29": 4.51526592267701e-09, "40": 174.42414595905592, "41": 577.6727083783907, "1": 110.1635053501035, "0": 395.9699339720963, "3": 6.255571496327481e-09, "2": 578.8057530277692, "5": 78.8927552536043, "4": 65.6624865329908, "7": 2.5018790596004155e-09, "6": 146.8398933587326, "9": 6.21922865115031e-09, "8": 2.479267976830593e-09, "51": 7.229230953953451e-09, "39": 1142.6611393370092, "38": 2.481381048821764e-09, "11": 2.5819612710585713e-09, "10": 224.37457323567006, "13": 7.927146663441981e-09, "12": 6.269412490396652e-09, "15": 2.612311045802498e-09, "14": 4.434337187552084e-09, "17": 197.52159740257827, "16": 644.2433459874898, "19": 1385.9518687127722, "18": 220.21258173124082, "31": 2.5804216971326853e-09, "30": 4.484014840966914e-09, "37": 2.500708376298496e-09, "36": 3.324022960430213e-09, "35": 6.746662361266754e-09, "34": 2.4785926632952883e-09, "33": 2.4781468607340924e-09, "55": 2.5685770499670734e-09, "32": 2.7503299539422025e-09, "50": 639.3757412040054}