{"54": 396.55764737491393, "42": 461.61876779875212, "48": 398.51185032740784, "43": 413.51398096051452, "49": 265.65632978647932, "52": 395.73049790144557, "53": 290.88542474611444, "24": 311.65044010232373, "25": 390.92978920530419, "26": 352.64134506947693, "27": 757.06162277004216, "20": 355.7418784198436, "21": 273.04238653022202, "22": 380.59219504759687, "23": 325.70199940604948, "46": 375.12654435430659, "47": 451.36954219601108, "44": 439.3252943750586, "45": 323.36911734902213, "28": 500.31530588196892, "29": 432.87502371345801, "40": 459.60368798135704, "41": 356.65305010942416, "1": 450.09409876907415, "0": 556.85489361463749, "3": 497.58038154692122, "2": 295.11869038956968, "5": 474.80709061318782, "4": 455.06881255249931, "7": 429.10360206593708, "6": 258.36889948866008, "9": 267.58954103345201, "8": 299.51274203165099, "51": 392.35177927977787, "39": 436.51265729628437, "38": 388.40766820698661, "11": 489.54721729947323, "10": 446.76779006051214, "13": 222.78854782470233, "12": 447.88379853022337, "15": 387.13776933643084, "14": 599.14850651636652, "17": 825.29333526144069, "16": 435.82552441361747, "19": 497.36540096043399, "18": 590.63632045090935, "31": 357.00660586902359, "30": 649.57581262093436, "37": 470.24097061793572, "36": 377.02841997162625, "35": 451.39598758460875, "34": 387.27986735989651, "33": 610.5501229751917, "55": 326.53045033883666, "32": 532.84542051707842, "50": 256.15932030165538}