{"54": 338.10597445411645, "42": 429.49695054685799, "48": 235.2710022409542, "43": 422.39527673521957, "49": 220.87867300827239, "52": 334.63160898212197, "53": 272.42632452766048, "24": 259.97815864576955, "25": 318.77042317123227, "26": 279.11241309430409, "27": 340.76601429105466, "20": 383.73636686648575, "21": 208.08328648384111, "22": 222.5047937016148, "23": 317.62399831592876, "46": 440.85376906610503, "47": 487.58627739675319, "44": 452.08263057556894, "45": 291.7117255537276, "28": 422.42304845769587, "29": 377.06087881744753, "40": 569.77565705712254, "41": 307.06359667944025, "1": 292.55994066068735, "0": 483.55531003835716, "3": 354.77688542887142, "2": 204.4815860703921, "5": 470.05524921389923, "4": 286.82831922065793, "7": 501.99908107829521, "6": 240.8161498348793, "9": 216.30120968588074, "8": 368.2060462585253, "51": 353.12158512149716, "39": 426.55075047121795, "38": 332.05688830758123, "11": 420.28793310352467, "10": 393.26947224134602, "13": 207.80608515185656, "12": 392.10642198713754, "15": 382.7657091834451, "14": 217.463144991653, "17": 438.91470377676944, "16": 316.35253839008476, "19": 523.65667682815217, "18": 627.39750864946166, "31": 287.29621875200672, "30": 399.11890307332811, "37": 683.91207562046691, "36": 404.54529509843661, "35": 288.56189403580908, "34": 259.83043110222911, "33": 1269.4818526157544, "55": 199.00665479707448, "32": 516.09604160703441, "50": 210.61702195650415}