{"54": 335.63868083033009, "42": 339.72273653441476, "48": 255.11595643120714, "43": 292.62683834487768, "49": 224.59995527669815, "52": 263.6297100575236, "53": 314.50685723794021, "24": 255.79443195975145, "25": 301.8601098823907, "26": 264.57137625322247, "27": 253.59044826145126, "20": 273.35673146660736, "21": 249.09829223387021, "22": 288.08570014551418, "23": 342.87704501328773, "46": 401.84469376292003, "47": 332.84412877146156, "44": 338.6978987638015, "45": 247.06891458945825, "28": 303.65033249949249, "29": 297.74140426045017, "40": 274.72250291783763, "41": 313.05909431914154, "1": 526.55051369367527, "0": 313.79784415051188, "3": 321.33456435173275, "2": 236.87316604160969, "5": 302.81698343855766, "4": 417.4266765272539, "7": 444.30714792117061, "6": 208.11385536146642, "9": 248.01296850003919, "8": 402.39412850695214, "51": 328.96071973734604, "39": 315.49064406582721, "38": 300.86769921684021, "11": 455.19064286733271, "10": 382.0575607452883, "13": 225.93319665317631, "12": 374.70489709683994, "15": 292.5130276453055, "14": 517.94399836989726, "17": 317.56447070269093, "16": 300.51744062390242, "19": 343.64745930334408, "18": 536.2222961110665, "31": 289.2079325267091, "30": 266.07668819121653, "37": 416.83425443513715, "36": 316.33328782162698, "35": 324.04812852227792, "34": 271.92241133579012, "33": 355.38511051372291, "55": 410.63522325284669, "32": 373.4237759491624, "50": 192.20268941425812}