{"54": 0.00017307207888242015, "42": 682.663820866578, "48": 1381.6704478622455, "43": 217.4432024346377, "49": 0.36382889489679004, "52": 2188.8242088234265, "53": 0.4768537124038077, "24": 1634.0857695824382, "25": 15.674532469959317, "26": 25.69490708881355, "27": 2154.6431415206657, "20": 19.301758760404383, "21": 1258.812702829167, "22": 1031.225077209955, "23": 0.743544982177895, "46": 353.27487405282966, "47": 0.00017312388310033067, "44": 1038.9342798833115, "45": 2.485864490584257, "28": 0.34712082470053895, "29": 690.5677711851142, "40": 1123.8161583450837, "41": 732.6067745584621, "1": 1737.184432841215, "0": 1.3853842607040949e-09, "3": 760.9880208814338, "2": 1.5346658801477898e-09, "5": 564.6586922189413, "4": 1184.8287751838723, "7": 0.0023972658979113486, "6": 4.631143745628878e-07, "9": 2301.0532687992927, "8": 8.497968828602514e-09, "51": 2226.4830079254098, "39": 1566.1439958153205, "38": 1.3680090519445756, "11": 8.497968829436914e-09, "10": 8.497968826776549e-09, "13": 8.546699911734304e-09, "12": 8.497968828497515e-09, "15": 259.4670790660269, "14": 2284.5754696174895, "17": 1564.157619826137, "16": 1.4686190814501785, "19": 697.7699338641132, "18": 1540.2818137806316, "31": 1852.3195620864378, "30": 0.6024817097879112, "37": 703.4493820619596, "36": 94.04090539470657, "35": 268.7860294719286, "34": 10.709114035485342, "33": 1593.491423212524, "55": 0.6569740035885308, "32": 1967.5390726559356, "50": 5.6684913204586636}