{"54": 373.70981130544885, "42": 444.67571323884141, "48": 167.76010840180908, "43": 446.9505714936401, "49": 259.0308417685934, "52": 342.43874293000135, "53": 264.68128431354899, "24": 277.91420836706612, "25": 380.55837323133181, "26": 310.22361852401747, "27": 319.30706003236259, "20": 365.21613542999808, "21": 211.02281415759265, "22": 180.19729886043092, "23": 293.58420141749895, "46": 348.93446516613943, "47": 311.74349600626192, "44": 395.65684175632964, "45": 274.33921877727835, "28": 453.34423549168378, "29": 408.3177805545107, "40": 560.44788844593074, "41": 289.16571154197959, "1": 240.13210225928916, "0": 303.87725124667952, "3": 377.40487013419357, "2": 200.7237803023838, "5": 472.95286389053564, "4": 440.24017165800382, "7": 305.1882223556907, "6": 212.67501862815985, "9": 174.85016538046867, "8": 257.26864610761123, "51": 298.19020426622308, "39": 354.88570006519546, "38": 315.29973325114923, "11": 497.65092494257266, "10": 370.17815943557508, "13": 198.216761234654, "12": 475.97610464334684, "15": 319.87389836928588, "14": 162.81604215049256, "17": 493.36571252481536, "16": 322.18113596718018, "19": 547.58753495151711, "18": 712.85181315311058, "31": 317.52535121596827, "30": 409.45807984926506, "37": 525.7925118484178, "36": 415.61419802376832, "35": 340.75967088776309, "34": 294.79260647512569, "33": 880.48509833848073, "55": 225.19542325059697, "32": 720.5037103801692, "50": 190.5871589149283}