{"54": 562.336998454278, "42": 437.27240702888366, "48": 174.4560312160558, "43": 474.27072465000055, "49": 256.36449298144095, "52": 398.0224559881931, "53": 392.67199237879555, "24": 270.37741202729205, "25": 356.4872195329737, "26": 267.255089142522, "27": 136.11763537882177, "20": 370.90359424900424, "21": 174.50357074857078, "22": 171.03633700001248, "23": 292.4858258141642, "46": 799.1463225666338, "47": 1687.1868709847924, "44": 703.492449128126, "45": 526.8704931543763, "28": 411.79879277977255, "29": 374.4368036185933, "40": 769.7299332122861, "41": 252.26555358384806, "1": 308.93160378078755, "0": 406.99348694310305, "3": 543.2682522596949, "2": 406.8282510686159, "5": 533.8898093672656, "4": 524.9705129561099, "7": 501.8480948556164, "6": 192.6056499301746, "9": 432.3037900044004, "8": 364.41153015807026, "51": 500.51748778549336, "39": 745.4313200789791, "38": 653.8080310230305, "11": 670.1961187792724, "10": 602.2786243759698, "13": 208.1523738062178, "12": 593.9293909484595, "15": 316.0534909190465, "14": 274.31032970244235, "17": 1246.8417888015063, "16": 615.6873003386811, "19": 800.9092758520749, "18": 1327.3284620370841, "31": 469.0643908394926, "30": 560.7791490406424, "37": 583.9644403760119, "36": 495.0145979366912, "35": 363.0912644528607, "34": 229.76503234389597, "33": 592.9742384188403, "55": 274.9662614192907, "32": 785.4761389801495, "50": 237.22436866479154}