{"54": 512.2651646046814, "42": 556.6187412149068, "48": 166.86101353917695, "43": 359.2605976271197, "49": 424.74032336540046, "52": 1348.0563376831242, "53": 216.49248469814026, "24": 286.7981907832389, "25": 252.15334965338556, "26": 482.8656508209289, "27": 1130.3332517636736, "20": 329.2955047315972, "21": 708.962274341591, "22": 1482.5941935980873, "23": 668.628214533274, "46": 916.0518241952317, "47": 3091.2938018939817, "44": 1071.6184232188075, "45": 829.4566131137072, "28": 580.3783672222255, "29": 228.27056239447327, "40": 2439.984814673065, "41": 281.85985760447454, "1": 746.1799634365454, "0": 498.6325689232251, "3": 782.4747336758378, "2": 879.9418939238959, "5": 473.32869742865194, "4": 710.7561158687324, "7": 596.6646210606464, "6": 261.2508564682477, "9": 1855.3935354078485, "8": 252.18086204833406, "51": 478.8437504964987, "39": 478.9776250801549, "38": 280.7312968523298, "11": 220.88155472938797, "10": 371.6341044012761, "13": 230.11043381378443, "12": 434.90946249188835, "15": 122.78696962536746, "14": 507.8249279755866, "17": 1984.6018032405, "16": 946.4853591578842, "19": 1594.7262641953555, "18": 1135.6145585525367, "31": 706.5917121268806, "30": 1309.657346635759, "37": 456.7750712907934, "36": 121.34752003775527, "35": 479.0769607780858, "34": 92.305175145363, "33": 277.64065399297135, "55": 318.66417084049726, "32": 666.4657820850927, "50": 250.7920485516237}