{"54": 0.47687507829779885, "42": 1906.7997101876913, "48": 724.6220965792573, "43": 1628.2871110196886, "49": 0.278877851414598, "52": 1589.464671860024, "53": 0.00010398083522202283, "24": 2120.083084864579, "25": 3.1303086262613, "26": 302.5314356223726, "27": 1848.1282508639988, "20": 24.09300245745382, "21": 1205.3443836348056, "22": 869.7040359737763, "23": 145.75503270295985, "46": 0.00010393590761550954, "47": 564.1733783563966, "44": 37.627197465683246, "45": 0.00010521419674662953, "28": 165.09091208535904, "29": 238.58131782703666, "40": 808.2928120994503, "41": 581.3158145932238, "1": 40.12652296657953, "0": 3.553241595074895e-10, "3": 0.00454683922317037, "2": 3.9002884056501373e-10, "5": 3463.7742460764325, "4": 56.04173958302036, "7": 0.0017550109641464246, "6": 1.1769860033699614e-07, "9": 1917.8917175564893, "8": 78.29629428708965, "51": 1545.1548146521, "39": 146.8956591472822, "38": 1586.5014876792704, "11": 278.57271994657305, "10": 0.004701914983948558, "13": 3.678301760156396, "12": 248.4980114219598, "15": 253.5760164406147, "14": 276.8040618645024, "17": 0.004967136580205613, "16": 0.0049617935697689585, "19": 2817.422269787226, "18": 595.3696658165993, "31": 2.8487788828856333, "30": 1683.9257888190161, "37": 665.5518616574489, "36": 125.52452838109929, "35": 410.38584052906407, "34": 473.98667694482833, "33": 170.98934098194667, "55": 0.5252778613629603, "32": 3339.2516176756385, "50": 87.97422469129111}