{"54": 315.6666698241442, "42": 449.90985884264285, "48": 222.0232560991397, "43": 233.6818150272724, "49": 266.03056392004544, "52": 1381.0039832566101, "53": 116.85343216421643, "24": 346.7600784935554, "25": 168.59281307541633, "26": 422.46591909423915, "27": 1444.7282153334227, "20": 321.71793354736263, "21": 767.1017146823582, "22": 1170.9927596493399, "23": 468.3743790219863, "46": 414.5611986933939, "47": 1201.551381806172, "44": 650.5181289687625, "45": 511.54616410602216, "28": 509.0157147023681, "29": 227.91404283681362, "40": 1418.4190392579392, "41": 277.8165882226324, "1": 892.4760291992939, "0": 419.63986146617276, "3": 487.04178071583203, "2": 661.6009316745987, "5": 421.7593876456717, "4": 545.8413583485728, "7": 501.8478029705408, "6": 213.04840714364835, "9": 1277.9444299601355, "8": 142.59332066666224, "51": 332.75969306268166, "39": 200.11900114261468, "38": 130.30190470479846, "11": 97.81359141898798, "10": 155.8172379508389, "13": 161.26032795709878, "12": 301.54697644647825, "15": 183.21036217307207, "14": 721.0012019175908, "17": 513.4367074751322, "16": 485.2905409964857, "19": 884.7226302640322, "18": 573.0971548936283, "31": 373.6680694020672, "30": 556.5327292229687, "37": 402.19148659133833, "36": 94.14018927692493, "35": 449.47756270564287, "34": 172.9313309137025, "33": 892.970090731668, "55": 227.91428565982596, "32": 227.0616935526372, "50": 228.07725481909162}