{"54": 0.8954900791324563, "42": 2151.989929042941, "48": 1197.1353347024167, "43": 171.84779083419016, "49": 0.3673686397610907, "52": 1784.4509580788604, "53": 0.00013474032471113184, "24": 8.867970241630019, "25": 908.9619864996396, "26": 1.344725038986338, "27": 1895.5914722226896, "20": 0.1624035444525329, "21": 1228.342299055074, "22": 983.0783130009443, "23": 1615.373548572145, "46": 0.00013472747547760224, "47": 325.97583466367786, "44": 922.593264720628, "45": 0.0001363794356755545, "28": 1.7665739756662817, "29": 1.2056129852565693, "40": 2790.359274841014, "41": 762.6575096616649, "1": 829.5715978247057, "0": 5.5566801204979e-10, "3": 0.10058402423601764, "2": 6.099403733686573e-10, "5": 0.1679688994981332, "4": 2675.233538932836, "7": 0.0024774238318736597, "6": 1.840608160086948e-07, "9": 2121.0439930724147, "8": 0.2263544622140068, "51": 1908.2010132043283, "39": 1499.5808751779996, "38": 1.6255953594297532, "11": 614.1824143248299, "10": 0.05868780535028739, "13": 0.06858060705974334, "12": 0.09775375013393062, "15": 1957.8396398126488, "14": 56.359532101945206, "17": 3642.007453011621, "16": 1.4304874803723708, "19": 0.1705684857911911, "18": 0.06912259919192087, "31": 1530.0301370693662, "30": 2.434918279259991, "37": 70.48876594503305, "36": 66.76489300133815, "35": 774.6045313362672, "34": 1.8713277020697545, "33": 4081.489241441336, "55": 1.076261467805514, "32": 2008.108592024778, "50": 0.44973918129241497}