{"54": 2.399787377897063, "42": 649.6967164522985, "48": 849.9205186050798, "43": 288.18960205758583, "49": 0.9796287294606252, "52": 1831.3796246606553, "53": 0.000549660784989628, "24": 3.650066906792916, "25": 1905.1709225554584, "26": 2.9803896970559016, "27": 1859.931816204356, "20": 0.4330445841624675, "21": 1228.0146844252808, "22": 1031.6132215919827, "23": 1.260081545420801, "46": 0.0005641390747303334, "47": 57.70010339485788, "44": 2514.027271582923, "45": 0.0005664815599240708, "28": 953.3995464083803, "29": 12.004574743981294, "40": 834.2765832467296, "41": 409.4500824963617, "1": 3257.0249110897157, "0": 3.976435874088167e-09, "3": 0.25432192624828165, "2": 4.364816246333345e-09, "5": 0.4133845410427073, "4": 665.9270419859997, "7": 0.004965850441142568, "6": 1.317064512612811e-06, "9": 2117.876882236759, "8": 31.52080900613609, "51": 1895.9092443538157, "39": 16.80391254352554, "38": 1624.450957817263, "11": 30.699522549013714, "10": 0.34434883743331834, "13": 67.95817198194399, "12": 0.6621846481419098, "15": 1423.5089213075655, "14": 1441.3097785136315, "17": 0.2549651431289286, "16": 0.2594721153424573, "19": 4999.999985956543, "18": 584.8461537772678, "31": 12.979110170686099, "30": 2.015957795299208, "37": 337.9752716872209, "36": 141.80864593963784, "35": 169.4548619395449, "34": 482.6986959304477, "33": 5.170078756310431, "55": 1.8880299145957267, "32": 607.829043893991, "50": 5.3414728520331884}