{"54": 416.91406122177972, "42": 511.57247333028118, "48": 190.78454758291483, "43": 601.83802329902653, "49": 202.16686583338875, "52": 142.93784355491877, "53": 280.46663781856466, "24": 435.60141870009335, "25": 679.37027031432797, "26": 587.57723971776147, "27": 524.50944350462919, "20": 436.57387399619449, "21": 352.11547904691827, "22": 393.67878524811226, "23": 516.16317291941937, "46": 386.89206029258264, "47": 587.29748885194272, "44": 578.8458422926243, "45": 248.91266198442392, "28": 611.74224444715264, "29": 700.51495089275738, "40": 1263.5091502669002, "41": 375.57743976131519, "1": 303.32340423268408, "0": 341.88529563180055, "3": 422.33807082805413, "2": 185.22614967849174, "5": 452.51549495697913, "4": 421.55546049666555, "7": 250.16872687160068, "6": 234.96688110521796, "9": 156.13827472244583, "8": 347.17314889565739, "51": 374.80838234507587, "39": 454.61664880427486, "38": 302.42205152472661, "11": 597.01702068710813, "10": 419.3305826970784, "13": 237.17722058263578, "12": 601.5736043842744, "15": 447.98010312680503, "14": 318.76173537286837, "17": 495.10733895617443, "16": 294.78327411558803, "19": 814.30624080983341, "18": 760.15141341427864, "31": 289.25089552755134, "30": 1594.1379034121771, "37": 506.63681685017798, "36": 585.3721110849973, "35": 448.05043032949987, "34": 377.02472654789716, "33": 1975.2605910224486, "55": 249.16657951188196, "32": 1097.7072569400459, "50": 259.77217664900434}