{"54": 281.70584199879266, "42": 633.7234202832406, "48": 243.34787997825413, "43": 480.35259288734966, "49": 311.99105352805725, "52": 1460.898483971286, "53": 121.10279482943217, "24": 471.0060753606462, "25": 385.5264203276061, "26": 893.8561581817453, "27": 1691.0486289642217, "20": 462.608923541247, "21": 941.5186484777922, "22": 1933.2442435090031, "23": 788.4588528139593, "46": 340.49043930100544, "47": 2381.393503454251, "44": 753.1405087739281, "45": 512.6956930602535, "28": 896.0124359232449, "29": 434.6427412490955, "40": 2870.0504905634903, "41": 327.22367267440944, "1": 820.7058659443577, "0": 409.1987395116848, "3": 541.1889857556494, "2": 636.0491458340626, "5": 647.9763303236097, "4": 587.7149267346255, "7": 456.97189393578304, "6": 327.3911851914573, "9": 1507.93987326322, "8": 177.0845692266348, "51": 433.05035532565483, "39": 195.29722913091817, "38": 137.40799959037145, "11": 156.24723933169741, "10": 230.39105676596873, "13": 269.0013839864772, "12": 380.19089435706087, "15": 190.93456196022308, "14": 380.8266112391592, "17": 872.0067666799789, "16": 694.9609020751496, "19": 1418.579279315508, "18": 649.7349366313867, "31": 335.1021556711439, "30": 1826.2483138085038, "37": 503.6077898053764, "36": 215.4109031668874, "35": 631.1312189572403, "34": 244.7146052318013, "33": 1529.5915623602627, "55": 199.15025766776412, "32": 954.9097674622972, "50": 271.05562169159845}