{"54": 6.752726673890094e-05, "42": 689.4473568159528, "48": 1201.6976410293123, "43": 226.40159347811797, "49": 0.10636342209943117, "52": 2061.7713198888932, "53": 0.14315534592416146, "24": 1561.576493991424, "25": 2.1828427743922383, "26": 3.0510624088253415, "27": 2099.825272967808, "20": 0.07284506074285191, "21": 1267.79421534025, "22": 1007.7693759274679, "23": 1.542810745478786, "46": 0.42718143999241986, "47": 6.754819652835176e-05, "44": 1235.2235383795967, "45": 214.84319966781854, "28": 593.0407851682968, "29": 0.8500321752966653, "40": 1509.8554697949305, "41": 797.1895198431295, "1": 1164.3584570740727, "0": 5.509346116551602e-10, "3": 2989.9742818263144, "2": 6.110038722021857e-10, "5": 0.07391476155490456, "4": 0.02978093133304846, "7": 0.0007506322145927257, "6": 1.8438150895098224e-07, "9": 2245.5967509142197, "8": 3.0030772257638193e-09, "51": 2218.026313258085, "39": 0.4490281113205814, "38": 1560.0470290094975, "11": 3.0030770164051507e-09, "10": 3.003077161547856e-09, "13": 3.0202980832626825e-09, "12": 3.003077103319337e-09, "15": 337.7475300463708, "14": 1840.3443884195497, "17": 0.04382325988826313, "16": 0.04837342887869012, "19": 0.0736764114510906, "18": 3142.368195578257, "31": 34.632944525059806, "30": 2.6739929562552516, "37": 21.493451019732476, "36": 787.1262093950332, "35": 103.7447666725345, "34": 3.340448399703533, "33": 2449.9030323465113, "55": 0.21600209044179497, "32": 1874.103813313791, "50": 0.2420189870245122}