{"54": 337.86221296282315, "42": 398.67631525096641, "48": 208.8006477291583, "43": 345.47071343540404, "49": 302.18232450603949, "52": 355.54605977255937, "53": 251.62261057635072, "24": 224.63746870401812, "25": 330.20336211047965, "26": 300.62100576596612, "27": 318.97156487694679, "20": 391.6402636038365, "21": 239.71787452010091, "22": 377.05148686000507, "23": 284.03995018656963, "46": 446.84811572489684, "47": 867.36911755650658, "44": 471.03182329813689, "45": 265.64339947595545, "28": 396.71803152089888, "29": 390.17288938580765, "40": 979.48522874068613, "41": 349.62252220362836, "1": 343.51331013386289, "0": 434.66584384376142, "3": 374.8878075504237, "2": 212.17512413237742, "5": 538.0051280487836, "4": 404.62080214799283, "7": 349.555977399114, "6": 225.45516472304141, "9": 210.87319511962028, "8": 346.6617565218412, "51": 337.18873557036665, "39": 442.00002860063319, "38": 367.41604504639611, "11": 487.80943666169333, "10": 387.25077551517512, "13": 243.74747883402321, "12": 505.40697006605302, "15": 373.36523686168482, "14": 432.37287480206055, "17": 549.29094189057002, "16": 366.77263273247382, "19": 785.51793322736739, "18": 791.35588944052256, "31": 313.07302502044979, "30": 530.35620252585943, "37": 522.85390568389721, "36": 392.13742917584739, "35": 323.021513095947, "34": 305.94314835386922, "33": 985.70527072226366, "55": 203.24641636364592, "32": 683.09116304565111, "50": 190.13906021959718}