{"54": 585.7765717763716, "42": 480.07908990071195, "48": 198.30778455554378, "43": 334.0199469528871, "49": 364.32633074330573, "52": 1516.9966622317124, "53": 321.3783629300338, "24": 372.2346933829823, "25": 319.75134471262015, "26": 534.8352796644492, "27": 1048.1685189598252, "20": 322.73577137382523, "21": 972.8428806442136, "22": 2386.9699043362757, "23": 736.4041869219869, "46": 930.0530458611402, "47": 3897.4102509837744, "44": 1283.2260310334557, "45": 990.5940161456776, "28": 691.9844001221538, "29": 228.4838799941476, "40": 3175.578933510311, "41": 210.4353066858278, "1": 906.6426368258589, "0": 898.4796063792994, "3": 833.5653387952567, "2": 1204.6452330471736, "5": 472.14488149243977, "4": 846.9208975418172, "7": 628.2066235332674, "6": 269.0355596339945, "9": 2601.446332091512, "8": 224.9999187155473, "51": 520.0411967602064, "39": 523.7296717183522, "38": 345.5564922428747, "11": 151.10794728393026, "10": 345.3997705613733, "13": 201.8468160337434, "12": 304.3306996746518, "15": 142.25445798114288, "14": 602.3062612188888, "17": 1849.316910447295, "16": 1114.9611469966683, "19": 1343.5227191954339, "18": 2282.725420610326, "31": 1252.843910344037, "30": 1792.0822304205496, "37": 560.3778125759367, "36": 102.8009307552259, "35": 514.0928851047968, "34": 112.55503504886683, "33": 351.58666075546984, "55": 368.7536040397224, "32": 884.9056244413974, "50": 244.12670527881247}