{"7":1.4141859734374653,"22":1.9187283333022667,"14":1.2444152063020373,"29":1.7693519286194588,"28":1.364688997844028,"8":2.0017829998001138,"15":1.7411535796137907,"21":1.3764749044360685,"1":1.789431721058553}