{"30":1.8943429666584692,"2":1.7642701798494365,"16":1.67643989245509,"11":1.3032029646240089,"26":1.3468698319120027,"9":1.237919949535517,"25":1.4438647082073117,"10":1.4172247154122508,"19":1.7392108117380005,"17":1.2125079808019312,"6":1.2154924888287166,"24":1.6679502811625084,"4":1.7558537235288592,"3":1.881385643854457,"5":1.6088812011304165,"20":1.3464573476627106,"23":1.539482674465002,"13":1.3021412125344214,"27":1.5314010180107789,"12":1.6230760441147305,"18":1.2807626757853545}