{"1": 21.485922426146935, "2": 31.5632632215679, "3": 32.02562773881377, "4": 59.12053772448086, "5": 64.94129333222983, "6": 65.4036578494757, "7": 47.778699016365096, "8": 48.24106353361097, "9": 55.122863903302466, "10": 44.44116927601459, "11": 44.90353379326046, "12": 58.549552361518785, "13": 60.28705733291437, "14": 60.749421850160246, "15": 60.94908635960565, "16": 74.20718746024372, "17": 74.66955197748959, "18": 74.869216486935, "19": 22.83528621404672, "20": 10.077340795420966, "21": 37.63461529833393, "22": 43.455370906082905, "23": 50.79953579302027, "24": 26.292776590218164, "25": 33.63694147715553, "26": 22.955246849867656, "27": 38.801134906767444, "28": 39.463163933458716, "29": 46.14529979370481, "30": 52.721265034096795, "31": 53.38329406078807, "32": 60.06542992103416, "33": 32.70389230340661, "34": 34.81339914428019, "35": 11.97811293023347, "36": 33.37803011066194, "37": 40.7221949975993, "38": 49.6127282285674, "39": 16.215435794797198, "40": 23.559600681734565, "41": 12.877906054446688, "42": 28.72379411134648, "43": 29.38582313803775, "44": 36.06795899828384, "45": 42.64392423867583, "46": 43.3059532653671, "47": 49.98808912561319, "48": 61.50269742443338, "49": 66.43720157813232, "50": 68.54670841900591, "51": 38.66741121038666, "52": 45.711422204959185, "53": 52.623587808657184, "54": 33.73330927472571, "55": 40.64547487842371, "56": 48.74475200580763, "57": 16.937195032523533, "58": 27.708048377677223, "59": 29.445553349072814, "60": 38.62996760378042, "61": 24.43531455794137, "62": 49.5000065456088, "63": 51.60951338648238, "64": 56.41217214930679, "65": 28.77422717243565, "66": 35.68639277613365, "67": 16.796114242202183, "68": 23.70827984590018, "69": 17.16259431586474, "70": 10.770853345153691, "71": 12.50835831654928, "72": 26.42848844387863, "73": 45.6413188041531, "74": 47.75082564502668, "75": 60.18170117289667, "76": 24.91553943097996, "77": 12.937426500746488, "78": 27.84428894315262, "79": 10.681694627287877, "80": 16.50791708359106, "81": 23.19005294383716, "82": 30.42804721092041, "83": 37.11018307116651, "84": 61.835279303056005, "85": 61.940560397407694, "86": 63.94478614392959, "87": 41.109499929882865, "88": 41.214781024234554, "89": 48.021665533580865, "90": 29.131386999649393, "91": 29.236668094001082, "92": 36.04355260334739, "93": 29.49786707331195, "94": 38.287442191853486, "95": 44.14353053640721, "96": 12.33527275744721, "97": 16.299241593254592, "98": 23.106126102600903, "99": 13.920130127329351, "100": 76.02993234889504, "101": 76.13521344324676, "102": 78.13943918976864, "103": 55.30415297572191, "104": 55.40943407007361, "105": 62.21631857941991, "106": 43.32604004548844, "107": 43.431321139840136, "108": 50.23820564918644, "109": 24.36731206452414, "110": 26.52992580328626, "111": 30.493894639093647, "112": 37.30077914843995, "113": 14.194653045839052}