{"1": 21.485922426146935, "2": 44.00374066904724, "3": 104.07106905986237, "4": 32.02562773881377, "5": 31.5632632215679, "6": 92.85384699920658, "7": 59.12053772448086, "8": 64.94129333222983, "9": 81.63835596738116, "10": 65.4036578494757, "11": 72.74782273641307, "12": 47.778699016365096, "13": 55.122863903302466, "14": 76.0577327570044, "15": 48.24106353361097, "16": 98.57555099990469, "17": 55.58522842054833, "18": 73.74672363429873, "19": 44.44116927601459, "20": 58.549552361518785, "21": 86.8285861021581, "22": 44.90353379326046, "23": 59.01191687876466, "24": 77.04866344341484, "25": 60.28705733291437, "26": 60.94908635960565, "27": 88.56609107355368, "28": 97.75050532826128, "29": 60.749421850160246, "30": 75.51983396235572, "31": 61.41145087685152, "32": 68.09358673709761, "33": 83.55585228242224, "34": 106.07367052532253, "35": 89.83897240741707, "36": 74.66955197748959, "37": 75.33158100418086, "38": 22.83528621404672, "39": 42.78123309882758, "40": 104.07181687646624, "41": 10.077340795420966, "42": 54.860913952860486, "43": 71.36792457305964, "44": 78.28009017675764, "45": 37.63461529833393, "46": 88.23894406352242, "47": 43.455370906082905, "48": 50.79953579302027, "49": 71.07634974765769, "50": 78.42051463459505, "51": 26.292776590218164, "52": 33.63694147715553, "53": 51.79843669090593, "54": 54.57181033085746, "55": 88.59985565956156, "56": 67.73882000730717, "57": 81.84720309281138, "58": 22.955246849867656, "59": 37.06362993537186, "60": 55.10037650002204, "61": 65.34266367601116, "62": 84.24583062750632, "63": 83.37941024066133, "64": 92.56382449536893, "65": 83.58470806420696, "66": 84.24673709089822, "67": 38.801134906767444, "68": 53.57154701896292, "69": 39.463163933458716, "70": 46.14529979370481, "71": 67.08016864740674, "72": 81.85058075960222, "73": 76.26458290211434, "74": 67.89068546402427, "75": 52.721265034096795, "76": 53.38329406078807, "77": 62.069929856275294, "78": 81.00029877473608, "79": 32.70389230340661, "80": 34.81339914428019, "81": 94.88072753509532, "82": 11.97811293023347, "83": 54.18981472955355, "84": 72.0454413210486, "85": 79.38960620798596, "86": 91.82443002788747, "87": 49.6127282285674, "88": 33.37803011066194, "89": 67.01123630319996, "90": 40.7221949975993, "91": 58.8836902113497, "92": 67.67326532989124, "93": 16.215435794797198, "94": 108.761625060411, "95": 66.54992326109092, "96": 23.559600681734565, "97": 41.721095895484964, "98": 12.877906054446688, "99": 77.32077660624462, "100": 26.98628913995089, "101": 45.02303570460107, "102": 79.0582815776402, "103": 88.24269583234782, "104": 28.72379411134648, "105": 72.00799771444235, "106": 43.49420622354195, "107": 29.38582313803775, "108": 36.06795899828384, "109": 116.25974458582884, "110": 74.04804278650877, "111": 57.81334466860331, "112": 57.4143363508713, "113": 42.64392423867583, "114": 65.15750955554067, "115": 49.98808912561319, "116": 43.3059532653671, "117": 61.50269742443338, "118": 81.44864430921425, "119": 66.43720157813232, "120": 68.54670841900591, "121": 73.34936718183033, "122": 38.66741121038666, "123": 45.711422204959185, "124": 87.92312400427926, "125": 52.623587808657184, "126": 48.74475200580763, "127": 93.52832516324715, "128": 33.73330927472571, "129": 40.64547487842371, "130": 58.68222144307389, "131": 67.76135460342981, "132": 67.8666356977815, "133": 16.937195032523533, "134": 109.74376095804435, "135": 64.96018780060483, "136": 72.30435268754219, "137": 50.96524036122763, "138": 65.61090382432289, "139": 106.40623121769383, "140": 61.62265806025432, "141": 75.73104114575852, "142": 27.708048377677223, "143": 46.6112153291724, "144": 45.7447949423274, "145": 54.929209197035014, "146": 61.73609370638132, "147": 77.4685461171541, "148": 78.13057514384538, "149": 29.445553349072814, "150": 63.11913241276346, "151": 44.21596546126828, "152": 38.62996760378042, "153": 24.43531455794137, "154": 58.136095588597634, "155": 43.36568347640217, "156": 49.5000065456088, "157": 51.60951338648238, "158": 78.66529174029812, "159": 98.61123862507898, "160": 56.41217214930679, "161": 58.521678990180376, "162": 74.44891871395697, "163": 28.77422717243565, "164": 70.98592897175573, "165": 55.8300055262514, "166": 35.68639277613365, "167": 77.89809457545373, "168": 53.72313934078383, "169": 89.46321171878944, "170": 16.796114242202183, "171": 65.90734632167236, "172": 110.69091947911188, "173": 23.70827984590018, "174": 41.74502641055036, "175": 17.16259431586474, "176": 108.62054427008965, "177": 66.40884247076957, "178": 73.32100807446758, "179": 65.56621262059824, "180": 50.79580050840277, "181": 10.770853345153691, "182": 29.67402029664887, "183": 78.78525237611905, "184": 72.09180351289976, "185": 28.807599909803873, "186": 12.50835831654928, "187": 46.18193738023993, "188": 55.792561919645166, "189": 27.27877042874475, "190": 90.84415702871094, "191": 60.10206750756928, "192": 41.59790887380611, "193": 41.1989005560741, "194": 26.42848844387863, "195": 45.6413188041531, "196": 47.75082564502668, "197": 60.18170117289667, "198": 62.29120801377026, "199": 89.346986367586, "200": 78.34319638664707, "201": 24.91553943097996, "202": 67.12724123030003, "203": 84.98286782179508, "204": 39.455921799723534, "205": 81.66762359904361, "206": 66.51170015353928, "207": 57.617417013473926, "208": 84.67319536728968, "209": 93.46277048583121, "210": 12.937426500746488, "211": 27.47780886949006, "212": 76.58904094896025, "213": 45.639304083240454, "214": 104.76185652863396, "215": 62.55015472931389, "216": 46.31545661140842, "217": 27.84428894315262, "218": 77.09053709805747, "219": 61.477495135690646, "220": 46.00578415690301, "221": 54.795359275444554, "222": 10.681694627287877, "223": 29.152862295543684, "224": 79.48734976183742, "225": 28.84318984103827, "226": 71.73255430796809, "227": 16.50791708359106, "228": 41.66122061209296, "229": 23.19005294383716, "230": 66.47425654693303, "231": 86.98546928725526, "232": 70.75077116934979, "233": 55.58135073942231, "234": 52.27960350109399, "235": 37.11018307116651, "236": 30.42804721092041, "237": 70.44109871484439, "238": 61.835279303056005, "239": 63.94478614392959, "240": 91.00056449774533, "241": 68.747444906754, "242": 61.940560397407694, "243": 64.05006723828127, "244": 76.48094276615126, "245": 99.79013961628687, "246": 41.109499929882865, "247": 83.32120172920294, "248": 68.16527828369861, "249": 48.021665533580865, "250": 41.214781024234554, "251": 83.42648282355464, "252": 55.755163392978126, "253": 82.81094174679387, "254": 76.95485340224015, "255": 29.131386999649393, "256": 78.24261907911958, "257": 36.04355260334739, "258": 29.236668094001082, "259": 43.777050462744654, "260": 87.03219419766111, "261": 72.0207514665792, "262": 29.49786707331195, "263": 78.7441152282168, "264": 78.84939632256848, "265": 62.614698204663014, "266": 44.14353053640721, "267": 38.287442191853486, "268": 12.33527275744721, "269": 26.980936220542468, "270": 45.45210388879828, "271": 55.22463722437702, "272": 16.299241593254592, "273": 23.106126102600903, "274": 42.009293054096084, "275": 65.99549056953072, "276": 13.920130127329351, "277": 53.93318163125332, "278": 68.57884509434858, "279": 85.87000948895752, "280": 105.81595637373837, "281": 90.80451364265647, "282": 76.02993234889504, "283": 76.13521344324676, "284": 63.0347232749108, "285": 70.07873426948332, "286": 55.30415297572191, "287": 82.35993132953766, "288": 55.40943407007361, "289": 73.11206407033177, "290": 117.89563722777129, "291": 58.100621339249855, "292": 65.01278694294786, "293": 43.32604004548844, "294": 50.23820564918644, "295": 43.431321139840136, "296": 57.9717035085837, "297": 24.36731206452414, "298": 43.692520119151, "299": 58.33818358224626, "300": 41.304507097047676, "301": 89.32749986512897, "302": 26.52992580328626, "303": 41.17558926638152, "304": 59.64675693463734, "305": 85.98997012477845, "306": 52.075360442201365, "307": 70.97852739369654, "308": 70.11210700685155, "309": 30.493894639093647, "310": 37.30077914843995,