{"1": 0.2948388908005997, "2": 0.43140297884612355, "3": 0.4376029913907373, "4": 0.8071864335047119, "5": 0.8958375951772004, "6": 0.902037607721814, "7": 0.6575810046835585, "8": 0.6637810172281722, "9": 0.7839742040772427, "10": 0.6191806157492572, "11": 0.625380628293871, "12": 0.824366058429441, "13": 0.8363043488507689, "14": 0.8425043613953825, "15": 0.8650220188125689, "16": 1.0234840686497777, "17": 1.0296840811943915, "18": 1.0522017386115778, "19": 0.3148939774443233, "20": 0.13656408804552383, "21": 0.5123475427041122, "22": 0.6009987043766006, "23": 0.727391903770285, "24": 0.3627421138829588, "25": 0.48913531327664306, "26": 0.32434172494865754, "27": 0.5414654580501692, "28": 0.5701831280119692, "29": 0.6678586574438534, "30": 0.7286451778491781, "31": 0.7573628478109782, "32": 0.8550383772428624, "33": 0.4462302321577355, "34": 0.4778474998814094, "35": 0.16295352243708608, "36": 0.4644346163310768, "37": 0.5908278157247611, "38": 0.6753010651411983, "39": 0.22617802583743496, "40": 0.3525712252311192, "41": 0.18777763690313368, "42": 0.4049013700046453, "43": 0.43361903996644535, "44": 0.5312945693983295, "45": 0.5920810898036543, "46": 0.6207987597654543, "47": 0.7184742891973385, "48": 0.8433297301961853, "49": 0.9150196344464715, "50": 0.9466369021701453, "51": 0.528435752751862, "52": 0.631742924725822, "53": 0.7560091158429576, "54": 0.468789402288736, "55": 0.5930555934058716, "56": 0.6649998407973858, "57": 0.23276742127903, "58": 0.39955247502491253, "59": 0.41149076544624036, "60": 0.522560135400436, "61": 0.330008604650025, "62": 0.6822522131674416, "63": 0.7138694808911155, "64": 0.8065184042845771, "65": 0.3989755034467921, "66": 0.5232416945639277, "67": 0.236021981009706, "68": 0.3602881721268416, "69": 0.23825659049364184, "70": 0.16678505374588254, "71": 0.17872334416721036, "72": 0.3659030639662193, "73": 0.6397333505386945, "74": 0.6713506182623684, "75": 0.8470458014954271, "76": 0.3564566408180451, "77": 0.19350311838095904, "78": 0.4030501788216274, "79": 0.16479358832798555, "80": 0.2458414030633117, "81": 0.3435169324951959, "82": 0.43302112286232064, "83": 0.5306966522942048, "84": 0.8602151058474294, "85": 0.8846720055135544, "86": 0.8918323735711033, "87": 0.57693839612678, "88": 0.601395295792905, "89": 0.7012045872439155, "90": 0.4139848736896939, "91": 0.4384417733558189, "92": 0.5382510648068295, "93": 0.4162194831736297, "94": 0.5167818426251494, "95": 0.6479888337964872, "96": 0.17796289267998788, "97": 0.24493865497485987, "98": 0.3447479464258704, "99": 0.18717971979900894, "100": 1.0527666365978403, "101": 1.0772235362639653, "102": 1.0843839043215142, "103": 0.769489926877191, "104": 0.7939468265433159, "105": 0.8937561179943264, "106": 0.6065364044401049, "107": 0.6309933041062299, "108": 0.7308025955572404, "109": 0.3296021228261404, "110": 0.37051442343039886, "111": 0.4374901857252709, "112": 0.5372994771762813, "113": 0.192551530750411}