{"(7,1.5,100.0,8)":[1.0,-0.0005624356959473271,0.007315116162437388,0.06009859295392707,0.07428375842212098,0.028145886956210075,-0.0017688456637094312,-0.0004662954365569541],"(7,1.5,100.0,1)":[1.0,-0.00046882499828789924,0.0056367316566803,0.058216519032997675,0.07321130475862528,0.028305574590625878,-0.001556090550573597,-0.0005397783952012584],"(7,1.5,100.0,14)":[1.0,-0.0005617875341686267,0.007301886059216636,0.06008634142838473,0.07428033962432835,0.028147087750598584,-0.001768534806014431,-0.0004665285795497312],"(7,1.5,100.0,13)":[1.0,-0.0005617875341686267,0.007301886059216636,0.06008634142838473,0.07428033962432835,0.028147087750598584,-0.001768534806014431,-0.0004665285795497312],"(7,1.5,100.0,10)":[1.0,-0.0005617875341686267,0.007301886059216636,0.06008634142838473,0.07428033962432835,0.028147087750598584,-0.001768534806014431,-0.0004665285795497312],"(7,1.5,100.0,5)":[1.0,-0.000556042252018158,0.007200718781295149,0.059953189420797005,0.07421804769625556,0.02816031568631602,-0.001757465266884483,-0.0004707948919186867],"(7,1.5,100.0,11)":[1.0,-0.0005617875341686267,0.007301886059216636,0.06008634142838473,0.07428033962432835,0.028147087750598584,-0.001768534806014431,-0.0004665285795497312],"(7,1.5,100.0,9)":[1.0,-0.0005617875341686267,0.007301886059216636,0.06008634142838473,0.07428033962432835,0.028147087750598584,-0.001768534806014431,-0.0004665285795497312],"(7,1.5,100.0,6)":[1.0,-0.000556042252018158,0.007200718781295149,0.059953189420797005,0.07421804769625556,0.02816031568631602,-0.001757465266884483,-0.0004707948919186867],"(7,1.5,100.0,2)":[1.0,-0.0005190919785802887,0.0065374455850840014,0.05921380477043453,0.07389069968253681,0.028230535238647516,-0.0017006575237514202,-0.0004935472488603886],"(7,1.5,100.0,3)":[1.0,-0.0005457221767964664,0.0070165265871308105,0.05971350903405738,0.07410715748376503,0.02818408312896762,-0.001737937346665791,-0.00047838246624128935],"(7,1.5,100.0,12)":[1.0,-0.0005617875341686267,0.007301886059216636,0.06008634142838473,0.07428033962432835,0.028147087750598584,-0.001768534806014431,-0.0004665285795497312],"(7,1.5,100.0,4)":[1.0,-0.000556042252018158,0.007200718781295149,0.059953189420797005,0.07421804769625556,0.02816031568631602,-0.001757465266884483,-0.0004707948919186867],"(7,1.5,100.0,7)":[1.0,-0.0005624356959473271,0.007315116162437388,0.06009859295392707,0.07428375842212098,0.028145886956210075,-0.0017688456637094312,-0.0004662954365569541]}