{"(6,3.5,1.0,1)":[1.0,0.008336215952625748,-0.06667548060302057,0.11240850742259566,0.07208971100636605,0.024003856294260113,-0.002739893448754224],"(6,3.5,1.0,2)":[1.0,0.003149122695137419,-0.03884280134252246,0.10657892318486342,0.08059250643773469,0.01555927086278292,-0.000593889343565948],"(6,3.5,1.0,7)":[1.0,0.003149122695137419,-0.03884280134252246,0.10657892318486342,0.08059250643773469,0.01555927086278292,-0.000593889343565948],"(6,3.5,1.0,4)":[1.0,0.003149122695137419,-0.03884280134252246,0.10657892318486342,0.08059250643773469,0.01555927086278292,-0.000593889343565948],"(6,3.5,1.0,5)":[1.0,0.003149122695137419,-0.03884280134252246,0.10657892318486342,0.08059250643773469,0.01555927086278292,-0.000593889343565948],"(6,3.5,1.0,3)":[1.0,0.003149122695137419,-0.03884280134252246,0.10657892318486342,0.08059250643773469,0.01555927086278292,-0.000593889343565948],"(6,3.5,1.0,6)":[1.0,0.003149122695137419,-0.03884280134252246,0.10657892318486342,0.08059250643773469,0.01555927086278292,-0.000593889343565948]}