{"(6,3.5,1.0,1)":[1.0,0.008335888752982678,-0.06667358593177629,0.11240556596126478,0.0720916235568067,0.024003302744689533,-0.002739834350400745],"(6,3.5,1.0,8)":[1.0,0.007817112503725422,-0.06313410255963378,0.1065286897590962,0.07597083175524698,0.022913013033994567,-0.002630063838081458],"(6,3.5,1.0,2)":[1.0,0.008085264917286736,-0.06493198150816297,0.10939231714266168,0.07408648831780698,0.02346256991077611,-0.002689212476489002],"(6,3.5,1.0,10)":[1.0,0.007817112503725422,-0.06313410255963378,0.1065286897590962,0.07597083175524698,0.022913013033994567,-0.002630063838081458],"(6,3.5,1.0,7)":[1.0,0.007817112503725422,-0.06313410255963378,0.1065286897590962,0.07597083175524698,0.022913013033994567,-0.002630063838081458],"(6,3.5,1.0,4)":[1.0,0.008026861725772555,-0.06454000809090411,0.10876631267179475,0.0744987204813393,0.023342429894976913,-0.0026763063071714908],"(6,3.5,1.0,5)":[1.0,0.007820814793186083,-0.06315885101516283,0.10656801192642176,0.07594498119434073,0.022920556365485227,-0.0026308769979671944],"(6,3.5,1.0,3)":[1.0,0.008026861725772555,-0.06454000809090411,0.10876631267179475,0.0744987204813393,0.023342429894976913,-0.0026763063071714908],"(6,3.5,1.0,9)":[1.0,0.007817112503725422,-0.06313410255963378,0.1065286897590962,0.07597083175524698,0.022913013033994567,-0.002630063838081458],"(6,3.5,1.0,6)":[1.0,0.007815971052447428,-0.06312653579648081,0.10651688808224617,0.07597860002376285,0.022910710685509057,-0.002629809020357305]}