{"(6,3.5,1.0,10)":[1.0,0.007866085063218077,-0.06340746080581894,0.10698779672471766,0.07565635142077505,0.02301022470141022,-0.002641024652309881],"(6,3.5,1.0,17)":[1.0,0.007783005495993372,-0.06273918352720691,0.10601587738453679,0.0762610302579877,0.022841433425137267,-0.0026230625464901537],"(6,3.5,1.0,26)":[1.0,0.007794313663991797,-0.0629833499016926,0.10633534498541135,0.07608281986392794,0.022881662533546884,-0.0026265134012367825],"(6,3.5,1.0,12)":[1.0,0.007866085063218077,-0.06340746080581894,0.10698779672471766,0.07565635142077505,0.02301022470141022,-0.002641024652309881],"(6,3.5,1.0,9)":[1.0,0.008079534046927525,-0.0649008955217385,0.10937829016123082,0.07407936016976183,0.023469976946934572,-0.0026905081488028497],"(6,3.5,1.0,2)":[1.0,0.008335888752982678,-0.06667358593177629,0.11240556596126478,0.0720916235568067,0.024003302744689533,-0.002739834350400745],"(6,3.5,1.0,20)":[1.0,0.00782126778964015,-0.06316088314944061,0.10658541714612972,0.075932772865168,0.022921335784132826,-0.0026304543425300477],"(6,3.5,1.0,7)":[1.0,0.008079534046927525,-0.0649008955217385,0.10937829016123082,0.07407936016976183,0.023469976946934572,-0.0026905081488028497],"(6,3.5,1.0,4)":[1.0,0.008079534046927525,-0.0649008955217385,0.10937829016123082,0.07407936016976183,0.023469976946934572,-0.0026905081488028497],"(6,3.5,1.0,16)":[1.0,0.007783005495993372,-0.06273918352720691,0.10601587738453679,0.0762610302579877,0.022841433425137267,-0.0026230625464901537],"(6,3.5,1.0,19)":[1.0,0.007827662896182669,-0.06322283224015593,0.10678518676958908,0.07575006108076024,0.022993865269269706,-0.0026402584906119984],"(6,3.5,1.0,3)":[1.0,0.008079534046927525,-0.0649008955217385,0.10937829016123082,0.07407936016976183,0.023469976946934572,-0.0026905081488028497],"(6,3.5,1.0,25)":[1.0,0.007794313663991797,-0.0629833499016926,0.10633534498541135,0.07608281986392794,0.022881662533546884,-0.0026265134012367825],"(6,3.5,1.0,6)":[1.0,0.008079534046927525,-0.0649008955217385,0.10937829016123082,0.07407936016976183,0.023469976946934572,-0.0026905081488028497],"(6,3.5,1.0,1)":[1.0,0.008335888752982678,-0.06667358593177629,0.11240556596126478,0.0720916235568067,0.024003302744689533,-0.002739834350400745],"(6,3.5,1.0,23)":[1.0,0.00783851934752498,-0.0632702662176642,0.10676887807947297,0.07579740572342139,0.022969085138191674,-0.0026366903339432517],"(6,3.5,1.0,8)":[1.0,0.008079534046927525,-0.0649008955217385,0.10937829016123082,0.07407936016976183,0.023469976946934572,-0.0026905081488028497],"(6,3.5,1.0,21)":[1.0,0.00783851934752498,-0.0632702662176642,0.10676887807947297,0.07579740572342139,0.022969085138191674,-0.0026366903339432517],"(6,3.5,1.0,24)":[1.0,0.007794313663991797,-0.0629833499016926,0.10633534498541135,0.07608281986392794,0.022881662533546884,-0.0026265134012367825],"(6,3.5,1.0,18)":[1.0,0.007827662896182669,-0.06322283224015593,0.10678518676958908,0.07575006108076024,0.022993865269269706,-0.0026402584906119984],"(6,3.5,1.0,5)":[1.0,0.008079534046927525,-0.0649008955217385,0.10937829016123082,0.07407936016976183,0.023469976946934572,-0.0026905081488028497],"(6,3.5,1.0,11)":[1.0,0.007866085063218077,-0.06340746080581894,0.10698779672471766,0.07565635142077505,0.02301022470141022,-0.002641024652309881],"(6,3.5,1.0,13)":[1.0,0.007866085063218077,-0.06340746080581894,0.10698779672471766,0.07565635142077505,0.02301022470141022,-0.002641024652309881],"(6,3.5,1.0,15)":[1.0,0.007783005495993372,-0.06273918352720691,0.10601587738453679,0.0762610302579877,0.022841433425137267,-0.0026230625464901537],"(6,3.5,1.0,27)":[1.0,0.007794313663991797,-0.0629833499016926,0.10633534498541135,0.07608281986392794,0.022881662533546884,-0.0026265134012367825],"(6,3.5,1.0,14)":[1.0,0.007783005495993372,-0.06273918352720691,0.10601587738453679,0.0762610302579877,0.022841433425137267,-0.0026230625464901537],"(6,3.5,1.0,22)":[1.0,0.00783851934752498,-0.0632702662176642,0.10676887807947297,0.07579740572342139,0.022969085138191674,-0.0026366903339432517]}