{"(6,3.5,1.0,1)":[1.0,0.008335888752982678,-0.06667358593177629,0.11240556596126478,0.0720916235568067,0.024003302744689533,-0.002739834350400745],"(6,3.5,1.0,2)":[1.0,0.008335888752982678,-0.06667358593177629,0.11240556596126478,0.0720916235568067,0.024003302744689533,-0.002739834350400745],"(6,3.5,1.0,4)":[1.0,0.008335888752982678,-0.06667358593177629,0.11240556596126478,0.0720916235568067,0.024003302744689533,-0.002739834350400745],"(6,3.5,1.0,5)":[1.0,0.008335888752982678,-0.06667358593177629,0.11240556596126478,0.0720916235568067,0.024003302744689533,-0.002739834350400745],"(6,3.5,1.0,3)":[1.0,0.008335888752982678,-0.06667358593177629,0.11240556596126478,0.0720916235568067,0.024003302744689533,-0.002739834350400745],"(6,3.5,1.0,6)":[1.0,0.008335888752982678,-0.06667358593177629,0.11240556596126478,0.0720916235568067,0.024003302744689533,-0.002739834350400745]}