{"4":0.05820744849780355,"2":0.058307964054152804,"3":0.05820794129018754,"5":0.05820677542654653,"6":0.05820677542654653,"1":0.05841549043708848}