{"2":0.018651002494886812,"11":0.012807010397760736,"7":0.012807829193567054,"9":0.01280706074904144,"10":0.012807017154105413,"8":0.012807828085348888,"6":0.012810118755277577,"4":0.013052071050590034,"3":0.013471927331663322,"5":0.013014342876319638,"13":0.01280701021976943,"14":0.01280701021976943,"12":0.012807010239408792,"1":0.05841549043708848}