{"4":0.058070196336237424,"2":0.0580708512535681,"3":0.058070438459899794,"5":0.058068450711170776,"6":0.058068450711170776,"1":0.05841549043708848}