{"18":0.008911600068152527,"2":0.018548877932141192,"16":0.009505033323993413,"11":0.011316188803776248,"21":0.008824707753407221,"7":0.011921539722274135,"9":0.011909366881418108,"25":0.008824161021982533,"10":0.011482650070816247,"26":0.008824157929125272,"19":0.008883994491583076,"17":0.008975212665063109,"8":0.011910069096209636,"22":0.008824191633892088,"6":0.011990252643194884,"24":0.008824174375898271,"4":0.018071941575581885,"3":0.018132927433459723,"5":0.01806378323277172,"20":0.008829206994284765,"23":0.008824177740664421,"13":0.010820908417905954,"14":0.009876303951460686,"27":0.00882415773884206,"15":0.00951969270456945,"12":0.010984438244279495,"1":0.05841549043708848}