{"7":0.008537275949213219,"4":0.011869365281166383,"9":0.008524020555161705,"10":0.008524019046130437,"2":0.01825325596707056,"3":0.016151627969749643,"5":0.008629875834512466,"8":0.008524397939823843,"6":0.008605632566020555,"1":0.05841549043708848}