{"4":0.05852275322954011,"2":0.058523034729951615,"3":0.0585228950735881,"5":0.058522482103870135,"6":0.058522482103870135,"1":0.05841549043708848}