{"7":0.05852302319037117,"4":0.058523023228937716,"2":0.058523034729951615,"3":0.058523024329769496,"5":0.058523023194536894,"6":0.05852302319037117,"1":0.05841549043708848}