{"7":0.058070829240622644,"4":0.05807082928000699,"2":0.0580708512535681,"3":0.05807083040417909,"5":0.05807082924487671,"6":0.058070829240622644,"1":0.05841549043708848}