{"18":0.008908690057358285,"2":0.018544631343922525,"16":0.009501987882926914,"11":0.01131294198565314,"21":0.008821806732329445,"7":0.011918216996385232,"9":0.011906046183125987,"25":0.008821259990959068,"10":0.011479360388339237,"26":0.008821256898773245,"19":0.008881084659703548,"17":0.008972297228581453,"8":0.011906748275266629,"22":0.008821290595134227,"6":0.011986932926480356,"24":0.008821273341500804,"4":0.018067787962258944,"3":0.01812876092822812,"5":0.018059630301482985,"20":0.008826304650511103,"23":0.008821276705416811,"13":0.010817717567042749,"14":0.009873211648140721,"27":0.008821256708531336,"15":0.009516642731982113,"12":0.010981235120153544,"1":0.05841549043708848}