{"7":0.008537275669184406,"4":0.011869364913352913,"9":0.008524020275280103,"10":0.008524018766248833,"2":0.0182532555379104,"3":0.016151627566586543,"5":0.008629875555391756,"8":0.008524397659934787,"6":0.008605632286813504,"1":0.05841549043708848}