{"2":0.018653132090116823,"11":0.01280937933306018,"7":0.012810198163269969,"9":0.012809429684153271,"10":0.012809386090494413,"8":0.012810197055288495,"6":0.012812487476070843,"4":0.013054452990669702,"3":0.013474344907227124,"5":0.01301672578440328,"13":0.012809379155040171,"14":0.012809379155040171,"12":0.012809379174682703,"1":0.05841549043708848}