{"7":0.6337127233833021,"4":0.633712815783389,"2":0.676059158417572,"3":0.6337154532291123,"5":0.6337127333637828,"6":0.6337127233833021,"1":1.0}