{"4":0.5986606636093864,"2":0.6728787881509241,"3":0.6090315948886491,"5":0.5874166326291205,"6":0.5874166326291205,"1":1.0}