{"18":0.02329438476952963,"2":0.100835818230104,"16":0.026484623238720674,"11":0.037543728672347426,"21":0.022835946414655757,"7":0.04166316878316571,"9":0.04156789251509362,"25":0.022823235558201656,"10":0.038657357329492666,"26":0.022823219564811353,"19":0.02313715874155984,"17":0.023616623792694805,"8":0.04157399000936989,"22":0.02282539133250153,"6":0.04214033972955885,"24":0.022825302088444372,"4":0.09571635936214926,"3":0.09637098454278516,"5":0.09563330315363866,"20":0.022857879224965013,"23":0.0228253194882157,"13":0.03432515065895821,"14":0.02859963906926026,"27":0.022823218580843182,"15":0.026567774683559538,"12":0.03536789978254118,"1":1.0}