{"2":0.10198940388994797,"11":0.048090418804158104,"7":0.048115528249694915,"9":0.0481001514658794,"10":0.0480904695289532,"8":0.04810541064911672,"6":0.04812437300940075,"4":0.04996616373411694,"3":0.05322375595915695,"5":0.04966484201116405,"13":0.04809041746784825,"14":0.04809041746784825,"12":0.04809041761529523,"1":1.0}