{"7":0.021359083464622876,"4":0.04128563188046143,"9":0.021292808151287503,"10":0.0212928006122375,"2":0.09763929638892557,"3":0.07644983626359401,"5":0.02182494023570749,"8":0.021294693586344726,"6":0.02170249030711318,"1":1.0}