{"18":0.010711755181965715,"2":0.013869177300577611,"16":0.010904513289217377,"11":0.011485529474475908,"21":0.01067508181671204,"7":0.011710139334772971,"9":0.011690444628785006,"25":0.010685666461913901,"10":0.011546616007384115,"26":0.010684161814690762,"19":0.010696423174450796,"17":0.010727245798409456,"8":0.011687853894337009,"22":0.010683138235841126,"6":0.011721271066007384,"24":0.01067787324374101,"4":0.01370959309158413,"3":0.01372652082040211,"5":0.013708789175124275,"20":0.010679714215107732,"23":0.010677495207975927,"13":0.011339184365741979,"14":0.0110212543236487,"27":0.010680161978004423,"15":0.010905144190010978,"12":0.011390928507717899,"1":0.02747033867705839}