{"7":0.0006051468383770957,"4":0.0006051452370659339,"2":0.0006051397881388676,"3":0.0006051466308546316,"5":0.0006051464409255012,"6":0.0006051468383770957,"1":0.02747033888610819}