{"7":0.01074039827858304,"4":0.011858094718788683,"9":0.01073594283100805,"10":0.01073598164451734,"2":0.014000123737602711,"3":0.013294644104168245,"5":0.010771421249032213,"8":0.01073612491091557,"6":0.010763374507933472,"1":0.02747033867705839}