{"4":0.0006052786805149046,"2":0.000605140465341241,"3":0.0006052175332649045,"5":0.0006056188296129998,"6":0.0006056188296129998,"1":0.02747033867705839}