{"4":5.8627467877299795,"2":5.8629704158203095,"3":5.862699939913803,"5":5.862786071415122,"6":5.862786071415122,"1":5.889919721914746}