{"2":5.876300278525181,"11":5.874346922922171,"7":5.87434809140487,"9":5.874347052629147,"10":5.874346952565351,"8":5.874347066978197,"6":5.874348087937496,"4":5.874427374764001,"3":5.874564712363394,"5":5.874415254515334,"13":5.874346852732986,"14":5.874346852732986,"12":5.8743469687374805,"1":5.88991972156133}