{"7":0.11444394022101666,"4":0.11511795216736355,"2":0.11562722513690583,"3":0.1152799423946197,"5":0.11464802532154562,"8":0.11444394022101666,"6":0.11452749998241075,"1":0.11855677759010376}