{"(3,6)":1113.706516,"(4,4)":0.0,"(3,1)":1750.801583,"(4,5)":1724.776522,"(2,4)":2720.980405,"(6,5)":69.747086,"(8,4)":1833.068397,"(1,2)":0.0,"(5,1)":0.173231,"(3,4)":1.0e-6,"(8,2)":0.0,"(2,3)":1035.104782,"(2,6)":386.148778,"(5,4)":1.020218,"(2,1)":0.000524,"(2,5)":1.0e-6,"(8,5)":0.0,"(1,4)":0.0,"(2,8)":2.0e-6,"(5,8)":756.47647,"(4,8)":2599.762385,"(7,8)":1221.7985,"(1,1)":0.0,"(7,7)":0.0,"(5,7)":1885.803803,"(7,2)":0.0,"(2,2)":0.0,"(6,3)":8.0e-6,"(1,7)":2.0e-6,"(4,7)":1118.635471,"(6,1)":3214.310988,"(6,8)":862.222361,"(8,8)":0.0,"(7,1)":0.0,"(1,3)":4402.209708,"(7,5)":0.0,"(3,2)":1877.744422,"(7,6)":1065.687972,"(3,7)":10229.949554,"(6,6)":0.0,"(5,5)":0.0,"(2,7)":2.0e-6,"(4,1)":1697.052256,"(8,3)":0.0,"(4,2)":1222.15718,"(1,6)":551.678222,"(4,3)":1391.580844,"(5,6)":5493.811842,"(8,6)":290.256412,"(4,6)":1479.269233,"(8,1)":0.0,"(3,3)":0.0,"(6,2)":2350.483741,"(7,4)":0.0,"(8,7)":1780.50002,"(6,4)":2127.497204,"(5,2)":0.17266,"(1,8)":0.0,"(6,7)":4585.081809,"(7,3)":6738.58289,"(5,3)":5959.819337,"(3,8)":2.0e-6,"(1,5)":1.0e-6,"(3,5)":1.0e-6}