{"(3,6)":12580.962934857382,"(2,3)":8000.000006211795,"(5,6)":5999.999999657815,"(5,4)":15000.000045688375,"(2,1)":12098.207517230503,"(6,3)":12372.81605908074,"(3,1)":12901.792481501747,"(1,3)":12550.538550238449,"(4,5)":15398.718801194647,"(4,8)":17449.461488020588,"(7,5)":20130.257621172972,"(8,7)":26503.073680127836,"(3,2)":8000.000000309591,"(7,6)":14372.81605870905,"(2,4)":17449.461441646225,"(7,8)":26550.538510273043,"(6,5)":5999.999999680477,"(6,7)":14580.962934463025,"(8,4)":17496.92631816578,"(1,2)":12449.461448493807,"(5,3)":15528.976422823958,"(4,2)":17098.207516285114,"(3,5)":14969.575621686221,"(5,7)":19969.575575564166}