{"32-309": 0.49717144273623382, "78-706": 0.18190755378933751, "78-705": 0.81525309562960746, "99-905": 0.58449884956918829, "123-1130": 0.91159682745926995, "85-773": 0.37691768815877214, "18-175": 0.99923505953395308, "102-936": 0.27301530623395759, "112-1034": 0.14221202316468975, "87-790": 0.79995355306615723, "87-797": 0.10826194068034309, "4-32": 0.92157722083067517, "132-1225": 0.98181285430808352, "106-969": 0.36580611531883994, "67-615": 0.81525309562960757, "67-616": 0.18190755378933754, "63-581": 0.81465861216408364, "63-584": 0.18177490659846957, "120-1101": 0.99583848442129907, "128-1187": 0.10739050644663239, "128-1182": 0.79351447662674046, "14-133": 0.81602925987634267, "14-130": 0.18208073944201303, "100-917": 0.26065937012879847, "76-686": 0.79996424105630837, "66-608": 0.10974588601221079, "64-591": 0.76493825324784503, "64-592": 0.17068079495085184, "110-1014": 0.94984865624687187, "66-607": 0.81091850837107404, "127-1170": 0.81091850837107404, "129-1199": 0.10739050291874644, "52-482": 0.99181804330318324, "28-267": 0.91174753628271965, "102-939": 0.27301530623395759, "25-239": 0.99729709940231381, "26-250": 0.99562615383985353, "93-848": 0.99181804330318324, "114-1045": 0.97136971141367801, "11-108": 0.99726692159370323, "76-693": 0.1082633871425174, "88-800": 0.79351445055899317, "100-914": 0.26065937012879847, "107-979": 0.36580610859869761, "9-86": 0.26065937012879847, "9-87": 0.26065937012879847, "9-85": 0.42975464793864765, "17-166": 0.99923529946684952, "43-403": 0.97136971141367801, "19-185": 0.79395861121122413, "39-370": 0.987005801978178, "118-1083": 0.79995355306615723, "19-188": 0.17715611207078538, "124-1141": 0.99749931221257671, "88-801": 0.10739050291874644, "30-289": 0.93561520324329628, "51-476": 0.98876829810181088, "1-1": 0.9984920971098683, "90-822": 0.79395861121122413, "90-823": 0.17715611207078538, "6-50": 0.18190755378933754, "68-626": 0.99923529946684952, "106-970": 0.60311232327835551, "108-988": 0.99943476622088767, "83-759": 0.99979568262410989, "81-741": 0.98700580123949966, "45-421": 0.92157722083067506, "31-302": 0.27301530623395759, "31-300": 0.45012614261463518, "31-301": 0.27301530623395759, "62-569": 0.99979568262410989, "5-39": 0.18227643388817619, "5-38": 0.81690630153683796, "34-321": 0.98654849540382594, "113-1044": 0.49717144273623382, "8-73": 0.85637505702679095, "65-598": 0.89025724820376617, "101-922": 0.16240981077488992, "101-921": 0.72787027386549741, "130-1206": 0.3545164728304751, "69-636": 0.91174753628271965, "130-1213": 0.58449884956918841, "40-379": 0.98700580123949966, "95-866": 0.62143232790325142, "6-49": 0.81525309562960757, "61-568": 0.99979568272668684, "58-537": 0.92032840908323121, "38-360": 0.99674654659000061, "117-1073": 0.79996424105630848, "37-348": 0.99976436754747788, "74-672": 0.37691775980991671, "22-210": 0.91159682745926995, "50-470": 0.98876838149553148, "107-977": 0.60311231219871375, "86-781": 0.36580610859869761, "86-782": 0.60311231219871375, "100-908": 0.42975464793864765, "27-257": 0.92032840908323121, "13-121": 0.92382760599721414, "21-204": 0.6373500698878537, "115-1053": 0.90843739236682608, "21-200": 0.14221202316468975, "104-949": 0.91938757499241297, "21-203": 0.14221202316468975, "35-334": 0.81602925987634267, "82-749": 0.98876829810181088, "35-331": 0.18208073944201303, "103-940": 0.61661311659061424, "103-946": 0.3739947603931682, "56-518": 0.81690630153683796, "56-519": 0.18227643388817619, "48-449": 0.99976436754747788, "131-1220": 0.94984865624687187, "16-149": 0.99944474427077057, "46-434": 0.96918545608669449, "129-1193": 0.79351445055899317, "36-340": 0.99729709940231381, "77-696": 0.79351447662674035, "77-697": 0.10739050644663238, "73-667": 1.0, "59-548": 0.9967465465900005, "41-388": 0.96630390453691462, "96-871": 0.6214322097704853, "80-729": 0.91174747954260393, "118-1085": 0.10826194068034309, "98-896": 0.9225640563666947, "102-930": 0.45012614261463518, "74-668": 0.62143232790325154, "89-810": 0.85637505702679095, "125-1149": 0.87946977372022128, "57-527": 0.99944474427077057, "91-830": 0.9356152032432965, "3-25": 0.98654849540382572, "42-399": 0.61661311659061424, "116-1063": 0.89025724820376617, "54-499": 0.90843739236682608, "20-197": 0.16240981077488989, "20-196": 0.72787027386549719, "49-458": 0.99828918046353798, "53-496": 0.91938757499241297, "55-508": 0.87092582210456282, "125-1154": 0.11902329092446584, "55-509": 0.11786699281260077, "12-112": 0.9984920971098683, "97-879": 0.99943476622088767, "84-767": 1.0, "47-440": 0.99562615383985353, "111-1017": 0.49416899871088449, "122-1118": 0.99726692159370345, "79-716": 0.99923505953395297, "10-99": 0.49416899871088449, "111-1024": 0.49416899871088449, "109-997": 0.99583848442129907, "10-96": 0.49416899871088449, "70-647": 0.98700580197817778, "42-400": 0.3739947603931682, "105-958": 0.76493825324784503, "85-768": 0.62143220977048541, "33-313": 0.99749931221257671, "7-58": 0.81525309562960746, "23-221": 0.99979566111201124, "112-1028": 0.6373500698878537, "127-1175": 0.10974588601221079, "105-961": 0.17068079495085187, "44-411": 0.87946977372022128, "32-312": 0.49717144273623382, "126-1161": 0.87092582210456282, "44-418": 0.11902329092446584, "112-1027": 0.14221202316468975, "95-865": 0.37691775980991665, "117-1076": 0.10826338714251743, "15-145": 0.96918545608669449, "94-856": 0.81465861216408375, "94-859": 0.18177490659846959, "71-654": 0.98876838149553148, "72-660": 0.99979568272668662, "75-681": 0.60311232327835562, "75-680": 0.36580611531884, "24-230": 0.92382760599721414, "113-1037": 0.49717144273623382, "96-874": 0.37691768815877202, "29-278": 0.91174747954260393, "126-1164": 0.11786699281260077, "2-10": 0.99979566111201124, "121-1110": 0.98181285430808352, "99-897": 0.35451647283047505, "92-839": 0.96630390453691484, "60-554": 0.99828918046353798, "119-1096": 0.92256405636669447, "7-61": 0.18190755378933751}