{"(6,3.5,1.0,10)":[1.0,0.008870453408544103,-0.05307448690005481,0.0809654386968091,0.10325972202170924,0.009377732470390714,-6.320141829814433e-5],"(6,3.5,1.0,12)":[1.0,0.008888147149629181,-0.05310265521570376,0.08097772157381272,0.10325953252696157,0.009377714853200674,-6.340678842563513e-5],"(6,3.5,1.0,9)":[1.0,0.008870721052678106,-0.053080620622681624,0.08096374125512606,0.10326970341084789,0.00937172335943902,-6.217768435440279e-5],"(6,3.5,1.0,2)":[1.0,0.011166679601803916,-0.06029230252234434,0.08299417950321084,0.10586328209685521,0.007732009336989406,0.00016366108616479053],"(6,3.5,1.0,7)":[1.0,0.00886609676044549,-0.05306400940375457,0.08093105452010045,0.10329564270191303,0.009362794669683856,-6.111288224801406e-5],"(6,3.5,1.0,4)":[1.0,0.008851462558608787,-0.052994716221517565,0.08084243173597497,0.10334230069047945,0.0093527504085516,-6.04795903371314e-5],"(6,3.5,1.0,3)":[1.0,0.008768123638753803,-0.052631184481729536,0.08023412139258997,0.10380199610510188,0.009193207715056873,-3.99484458478193e-5],"(6,3.5,1.0,6)":[1.0,0.008866027581934083,-0.05304669683472209,0.08092649376638263,0.10328428724099022,0.009369986588320011,-6.219438460348996e-5],"(6,3.5,1.0,1)":[1.0,0.05166681450132049,-0.16456800391739818,0.11185117956340301,0.1377892343634467,-0.01023454701362658,0.0020731795978260314],"(6,3.5,1.0,8)":[1.0,0.00886929713981966,-0.053078230977079054,0.0809502482497954,0.10328588601420287,0.009364482368237684,-6.110629896428317e-5],"(6,3.5,1.0,5)":[1.0,0.008863660746195894,-0.05305329706571916,0.08091037040811243,0.10331459082048756,0.00935496209024865,-5.9930150713157155e-5],"(6,3.5,1.0,11)":[1.0,0.008888147149629181,-0.05310265521570376,0.08097772157381272,0.10325953252696157,0.009377714853200674,-6.340678842563513e-5]}