{"(6,3.5,1.0,1)":[1.0,0.028243916237976133,-0.11760544324479552,0.11600996797762021,0.10711367955483152,0.0029696467398569364,0.0007882121858106027],"(6,3.5,1.0,2)":[1.0,0.028243916237976133,-0.11760544324479552,0.11600996797762021,0.10711367955483152,0.0029696467398569364,0.0007882121858106027],"(6,3.5,1.0,3)":[1.0,0.028243916237976133,-0.11760544324479552,0.11600996797762021,0.10711367955483152,0.0029696467398569364,0.0007882121858106027]}