{"(6,3.41,1.0,6)":[1.0,0.00880448611921326,-0.04869293851648602,0.062510765052766,0.11446892949555232,0.009400152078782897,-0.0009923963348028402],"(6,3.41,1.0,11)":[1.0,0.008030904091151286,-0.04627534287671945,0.061829386506663656,0.11401483867518707,0.00952109544291326,-0.000961159648127192],"(6,3.41,1.0,13)":[1.0,0.007964365941630053,-0.046065515868738506,0.061760978381266644,0.11398497672190107,0.009528437325014313,-0.0009581729627285618],"(6,3.41,1.0,3)":[1.0,-0.019160487540003265,0.028374094906566324,0.08609813497737022,0.05922682366945449,0.017320014068415254,0.0019157300138465598],"(6,3.41,1.0,10)":[1.0,0.008089981519347103,-0.04645849947665191,0.06188707435838376,0.1140438185072009,0.00951315588174482,-0.000963474043752705],"(6,3.41,1.0,8)":[1.0,0.008101673576422172,-0.04650054012458707,0.06191052032878222,0.11403996522624121,0.009514896551553064,-0.0009643557512502124],"(6,3.41,1.0,9)":[1.0,0.008089782810086142,-0.046460721841683324,0.061891313888629784,0.11404045556729477,0.009514383323117973,-0.0009636503813626909],"(6,3.41,1.0,5)":[1.0,0.015540792344764987,-0.0699449314061715,0.06939470436234325,0.11758209204973484,0.008602273532900356,-0.0012837322599165352],"(6,3.41,1.0,12)":[1.0,0.007964365941630053,-0.046065515868738506,0.061760978381266644,0.11398497672190107,0.009528437325014313,-0.0009581729627285618],"(6,3.41,1.0,2)":[1.0,-0.0206552514846566,0.033102151762629345,0.08465881211526444,0.05799888916402304,0.017303210702682835,0.001969995510865099],"(6,3.41,1.0,7)":[1.0,0.008039206554166633,-0.04630298326269463,0.061844372916118745,0.11401289560249435,0.009521905921961164,-0.0009616583997329666],"(6,3.41,1.0,4)":[1.0,0.04121979328309558,-0.0962037064451659,0.09409383071716536,0.10465249436287595,0.011668484828545565,-0.001263812566518914],"(6,3.41,1.0,1)":[1.0,0.04689336494463273,-0.14911218768162735,0.09471284219269133,0.14014277699906877,-0.005490539225299327,0.0004993866077917554]}