{"(6,3.5,1.0,17)":[1.0,0.011700460240537086,-0.0637212189254611,0.09134605143847178,0.10100232915672577,0.008362258389192212,0.00028271041881529964],"(6,3.5,1.0,26)":[1.0,0.011700460240537086,-0.0637212189254611,0.09134605143847178,0.10100232915672577,0.008362258389192212,0.00028271041881529964],"(6,3.5,1.0,41)":[1.0,0.012734361211540554,-0.06770496759924217,0.09557979629115948,0.09987074943178796,0.008006724372670927,0.000427623770037912],"(6,3.5,1.0,2)":[1.0,0.028243916237976133,-0.11760544324479552,0.11600996797762021,0.10711367955483152,0.0029696467398569364,0.0007882121858106027],"(6,3.5,1.0,20)":[1.0,0.011700460240537086,-0.0637212189254611,0.09134605143847178,0.10100232915672577,0.008362258389192212,0.00028271041881529964],"(6,3.5,1.0,30)":[1.0,0.011700460240537086,-0.0637212189254611,0.09134605143847178,0.10100232915672577,0.008362258389192212,0.00028271041881529964],"(6,3.5,1.0,25)":[1.0,0.011700460240537086,-0.0637212189254611,0.09134605143847178,0.10100232915672577,0.008362258389192212,0.00028271041881529964],"(6,3.5,1.0,39)":[1.0,0.012734361211540554,-0.06770496759924217,0.09557979629115948,0.09987074943178796,0.008006724372670927,0.000427623770037912],"(6,3.5,1.0,24)":[1.0,0.011700460240537086,-0.0637212189254611,0.09134605143847178,0.10100232915672577,0.008362258389192212,0.00028271041881529964],"(6,3.5,1.0,18)":[1.0,0.011700460240537086,-0.0637212189254611,0.09134605143847178,0.10100232915672577,0.008362258389192212,0.00028271041881529964],"(6,3.5,1.0,28)":[1.0,0.011700460240537086,-0.0637212189254611,0.09134605143847178,0.10100232915672577,0.008362258389192212,0.00028271041881529964],"(6,3.5,1.0,11)":[1.0,0.028243916237976133,-0.11760544324479552,0.11600996797762021,0.10711367955483152,0.0029696467398569364,0.0007882121858106027],"(6,3.5,1.0,43)":[1.0,0.012734361211540554,-0.06770496759924217,0.09557979629115948,0.09987074943178796,0.008006724372670927,0.000427623770037912],"(6,3.5,1.0,29)":[1.0,0.011700460240537086,-0.0637212189254611,0.09134605143847178,0.10100232915672577,0.008362258389192212,0.00028271041881529964],"(6,3.5,1.0,40)":[1.0,0.012734361211540554,-0.06770496759924217,0.09557979629115948,0.09987074943178796,0.008006724372670927,0.000427623770037912],"(6,3.5,1.0,33)":[1.0,0.012661459773724149,-0.06739784742164028,0.09513784847925733,0.1001623429313093,0.007916572047551619,0.00043823803759240974],"(6,3.5,1.0,9)":[1.0,0.028243916237976133,-0.11760544324479552,0.11600996797762021,0.10711367955483152,0.0029696467398569364,0.0007882121858106027],"(6,3.5,1.0,5)":[1.0,0.028243916237976133,-0.11760544324479552,0.11600996797762021,0.10711367955483152,0.0029696467398569364,0.0007882121858106027],"(6,3.5,1.0,13)":[1.0,0.028243916237976133,-0.11760544324479552,0.11600996797762021,0.10711367955483152,0.0029696467398569364,0.0007882121858106027],"(6,3.5,1.0,15)":[1.0,0.011700460240537086,-0.0637212189254611,0.09134605143847178,0.10100232915672577,0.008362258389192212,0.00028271041881529964],"(6,3.5,1.0,36)":[1.0,0.012734361211540554,-0.06770496759924217,0.09557979629115948,0.09987074943178796,0.008006724372670927,0.000427623770037912],"(6,3.5,1.0,42)":[1.0,0.012734361211540554,-0.06770496759924217,0.09557979629115948,0.09987074943178796,0.008006724372670927,0.000427623770037912],"(6,3.5,1.0,27)":[1.0,0.011700460240537086,-0.0637212189254611,0.09134605143847178,0.10100232915672577,0.008362258389192212,0.00028271041881529964],"(6,3.5,1.0,14)":[1.0,0.011468329834527618,-0.0627734832943479,0.09011489275523571,0.10163088808381997,0.0082526265867819,0.0002825360381937503],"(6,3.5,1.0,10)":[1.0,0.028243916237976133,-0.11760544324479552,0.11600996797762021,0.10711367955483152,0.0029696467398569364,0.0007882121858106027],"(6,3.5,1.0,12)":[1.0,0.028243916237976133,-0.11760544324479552,0.11600996797762021,0.10711367955483152,0.0029696467398569364,0.0007882121858106027],"(6,3.5,1.0,19)":[1.0,0.011700460240537086,-0.0637212189254611,0.09134605143847178,0.10100232915672577,0.008362258389192212,0.00028271041881529964],"(6,3.5,1.0,4)":[1.0,0.028243916237976133,-0.11760544324479552,0.11600996797762021,0.10711367955483152,0.0029696467398569364,0.0007882121858106027],"(6,3.5,1.0,16)":[1.0,0.011700460240537086,-0.0637212189254611,0.09134605143847178,0.10100232915672577,0.008362258389192212,0.00028271041881529964],"(6,3.5,1.0,6)":[1.0,0.028243916237976133,-0.11760544324479552,0.11600996797762021,0.10711367955483152,0.0029696467398569364,0.0007882121858106027],"(6,3.5,1.0,23)":[1.0,0.011700460240537086,-0.0637212189254611,0.09134605143847178,0.10100232915672577,0.008362258389192212,0.00028271041881529964],"(6,3.5,1.0,38)":[1.0,0.012734361211540554,-0.06770496759924217,0.09557979629115948,0.09987074943178796,0.008006724372670927,0.000427623770037912],"(6,3.5,1.0,32)":[1.0,0.012661459773724149,-0.06739784742164028,0.09513784847925733,0.1001623429313093,0.007916572047551619,0.00043823803759240974],"(6,3.5,1.0,37)":[1.0,0.012734361211540554,-0.06770496759924217,0.09557979629115948,0.09987074943178796,0.008006724372670927,0.000427623770037912],"(6,3.5,1.0,22)":[1.0,0.011700460240537086,-0.0637212189254611,0.09134605143847178,0.10100232915672577,0.008362258389192212,0.00028271041881529964],"(6,3.5,1.0,31)":[1.0,0.011700460240537086,-0.0637212189254611,0.09134605143847178,0.10100232915672577,0.008362258389192212,0.00028271041881529964],"(6,3.5,1.0,7)":[1.0,0.028243916237976133,-0.11760544324479552,0.11600996797762021,0.10711367955483152,0.0029696467398569364,0.0007882121858106027],"(6,3.5,1.0,34)":[1.0,0.012661459773724149,-0.06739784742164028,0.09513784847925733,0.1001623429313093,0.007916572047551619,0.00043823803759240974],"(6,3.5,1.0,3)":[1.0,0.028243916237976133,-0.11760544324479552,0.11600996797762021,0.10711367955483152,0.0029696467398569364,0.0007882121858106027],"(6,3.5,1.0,1)":[1.0,0.028243916237976133,-0.11760544324479552,0.11600996797762021,0.10711367955483152,0.0029696467398569364,0.0007882121858106027],"(6,3.5,1.0,8)":[1.0,0.028243916237976133,-0.11760544324479552,0.11600996797762021,0.10711367955483152,0.0029696467398569364,0.0007882121858106027],"(6,3.5,1.0,21)":[1.0,0.011700460240537086,-0.0637212189254611,0.09134605143847178,0.10100232915672577,0.008362258389192212,0.00028271041881529964],"(6,3.5,1.0,35)":[1.0,0.012661459773724149,-0.06739784742164028,0.09513784847925733,0.1001623429313093,0.007916572047551619,0.00043823803759240974]}