{"(6,3.5,1.0,10)":[1.0,0.008881440131918859,-0.053127379063775675,0.08103043570480503,0.10322580860914211,0.009385379674196581,-6.381344388406679e-5],"(6,3.5,1.0,12)":[1.0,0.008881900779015472,-0.05313206059652005,0.0810359698256871,0.10322415571038586,0.009384995608278667,-6.364333147287172e-5],"(6,3.5,1.0,9)":[1.0,0.008880701428338581,-0.053127886219099606,0.08103074936680243,0.1032276913294112,0.00938368865492723,-6.344214835185645e-5],"(6,3.5,1.0,2)":[1.0,0.020867053864937944,-0.0940415772370985,0.10694422191525753,0.1037331114185748,0.004970393688379844,0.000735564401756973],"(6,3.5,1.0,7)":[1.0,0.008873996967963838,-0.053099314035429335,0.08099680744904601,0.10324306238996837,0.009381626303810625,-6.355856595889435e-5],"(6,3.5,1.0,4)":[1.0,0.00882113334073782,-0.05286598172312258,0.08063558170061273,0.10349112302204015,0.009303836697012006,-5.456156741619352e-5],"(6,3.5,1.0,3)":[1.0,0.008702859097421033,-0.052371210327396674,0.07993044456084838,0.10393335865961982,0.00917853328513513,-4.166592697516148e-5],"(6,3.5,1.0,6)":[1.0,0.008864254778840487,-0.05306532578248204,0.08096369722905984,0.10325065215336832,0.00938442231222892,-6.455568139233941e-5],"(6,3.5,1.0,1)":[1.0,0.05166681450132049,-0.16456800391739818,0.11185117956340301,0.1377892343634467,-0.01023454701362658,0.0020731795978260314],"(6,3.5,1.0,8)":[1.0,0.008879871456871316,-0.053121069093959826,0.08102143855897363,0.10323167617244378,0.009383575462717666,-6.360208414326907e-5],"(6,3.5,1.0,5)":[1.0,0.008844861175028576,-0.052978620098886924,0.08082622777866143,0.10334848725469724,0.009352319793838448,-6.0629480972241085e-5],"(6,3.5,1.0,11)":[1.0,0.00888022625273685,-0.05312648670635421,0.0810316679887739,0.10322475474175886,0.009385430748698952,-6.375293279958918e-5],"(6,3.5,1.0,13)":[1.0,0.008869280235757403,-0.053086030171808234,0.08099342737192484,0.10323160683375766,0.009390052988790205,-6.517568400596118e-5]}