{"(6,3.5,1.0,10)":[1.0,0.028243916237976133,-0.11760544324479552,0.11600996797762021,0.10711367955483152,0.0029696467398569364,0.0007882121858106027],"(6,3.5,1.0,17)":[1.0,0.012108754223513653,-0.06530029959209012,0.09304697841438525,0.10052402501401089,0.008234885318179532,0.0003381218516221848],"(6,3.5,1.0,12)":[1.0,0.028243916237976133,-0.11760544324479552,0.11600996797762021,0.10711367955483152,0.0029696467398569364,0.0007882121858106027],"(6,3.5,1.0,9)":[1.0,0.028243916237976133,-0.11760544324479552,0.11600996797762021,0.10711367955483152,0.0029696467398569364,0.0007882121858106027],"(6,3.5,1.0,2)":[1.0,0.028243916237976133,-0.11760544324479552,0.11600996797762021,0.10711367955483152,0.0029696467398569364,0.0007882121858106027],"(6,3.5,1.0,20)":[1.0,0.015625156252623514,-0.07728899524744874,0.10064142210317768,0.10041637510936824,0.007247492742203722,0.0004915419609594412],"(6,3.5,1.0,7)":[1.0,0.028243916237976133,-0.11760544324479552,0.11600996797762021,0.10711367955483152,0.0029696467398569364,0.0007882121858106027],"(6,3.5,1.0,4)":[1.0,0.028243916237976133,-0.11760544324479552,0.11600996797762021,0.10711367955483152,0.0029696467398569364,0.0007882121858106027],"(6,3.5,1.0,16)":[1.0,0.012108754223513653,-0.06530029959209012,0.09304697841438525,0.10052402501401089,0.008234885318179532,0.0003381218516221848],"(6,3.5,1.0,19)":[1.0,0.012812809245049668,-0.06806671558632342,0.0962098271287398,0.09938896539733902,0.008173633096569002,0.00040641542487281616],"(6,3.5,1.0,3)":[1.0,0.028243916237976133,-0.11760544324479552,0.11600996797762021,0.10711367955483152,0.0029696467398569364,0.0007882121858106027],"(6,3.5,1.0,25)":[1.0,0.012791573748109073,-0.06797272057271234,0.09605863832778526,0.09949853465168841,0.008137024216236416,0.00041097365654461167],"(6,3.5,1.0,6)":[1.0,0.028243916237976133,-0.11760544324479552,0.11600996797762021,0.10711367955483152,0.0029696467398569364,0.0007882121858106027],"(6,3.5,1.0,1)":[1.0,0.028243916237976133,-0.11760544324479552,0.11600996797762021,0.10711367955483152,0.0029696467398569364,0.0007882121858106027],"(6,3.5,1.0,23)":[1.0,0.012791573748109073,-0.06797272057271234,0.09605863832778526,0.09949853465168841,0.008137024216236416,0.00041097365654461167],"(6,3.5,1.0,8)":[1.0,0.028243916237976133,-0.11760544324479552,0.11600996797762021,0.10711367955483152,0.0029696467398569364,0.0007882121858106027],"(6,3.5,1.0,21)":[1.0,0.01279181919247861,-0.06797380866289421,0.09606039658912452,0.09949724722776604,0.008137460539578695,0.00041091835099197927],"(6,3.5,1.0,24)":[1.0,0.012791573748109073,-0.06797272057271234,0.09605863832778526,0.09949853465168841,0.008137024216236416,0.00041097365654461167],"(6,3.5,1.0,18)":[1.0,0.012812809245049668,-0.06806671558632342,0.0962098271287398,0.09938896539733902,0.008173633096569002,0.00040641542487281616],"(6,3.5,1.0,5)":[1.0,0.028243916237976133,-0.11760544324479552,0.11600996797762021,0.10711367955483152,0.0029696467398569364,0.0007882121858106027],"(6,3.5,1.0,11)":[1.0,0.028243916237976133,-0.11760544324479552,0.11600996797762021,0.10711367955483152,0.0029696467398569364,0.0007882121858106027],"(6,3.5,1.0,13)":[1.0,0.028243916237976133,-0.11760544324479552,0.11600996797762021,0.10711367955483152,0.0029696467398569364,0.0007882121858106027],"(6,3.5,1.0,15)":[1.0,0.012108754223513653,-0.06530029959209012,0.09304697841438525,0.10052402501401089,0.008234885318179532,0.0003381218516221848],"(6,3.5,1.0,14)":[1.0,0.028243916237976133,-0.11760544324479552,0.11600996797762021,0.10711367955483152,0.0029696467398569364,0.0007882121858106027],"(6,3.5,1.0,22)":[1.0,0.012791573748109073,-0.06797272057271234,0.09605863832778526,0.09949853465168841,0.008137024216236416,0.00041097365654461167]}