{"(6,3.5,1.0,10)":[1.0,0.010621790912400638,-0.05939905837235385,0.08605744015044851,0.10333934352712955,0.008150820387518484,0.00023061745489199152],"(6,3.5,1.0,17)":[1.0,0.010504881519053528,-0.05888294042996372,0.08523228571633633,0.10393282300818416,0.007954257305301544,0.00025485323868019267],"(6,3.5,1.0,12)":[1.0,0.010508375500867048,-0.058898364307541924,0.08525694155251955,0.10391509218430389,0.007960129043317402,0.00025412935882592857],"(6,3.5,1.0,9)":[1.0,0.01062378264593788,-0.05940784869713039,0.08607148414902219,0.10332925083646181,0.008154160073295398,0.00023020608983970734],"(6,3.5,1.0,2)":[1.0,0.008278672506977868,-0.050468512252433255,0.0767698042445569,0.10629864659844492,0.008364703148543122,6.23946688066578e-5],"(6,3.5,1.0,20)":[1.0,0.010607282478580907,-0.05933497957401207,0.08595489040383643,0.10341317625550815,0.008126342659387727,0.00023363832365821147],"(6,3.5,1.0,7)":[1.0,0.010653990848234351,-0.05964758069615842,0.08683034392883732,0.10250342623604945,0.008517540919605373,0.0001747260468811031],"(6,3.5,1.0,4)":[1.0,0.01818771103400167,-0.0847275025477063,0.10030400954755957,0.1045775967533258,0.005615079665970837,0.0005918427673794839],"(6,3.5,1.0,16)":[1.0,0.010723872450941262,-0.05984965543896346,0.08677762352512845,0.10282152615646295,0.008322271274687503,0.0002094842143329096],"(6,3.5,1.0,19)":[1.0,0.010598678964952809,-0.05929700085898443,0.08589418130176828,0.10345683381519788,0.008111884958077645,0.00023542073608668297],"(6,3.5,1.0,3)":[1.0,0.00907215962586742,-0.05298790468460946,0.0776985701225352,0.1066007643823069,0.008211979934596535,5.366417236615039e-5],"(6,3.5,1.0,6)":[1.0,0.010272957501212416,-0.05828697602458253,0.08579007740231502,0.10240535217906983,0.008821603286543694,0.0001049716049437496],"(6,3.5,1.0,1)":[1.0,0.02824391635384288,-0.11760544381297036,0.11600996936976547,0.10711367833610465,0.0029696471810779987,0.0007882121313107438],"(6,3.5,1.0,8)":[1.0,0.010644260544457,-0.05949821663204505,0.08621583434912719,0.10322552339074766,0.008188485257571775,0.00022597737144062913],"(6,3.5,1.0,21)":[1.0,0.010724265814072322,-0.05985139234283271,0.08678040142193293,0.10281952713190624,0.008322933823759225,0.00020940245721988294],"(6,3.5,1.0,18)":[1.0,0.010595706920995313,-0.059283879870589626,0.08587320297959933,0.10347192253352684,0.00810688738096645,0.000236036937071903],"(6,3.5,1.0,5)":[1.0,0.0095813706184167,-0.055327136803469984,0.08138734441087535,0.10532637208779026,0.007932957487788595,0.00020517691278691469],"(6,3.5,1.0,11)":[1.0,0.010673702549690536,-0.05962818554256086,0.08642359568915521,0.10307611654918852,0.008237962177564175,0.00021987786478912716],"(6,3.5,1.0,13)":[1.0,0.010525514021291274,-0.058974020721227746,0.08537788187357814,0.10382812020166349,0.007988930609248419,0.00025057865381518515],"(6,3.5,1.0,15)":[1.0,0.010656207935288205,-0.05955095729950328,0.08630014281858252,0.10316489457588063,0.008208563007477113,0.00022350215947325404],"(6,3.5,1.0,14)":[1.0,0.010901804088995817,-0.060635118996545175,0.08803322594680546,0.10191858341951324,0.008621288402416914,0.00017262101838865705],"(6,3.5,1.0,22)":[1.0,0.010724265814072322,-0.05985139234283271,0.08678040142193293,0.10281952713190624,0.008322933823759225,0.00020940245721988294]}