{"(6,3.5,1.0,1)":[1.0,0.05166681450132049,-0.16456800391739818,0.11185117956340301,0.1377892343634467,-0.01023454701362658,0.0020731795978260314],"(6,3.5,1.0,8)":[1.0,0.010507530695189405,-0.05889463495309125,0.08525098045108287,0.10391937867839253,0.007958709635418604,0.00025430433352930553],"(6,3.5,1.0,2)":[1.0,0.029471658675064332,-0.12377564859765858,0.12747271249513645,0.10145607838530456,0.003259939356635953,0.001038644824714001],"(6,3.5,1.0,7)":[1.0,0.0033573450328381587,-0.04310828280248332,0.10906002094989396,0.07461191955815581,0.014960547864111733,0.0005459544495761783],"(6,3.5,1.0,4)":[1.0,0.029291635114447444,-0.12289654103816847,0.1259674899478383,0.10189541339872023,0.0034837158769361718,0.0009462891148519831],"(6,3.5,1.0,5)":[1.0,0.02931180386758547,-0.12301536513546145,0.12627383161425879,0.10154813057362669,0.003647232062199505,0.0009193529688840006],"(6,3.5,1.0,3)":[1.0,0.02929190776835965,-0.12289821923159068,0.12597202215499737,0.10189017539131788,0.0034862012469609738,0.0009458783957085213],"(6,3.5,1.0,9)":[1.0,0.010507530695189405,-0.05889463495309125,0.08525098045108287,0.10391937867839253,0.007958709635418604,0.00025430433352930553],"(6,3.5,1.0,6)":[1.0,0.028980570093579856,-0.12106350499968432,0.12124128109224946,0.10725319752492125,0.0009610948575806849,0.0013618317025251236]}