{"(6,3.5,1.0,1)":[1.0,0.05166681450132049,-0.16456800391739818,0.11185117956340301,0.1377892343634467,-0.01023454701362658,0.0020731795978260314],"(6,3.5,1.0,8)":[1.0,0.008858902172275543,-0.053046928398095376,0.08096809156913887,0.1032233409039015,0.009400945155621598,-6.746443710075466e-5],"(6,3.5,1.0,2)":[1.0,0.020821096827471023,-0.09388244793538622,0.10684170289501851,0.10374703247521758,0.004974499058822918,0.0007354035583455808],"(6,3.5,1.0,7)":[1.0,0.008858902172275543,-0.053046928398095376,0.08096809156913887,0.1032233409039015,0.009400945155621598,-6.746443710075466e-5],"(6,3.5,1.0,4)":[1.0,0.008869896937900922,-0.053062436611095415,0.08094006875988503,0.1032797520078794,0.009370780492421994,-6.231397491377682e-5],"(6,3.5,1.0,5)":[1.0,0.008882700267301088,-0.053139060710056064,0.08108420856527389,0.10318048397505271,0.009395583553730108,-6.363447629379052e-5],"(6,3.5,1.0,3)":[1.0,0.008742611005920041,-0.05251845599839313,0.08005354794053932,0.10393212879003509,0.009150024453123146,-3.46142293117021e-5],"(6,3.5,1.0,9)":[1.0,0.008858902172275543,-0.053046928398095376,0.08096809156913887,0.1032233409039015,0.009400945155621598,-6.746443710075466e-5],"(6,3.5,1.0,6)":[1.0,0.008858902172275543,-0.053046928398095376,0.08096809156913887,0.1032233409039015,0.009400945155621598,-6.746443710075466e-5]}