{"(6,3.5,1.0,1)":[1.0,0.05166681450132049,-0.16456800391739818,0.11185117956340301,0.1377892343634467,-0.01023454701362658,0.0020731795978260314],"(6,3.5,1.0,2)":[1.0,0.020833058616016843,-0.0939246618848104,0.10687114144489086,0.10374501537770689,0.004970709157923199,0.0007361795782677456],"(6,3.5,1.0,4)":[1.0,0.008853217101860987,-0.05300764396110253,0.0808405038355841,0.10336252179506751,0.009339834680272106,-5.815299916230772e-5],"(6,3.5,1.0,5)":[1.0,0.008882329612713782,-0.05313566242405837,0.0810433580175258,0.10321798195943269,0.009387250596846343,-6.394229218625075e-5],"(6,3.5,1.0,3)":[1.0,0.008737899599574833,-0.0525139566149624,0.08010466770543163,0.10385198975771413,0.009190391063100042,-4.12261044071889e-5],"(6,3.5,1.0,6)":[1.0,0.008882142390506385,-0.05313526679121189,0.08104260010438939,0.10321858783247982,0.00938705530029721,-6.392347460398147e-5]}