{"(6,3.5,1.0,10)":[1.0,0.010803703357865345,-0.060202062346315886,0.08734096550367286,0.10241640702452803,0.008456430866650629,0.00019294471494109988],"(6,3.5,1.0,17)":[1.0,0.010660315286754863,-0.059569085642793194,0.08632911515208755,0.10314406372515873,0.00821546013444965,0.00022265200164592252],"(6,3.5,1.0,12)":[1.0,0.010789673627965578,-0.06014012680786526,0.08724195552535186,0.10248761027492513,0.00843285063117027,0.00019585180542157338],"(6,3.5,1.0,9)":[1.0,0.010808880826764749,-0.06022491743736362,0.08737749829568237,0.10239013744441287,0.00846512940217071,0.000191872471847563],"(6,3.5,1.0,2)":[1.0,0.028243916237976133,-0.11760544324479552,0.11600996797762021,0.10711367955483152,0.0029696467398569364,0.0007882121858106027],"(6,3.5,1.0,20)":[1.0,0.010889886563137392,-0.06058250106930434,0.08794909210408446,0.10197910521885024,0.008601239060780452,0.0001750936983326943],"(6,3.5,1.0,7)":[1.0,0.014909467237242532,-0.07444149771743248,0.09713083975717847,0.1023788441328479,0.006736652884854264,0.0005434051272433718],"(6,3.5,1.0,4)":[1.0,0.028243916237976133,-0.11760544324479552,0.11600996797762021,0.10711367955483152,0.0029696467398569364,0.0007882121858106027],"(6,3.5,1.0,16)":[1.0,0.010788358519798003,-0.06013432190990402,0.0872326718084891,0.1024942906635615,0.00843063670153338,0.0001961249681963812],"(6,3.5,1.0,19)":[1.0,0.010889940375495535,-0.0605827473331689,0.08794950595046848,0.10197878990513229,0.0086013502774853,0.00017507904063010865],"(6,3.5,1.0,3)":[1.0,0.028243916237976133,-0.11760544324479552,0.11600996797762021,0.10711367955483152,0.0029696467398569364,0.0007882121858106027],"(6,3.5,1.0,6)":[1.0,0.028243916237976133,-0.11760544324479552,0.11600996797762021,0.10711367955483152,0.0029696467398569364,0.0007882121858106027],"(6,3.5,1.0,1)":[1.0,0.028243916237976133,-0.11760544324479552,0.11600996797762021,0.10711367955483152,0.0029696467398569364,0.0007882121858106027],"(6,3.5,1.0,8)":[1.0,0.014909467237242532,-0.07444149771743248,0.09713083975717847,0.1023788441328479,0.006736652884854264,0.0005434051272433718],"(6,3.5,1.0,21)":[1.0,0.010889886563137392,-0.06058250106930434,0.08794909210408446,0.10197910521885024,0.008601239060780452,0.0001750936983326943],"(6,3.5,1.0,18)":[1.0,0.010891160202654723,-0.060588131705771764,0.0879581115711055,0.10197260284987573,0.008603398543869243,0.00017482661808576204],"(6,3.5,1.0,5)":[1.0,0.028243916237976133,-0.11760544324479552,0.11600996797762021,0.10711367955483152,0.0029696467398569364,0.0007882121858106027],"(6,3.5,1.0,11)":[1.0,0.010789671882369994,-0.06014012093703143,0.08724194656084207,0.10248761693712938,0.008432848226171607,0.00019585213396406997],"(6,3.5,1.0,13)":[1.0,0.010789863190002231,-0.06014096602352678,0.08724329876983815,0.10248664364026863,0.00843317088032635,0.0001958123135982718],"(6,3.5,1.0,15)":[1.0,0.01079129093363363,-0.060147268561123124,0.08725337326628033,0.10247939914211786,0.008435569810753158,0.00019551659071987432],"(6,3.5,1.0,14)":[1.0,0.010792506028507889,-0.06015262784771464,0.08726192722006809,0.10247325854765511,0.00843759925443511,0.00019526694585634153]}