{"(6,3.5,1.0,1)":[1.0,0.05166681450132049,-0.16456800391739818,0.11185117956340301,0.1377892343634467,-0.01023454701362658,0.0020731795978260314],"(6,3.5,1.0,2)":[1.0,-0.0196175838761334,0.03152864979422763,0.07868431815387096,0.054010456472960156,0.01624865476205104,0.001874463069481724],"(6,3.5,1.0,4)":[1.0,-0.021147939271379153,0.03402312979285268,0.08480656688964021,0.0577956502133716,0.017209501570300358,0.0019589509584890014],"(6,3.5,1.0,3)":[1.0,-0.021147939271379153,0.03402312979285268,0.08480656688964021,0.0577956502133716,0.017209501570300358,0.0019589509584890014]}