{"(6,3.5,1.0,1)":[1.0,0.05166681450132049,-0.16456800391739818,0.11185117956340301,0.1377892343634467,-0.01023454701362658,0.0020731795978260314],"(6,3.5,1.0,2)":[1.0,0.050100414246623,-0.16072799264234208,0.10977763972948974,0.13762727754818646,-0.009898223294694985,0.002024177734473862],"(6,3.5,1.0,3)":[1.0,0.050100414246623,-0.16072799264234208,0.10977763972948974,0.13762727754818646,-0.009898223294694985,0.002024177734473862]}