{"(6,3.5,1.0,1)":[1.0,0.05166681450132049,-0.16456800391739818,0.11185117956340301,0.1377892343634467,-0.01023454701362658,0.0020731795978260314],"(6,3.5,1.0,2)":[1.0,-0.0067867556242095116,0.022487840804060744,0.03569896100589989,0.022050118307191363,0.00645877332573254,0.0007480081877142521],"(6,3.5,1.0,3)":[1.0,-0.0067867556242095116,0.022487840804060744,0.03569896100589989,0.022050118307191363,0.00645877332573254,0.0007480081877142521]}