{"(6,3.5,1.0,10)":[1.0,-0.019854480553999566,0.03210306101765503,0.07904601666024776,0.054081087122835624,0.016252179884193058,0.0018746560385146374],"(6,3.5,1.0,12)":[1.0,-0.021110932991641726,0.03394402484042751,0.08472150163812699,0.05773630950602251,0.01720063384321271,0.0019604147762340225],"(6,3.5,1.0,9)":[1.0,-0.020984283935977177,0.03514393690578197,0.07988997609279055,0.053394927723841384,0.01584234667941418,0.0018107554235258694],"(6,3.5,1.0,2)":[1.0,0.05166681450132049,-0.16456800391739818,0.11185117956340301,0.1377892343634467,-0.01023454701362658,0.0020731795978260314],"(6,3.5,1.0,7)":[1.0,-0.020984283935977177,0.03514393690578197,0.07988997609279055,0.053394927723841384,0.01584234667941418,0.0018107554235258694],"(6,3.5,1.0,4)":[1.0,0.05166681450132049,-0.16456800391739818,0.11185117956340301,0.1377892343634467,-0.01023454701362658,0.0020731795978260314],"(6,3.5,1.0,3)":[1.0,0.05166681450132049,-0.16456800391739818,0.11185117956340301,0.1377892343634467,-0.01023454701362658,0.0020731795978260314],"(6,3.5,1.0,6)":[1.0,0.05166681450132049,-0.16456800391739818,0.11185117956340301,0.1377892343634467,-0.01023454701362658,0.0020731795978260314],"(6,3.5,1.0,1)":[1.0,0.05166681450132049,-0.16456800391739818,0.11185117956340301,0.1377892343634467,-0.01023454701362658,0.0020731795978260314],"(6,3.5,1.0,8)":[1.0,-0.020984283935977177,0.03514393690578197,0.07988997609279055,0.053394927723841384,0.01584234667941418,0.0018107554235258694],"(6,3.5,1.0,5)":[1.0,0.05166681450132049,-0.16456800391739818,0.11185117956340301,0.1377892343634467,-0.01023454701362658,0.0020731795978260314],"(6,3.5,1.0,11)":[1.0,-0.019854480553999566,0.03210306101765503,0.07904601666024776,0.054081087122835624,0.016252179884193058,0.0018746560385146374],"(6,3.5,1.0,13)":[1.0,-0.020997381006918458,0.03370072359253489,0.08444648395980253,0.05762182844614519,0.017180249995129168,0.0019593306561666245],"(6,3.5,1.0,15)":[1.0,-0.020997381006918458,0.03370072359253489,0.08444648395980253,0.05762182844614519,0.017180249995129168,0.0019593306561666245],"(6,3.5,1.0,14)":[1.0,-0.020997381006918458,0.03370072359253489,0.08444648395980253,0.05762182844614519,0.017180249995129168,0.0019593306561666245]}