{"(6,3.5,1.0,10)":[1.0,0.010925789962904931,-0.060741003023010644,0.08820248932641432,0.10179685926092676,0.008661598734523818,0.00016765148746472226],"(6,3.5,1.0,17)":[1.0,0.010784338620560928,-0.060111725325577466,0.08719574199491255,0.10251980056774453,0.008422753820955784,0.00019700767865768638],"(6,3.5,1.0,12)":[1.0,0.010786988656876832,-0.06012827592553807,0.0872230114072149,0.10250123361018977,0.008428339074982602,0.00019640800260998243],"(6,3.5,1.0,9)":[1.0,0.010990638018068022,-0.06102727034073487,0.0886601073222437,0.10146776699826887,0.008770582273636618,0.00015421560868920085],"(6,3.5,1.0,2)":[1.0,0.028243916237976133,-0.11760544324479552,0.11600996797762021,0.10711367955483152,0.0029696467398569364,0.0007882121858106027],"(6,3.5,1.0,20)":[1.0,0.010784338620560928,-0.060111725325577466,0.08719574199491255,0.10251980056774453,0.008422753820955784,0.00019700767865768638],"(6,3.5,1.0,7)":[1.0,0.0108607076741059,-0.06045370234321777,0.08774322177287606,0.10212713473700984,0.008552224828068371,0.00018113525976700808],"(6,3.5,1.0,4)":[1.0,0.028243916237976133,-0.11760544324479552,0.11600996797762021,0.10711367955483152,0.0029696467398569364,0.0007882121858106027],"(6,3.5,1.0,16)":[1.0,0.010784338620560928,-0.060111725325577466,0.08719574199491255,0.10251980056774453,0.008422753820955784,0.00019700767865768638],"(6,3.5,1.0,19)":[1.0,0.010784338620560928,-0.060111725325577466,0.08719574199491255,0.10251980056774453,0.008422753820955784,0.00019700767865768638],"(6,3.5,1.0,3)":[1.0,0.028243916237976133,-0.11760544324479552,0.11600996797762021,0.10711367955483152,0.0029696467398569364,0.0007882121858106027],"(6,3.5,1.0,6)":[1.0,0.028243916237976133,-0.11760544324479552,0.11600996797762021,0.10711367955483152,0.0029696467398569364,0.0007882121858106027],"(6,3.5,1.0,1)":[1.0,0.028243916237976133,-0.11760544324479552,0.11600996797762021,0.10711367955483152,0.0029696467398569364,0.0007882121858106027],"(6,3.5,1.0,8)":[1.0,0.01100481262864028,-0.06108983794291178,0.0887601051487955,0.10139587151597854,0.008794385612119811,0.00015128176275840065],"(6,3.5,1.0,18)":[1.0,0.010784338620560928,-0.060111725325577466,0.08719574199491255,0.10251980056774453,0.008422753820955784,0.00019700767865768638],"(6,3.5,1.0,5)":[1.0,0.028243916237976133,-0.11760544324479552,0.11600996797762021,0.10711367955483152,0.0029696467398569364,0.0007882121858106027],"(6,3.5,1.0,11)":[1.0,0.010919756843148255,-0.0607143695008066,0.08815991046173297,0.10182748148381075,0.008651457347765543,0.0001689017778359164],"(6,3.5,1.0,13)":[1.0,0.010769026602178024,-0.06004898414827404,0.08709625947493531,0.10259238557895276,0.008398153016414639,0.00020012943017262843],"(6,3.5,1.0,15)":[1.0,0.010780828390892186,-0.0601014823966662,0.0871818812624473,0.10252953700739434,0.008419323457040002,0.00019748118098052313],"(6,3.5,1.0,14)":[1.0,0.010780828390892186,-0.0601014823966662,0.0871818812624473,0.10252953700739434,0.008419323457040002,0.00019748118098052313]}