{"(6,3.5,1.0,10)":[1.0,-0.021014613372397583,0.03499805000772534,0.08060385352346394,0.05405754281898022,0.016062939940206692,0.0018374801414380044],"(6,3.5,1.0,12)":[1.0,-0.021014613372397583,0.03499805000772534,0.08060385352346394,0.05405754281898022,0.016062939940206692,0.0018374801414380044],"(6,3.5,1.0,9)":[1.0,-0.021014613372397583,0.03499805000772534,0.08060385352346394,0.05405754281898022,0.016062939940206692,0.0018374801414380044],"(6,3.5,1.0,2)":[1.0,0.05166681450132049,-0.16456800391739818,0.11185117956340301,0.1377892343634467,-0.01023454701362658,0.0020731795978260314],"(6,3.5,1.0,7)":[1.0,-0.021004904856533398,0.035035151948910714,0.08040377115788577,0.053876591093257147,0.01600376994840985,0.001830432069104564],"(6,3.5,1.0,4)":[1.0,0.05166681450132049,-0.16456800391739818,0.11185117956340301,0.1377892343634467,-0.01023454701362658,0.0020731795978260314],"(6,3.5,1.0,3)":[1.0,0.05166681450132049,-0.16456800391739818,0.11185117956340301,0.1377892343634467,-0.01023454701362658,0.0020731795978260314],"(6,3.5,1.0,6)":[1.0,0.05166681450132049,-0.16456800391739818,0.11185117956340301,0.1377892343634467,-0.01023454701362658,0.0020731795978260314],"(6,3.5,1.0,1)":[1.0,0.05166681450132049,-0.16456800391739818,0.11185117956340301,0.1377892343634467,-0.01023454701362658,0.0020731795978260314],"(6,3.5,1.0,8)":[1.0,-0.021014613372397583,0.03499805000772534,0.08060385352346394,0.05405754281898022,0.016062939940206692,0.0018374801414380044],"(6,3.5,1.0,5)":[1.0,0.05166681450132049,-0.16456800391739818,0.11185117956340301,0.1377892343634467,-0.01023454701362658,0.0020731795978260314],"(6,3.5,1.0,11)":[1.0,-0.021014613372397583,0.03499805000772534,0.08060385352346394,0.05405754281898022,0.016062939940206692,0.0018374801414380044],"(6,3.5,1.0,13)":[1.0,-0.021014613372397583,0.03499805000772534,0.08060385352346394,0.05405754281898022,0.016062939940206692,0.0018374801414380044],"(6,3.5,1.0,14)":[1.0,-0.021014613372397583,0.03499805000772534,0.08060385352346394,0.05405754281898022,0.016062939940206692,0.0018374801414380044]}