{"(6,3.5,1.0,1)":[1.0,0.05166681450132049,-0.16456800391739818,0.11185117956340301,0.1377892343634467,-0.01023454701362658,0.0020731795978260314],"(6,3.5,1.0,2)":[1.0,0.029315642346873273,-0.1230010225664055,0.126081904511216,0.10202359194705067,0.00333571854218175,0.0009819628651392674],"(6,3.5,1.0,4)":[1.0,0.029263286211576606,-0.1227295080702564,0.12553687528271623,0.1023835485139033,0.0032538897294069986,0.0009841473890601661],"(6,3.5,1.0,5)":[1.0,0.029264700552125343,-0.12273782640541554,0.1255582785515101,0.10235930461278836,0.0032653012497517392,0.0009822677771475254],"(6,3.5,1.0,3)":[1.0,0.029262979213610606,-0.12272770462553308,0.12553222959854413,0.1023888484603309,0.003251381638273804,0.000984562293289731],"(6,3.5,1.0,6)":[1.0,0.029264700552125343,-0.12273782640541554,0.1255582785515101,0.10235930461278836,0.0032653012497517392,0.0009822677771475254]}