{"(6,3.5,1.0,1)":[1.0,0.05166681450132049,-0.16456800391739818,0.11185117956340301,0.1377892343634467,-0.01023454701362658,0.0020731795978260314],"(6,3.5,1.0,8)":[1.0,0.010682970273837616,-0.05966909403970439,0.08648898948549398,0.10302908931155268,0.008253536000823364,0.00021795784308044857],"(6,3.5,1.0,2)":[1.0,0.0293022252321331,-0.12293448860227292,0.12596285772969842,0.10207118249005334,0.0033430039455701215,0.0009769364191711534],"(6,3.5,1.0,7)":[1.0,-0.020265422277161656,0.03102327622262265,0.08641065614614793,0.05885928061881199,0.01722039910123225,0.0019146313163246685],"(6,3.5,1.0,4)":[1.0,0.02928871259507958,-0.12287932022896296,0.12592309051725228,0.10194574661649468,0.0034600169239910675,0.0009501930317469385],"(6,3.5,1.0,5)":[1.0,0.02918637353031311,-0.12242029370844419,0.12534305887170732,0.1015990445984997,0.003964570091984973,0.0008230957729935369],"(6,3.5,1.0,3)":[1.0,0.029287987173772834,-0.12287532978764819,0.12591359263952273,0.1019561251767452,0.0034552052011183735,0.0009509804206096331],"(6,3.5,1.0,9)":[1.0,0.010682970273837616,-0.05966909403970439,0.08648898948549398,0.10302908931155268,0.008253536000823364,0.00021795784308044857],"(6,3.5,1.0,6)":[1.0,0.0287810320411346,-0.12016256850249485,0.12007012265879481,0.10666426123634164,0.0018897859246846016,0.001124907824494201]}