{"(6,3.5,1.0,10)":[1.0,0.008878528657405575,-0.053119032840632435,0.08101564989150378,0.10323872170434739,0.009380143354778492,-6.304198612839163e-5],"(6,3.5,1.0,12)":[1.0,0.008881565653747248,-0.0531316812137359,0.08103324051522053,0.10322785756373112,0.00938322862219687,-6.336893883935928e-5],"(6,3.5,1.0,9)":[1.0,0.008878504027620004,-0.05311881811786947,0.08101493317200248,0.10323951506336221,0.009379791586272423,-6.29880563960208e-5],"(6,3.5,1.0,2)":[1.0,0.0208226405678824,-0.09389107282154327,0.10684827504893613,0.10374841330649173,0.0049718719715239,0.0007360032203573221],"(6,3.5,1.0,7)":[1.0,0.008877424785870384,-0.053114152670979305,0.08100782951225328,0.10324436046247448,0.009378270961604526,-6.281050803514266e-5],"(6,3.5,1.0,4)":[1.0,0.008843542833546525,-0.052972097974599314,0.08080863684547536,0.10336721153467576,0.009343934439194733,-5.930642087888284e-5],"(6,3.5,1.0,3)":[1.0,0.008761109688257012,-0.05259812272353429,0.08018036376672417,0.10384079344194744,0.009180407106803685,-3.8381570463062555e-5],"(6,3.5,1.0,6)":[1.0,0.008872878878560187,-0.053094086914643505,0.08097594065009626,0.10326715821051234,0.009370763968648959,-6.188988088608042e-5],"(6,3.5,1.0,1)":[1.0,0.05166681450132049,-0.16456800391739818,0.11185117956340301,0.1377892343634467,-0.01023454701362658,0.0020731795978260314],"(6,3.5,1.0,8)":[1.0,0.008878093282903189,-0.05311709210108304,0.08101248352779374,0.10324104617575217,0.009379358554529961,-6.294346688781607e-5],"(6,3.5,1.0,5)":[1.0,0.008865941170841038,-0.053063711791942816,0.08092816558257175,0.10330096705054788,0.009359739161227997,-6.055054629676728e-5],"(6,3.5,1.0,11)":[1.0,0.008880188359268827,-0.05312635254383942,0.08102735460922406,0.10323030443298331,0.009382929632466125,-6.338516288216707e-5],"(6,3.5,1.0,13)":[1.0,0.00888093827050583,-0.05312966380649305,0.08103262137543044,0.1032265383799609,0.009384169542599023,-6.353714952723327e-5],"(6,3.5,1.0,15)":[1.0,0.008880981815252209,-0.05312986717345071,0.08103299938819919,0.10322621178462414,0.009384300502903495,-6.355663706047734e-5],"(6,3.5,1.0,14)":[1.0,0.00888062447694722,-0.053128415210281874,0.08103160769624831,0.10322652053266905,0.009384415004706156,-6.359540444966322e-5]}