{"(6,3.41,1.0,1)":[1.0,0.04748345642896786,-0.15456903655200654,0.10722895108655009,0.13647760733196396,-0.009003453092966974,0.0018997108672928489],"(6,3.41,1.0,4)":[1.0,0.04090090620295878,-0.10300344768812804,0.10977086227438088,0.10037239727522178,0.007728739454132713,0.0003230947983007944],"(6,3.41,1.0,2)":[1.0,-0.019621291098677857,0.031336077936075415,0.07913512093767401,0.05523059641046635,0.016889770483665502,0.0019767310236175864],"(6,3.41,1.0,3)":[1.0,-0.020338157496348316,0.03158305049056571,0.08510332925457334,0.05866436162246813,0.017487255911343896,0.0019852572766171778],"(6,3.41,1.0,5)":[1.0,0.04090090620295878,-0.10300344768812804,0.10977086227438088,0.10037239727522178,0.007728739454132713,0.0003230947983007944]}