{"(6,3.5,1.0,1)":[1.0,0.05166681450132049,-0.16456800391739818,0.11185117956340301,0.1377892343634467,-0.01023454701362658,0.0020731795978260314],"(6,3.5,1.0,2)":[1.0,0.020897649484243448,-0.09412188216069267,0.10698020659990085,0.10374767608534381,0.0049575401302919325,0.0007375186474294017],"(6,3.5,1.0,4)":[1.0,0.008751142350891087,-0.0524875855610767,0.0803346877200767,0.10343746679566015,0.009415123572505249,-7.972695904057942e-5],"(6,3.5,1.0,5)":[1.0,0.008844129268070816,-0.05295282879142725,0.0807690865674455,0.10339848914485743,0.009333334893579069,-5.799337562172396e-5],"(6,3.5,1.0,3)":[1.0,0.008721271880959443,-0.052398262356238935,0.07990036821525907,0.10400167720433834,0.009141943286690046,-3.5557985171812285e-5]}