{"2":0.11205584617574055,"3":0.11205584617574055,"1":0.11213149364083595}