{"2":0.11212195827033597,"3":0.11212195827033597,"1":0.11213149364083595}