{"2":0.05602591931967522,"3":0.05602591931967522,"1":0.056065746820417976}