{"7":7.482523748566471e-5,"4":0.0005956542370356971,"9":6.396610152865158e-5,"2":0.02786696578444391,"3":0.005527108570872144,"5":0.00012415407130314903,"8":6.427157527661743e-5,"6":8.741912128131644e-5,"1":0.11213149364083595}