{"2":0.05552595236159024,"11":0.05482610673775368,"7":0.05482728895777191,"9":0.05482660139975506,"10":0.05482612146007956,"8":0.05482708816323398,"6":0.05490761139789874,"4":0.055049137579249195,"3":0.055411206784426854,"5":0.05504902824377792,"12":0.05482610673775368,"1":0.056065746820417976}