{"4":0.11148620426636459,"2":0.11156719559386233,"3":0.1115573953703331,"5":0.11148616469099676,"6":0.11148616469099676,"1":0.11213149364083595}