{"4":0.10780121587169315,"2":0.10810689345732935,"3":0.10780121587169315,"1":0.11213149364083595}