{"2":0.05552595236159024,"11":0.05463125616985725,"39":0.05619167586078985,"25":0.055529085899552764,"42":0.05619168614680234,"29":0.05561647138632208,"8":0.05452481570246046,"20":0.05546943512464266,"14":0.05544021652884231,"31":0.055790617194495254,"33":0.05587568919527713,"18":0.05546885253733932,"26":0.05554584279842314,"35":0.055992462052995066,"17":0.05546881770642034,"4":0.055203986518628456,"37":0.05608995344508102,"13":0.05467069802799685,"30":0.05566698978837831,"1":0.056065746820417976,"32":0.05581497769018058,"40":0.05619168529133183,"7":0.05447660103799857,"9":0.05452500712684393,"43":0.05619168614680234,"34":0.05598203224468892,"3":0.055388510090750874,"38":0.056189177687192365,"36":0.05601801186044893,"12":0.054631558294559006,"16":0.05546867354209099,"21":0.05546943937323366,"10":0.054568049447428775,"19":0.055469401804471734,"22":0.055469710820866186,"6":0.05485059066675033,"24":0.05547835227844627,"28":0.05560365499184041,"5":0.054951103250347924,"23":0.05547174876704959,"27":0.05559313170268236,"41":0.0561916858620228,"15":0.0554597020922335}