{"18":0.055813162483883856,"2":0.05552595236159024,"16":0.05577056256544708,"11":0.05509960118283508,"21":0.055814986835604576,"7":0.05468013741542555,"9":0.05471402675144637,"10":0.05486345517723537,"19":0.0558149811845427,"17":0.05580996656770208,"8":0.054711088309855486,"6":0.05466841297016474,"4":0.05522073101314071,"3":0.05538827348347175,"5":0.05497061756730061,"20":0.055814986835604576,"13":0.0551137021444689,"14":0.055128397193869236,"15":0.055150839018643344,"12":0.05511362784036816,"1":0.056065746820417976}