{"4":0.11097753518666748,"2":0.11109718986213583,"3":0.11097868242199997,"5":0.11097750568548313,"6":0.11097750568548313,"1":0.11213149364083595}