{"18":0.05536412473626046,"2":0.05552595236159024,"16":0.055167413173353226,"11":0.05490404005832875,"21":0.055398949034054824,"7":0.05466012940112012,"9":0.054637623502343725,"10":0.05462290521569672,"19":0.055366556122333765,"17":0.05534684528185613,"8":0.054638516351462094,"22":0.055398949034054824,"6":0.054664903546272625,"4":0.0552169757777974,"3":0.05539280165509059,"5":0.054813731872498016,"20":0.05536971901813484,"13":0.05500668380305533,"14":0.05507542971235095,"15":0.055102459356361475,"12":0.055005761553067946,"1":0.056065746820417976}