{"4":0.0013373494334123002,"2":0.027878964478216826,"3":0.005760290884800983,"5":0.0013373494334123002,"1":0.11213149364083595}