{"18":0.05606693337025433,"2":0.05552595236159024,"16":0.05593343058799535,"11":0.05530073681380821,"21":0.05624782279960146,"7":0.05493249338728432,"9":0.055259873068841024,"25":0.05624803043518273,"10":0.055278901659958184,"19":0.05609469965029209,"17":0.05596134750522581,"8":0.0550415368860326,"22":0.056248017904799094,"6":0.05493099236061843,"24":0.05624803043518273,"4":0.05522073630104449,"3":0.05538827585029133,"5":0.054970628836165596,"20":0.05618807570895512,"23":0.05624802626919041,"13":0.05574947495707749,"14":0.05579007132222429,"15":0.055821898244483734,"12":0.055385351173328275,"1":0.056065746820417976}