{"4":0.055769562969158123,"2":0.05576974943836584,"3":0.055769562969158123,"1":0.056065746820417976}