{"4":0.10993238850511028,"2":0.11056436290871213,"3":0.11047650605461083,"5":0.10993238850511028,"1":0.11213149364083595}