{"4":0.0010262451780705326,"2":0.02788028824948269,"3":0.004493775177464859,"5":1.8362226796761918e-5,"6":1.509560634246848e-5,"1":0.11213149364083595}