{"4":0.018178626261481708,"2":0.023384082736545776,"3":0.018178626261481708,"1":0.11213149364083595}