{"18":0.055087534616504306,"2":0.05552595236159024,"16":0.05508752305583409,"11":0.054996344449582846,"7":0.05489734607787752,"9":0.054983715328691486,"10":0.054995668675435316,"19":0.05508753556233745,"17":0.055087530803344775,"8":0.054981736259927985,"6":0.05472154966536775,"4":0.05522078389079025,"3":0.0553882971509885,"5":0.05489250506655753,"20":0.05508753556233745,"13":0.05504754227821285,"14":0.05508055672036604,"15":0.055087519151562556,"12":0.055035111229296746,"1":0.056065746820417976}