{"4":0.11094112203896332,"2":0.11109718986213583,"3":0.11097853717864743,"5":0.11094112203896332,"1":0.11213149364083595}