{"18":0.05522637557092669,"2":0.05552595236159024,"16":0.055072615340719965,"11":0.05501795226885795,"21":0.0552266967755104,"7":0.0549431966264279,"9":0.0549934270857202,"10":0.05501034025439489,"19":0.055226679808309156,"17":0.05517952478870924,"8":0.05496270469596052,"6":0.054697206918085946,"4":0.05508251896370911,"3":0.055390632785071975,"5":0.05492640326794239,"20":0.0552266967755104,"13":0.055018542696904475,"14":0.05504197368945238,"15":0.05504286120129791,"12":0.05501795683611138,"1":0.056065746820417976}