{"2":0.05918133450823888,"3":0.05918133450823888,"1":0.11213149364083595}