{"7":0.10949940371071416,"4":0.11092308750223455,"9":0.1094799592836833,"2":0.11109718986213583,"3":0.11095711420777038,"5":0.11072583912429386,"8":0.1094799592836833,"6":0.1099951940732451,"1":0.11213149364083595}