{"2":0.027880167874595668,"11":3.479461931728663e-5,"7":0.00016143267069971314,"9":6.441351505052127e-5,"10":4.226633161730884e-5,"8":7.773963576947432e-5,"6":0.00016460756291363743,"4":0.0019933423070075296,"3":0.00509410440355811,"5":0.0008764026104993232,"13":2.9643113282260292e-5,"12":3.0415888888118804e-5,"1":0.11213149364083595}