{"2":0.11109718986213583,"11":0.10884375263169409,"7":0.10920029531565566,"9":0.10903360069757512,"10":0.10890739462798836,"8":0.10920029503870454,"6":0.10938182354212056,"4":0.11094110343725141,"3":0.11097852265241671,"5":0.11079801414548116,"13":0.10871627541013293,"14":0.10871620196501797,"15":0.10871620196501797,"12":0.10871850981667426,"1":0.11213149364083595}