{"7":0.10888883050251232,"4":0.11080000325265482,"9":0.10882386895761474,"2":0.11098086060094912,"3":0.11082435239465248,"5":0.11053802140447257,"8":0.10882386895761474,"6":0.10949797268304808,"1":0.11213149364083595}