{"4":0.11096473096259152,"2":0.11109718986213583,"3":0.11099445126489599,"5":0.11096473096259152,"1":0.11213149364083595}