{"2":0.02788030028732387,"11":7.169516746252511e-5,"7":0.00017342555747031384,"9":0.0001390139258982485,"10":0.0001325840024795914,"8":0.0001495159467390637,"6":0.0003383560950106638,"4":0.001026137360570921,"3":0.004493487728860822,"5":0.0005826168387282358,"13":4.450298239777104e-5,"14":4.2950453904081124e-5,"15":4.192003658042462e-5,"12":5.7634587295978136e-5,"1":0.11213149364083595}