{"4":0.11092983410547173,"2":0.11108557578799427,"3":0.11093230740533558,"5":0.11092067628317032,"6":0.11092067628317032,"1":0.11213149364083595}