{"2":0.11109718986213583,"11":0.10925153908468456,"7":0.10945639525726394,"9":0.10925391443099676,"10":0.10925368278962676,"8":0.10945520534036429,"6":0.1096465081314807,"4":0.11094514623418668,"3":0.1109801329623108,"5":0.11080373030929602,"13":0.10925152304207111,"14":0.10925152304207111,"12":0.10925152838264789,"1":0.11213149364083595}