{"2":0.02775052658815078,"11":0.0006886753861511882,"7":0.0010476689766347202,"9":0.0007279781353673079,"10":0.000688720606523354,"8":0.0009223963505559622,"6":0.0010912423284984742,"4":0.0019275304237025444,"3":0.007828429188170085,"5":0.0012665847003887627,"12":0.0006886753861511882,"1":0.11213149364083595}