{"2":0.5258305749609096,"3":0.5258305749609096,"1":1.0}