{"4":0.8684708179040586,"2":0.8798264498250598,"3":0.8684708179040586,"1":1.0}