{"4":0.7103482253613745,"2":0.7397376965031315,"3":0.7203576827407048,"5":0.7103482253613745,"1":1.0}