{"4":8.376208421102302e-5,"2":0.06182146796641843,"3":0.0016060812530607268,"5":2.6880499449629113e-8,"6":1.8187577660852635e-8,"1":1.0}