{"18":0.03925314641388279,"2":0.6773469467954933,"16":0.05090888327436479,"11":0.11172892539390626,"21":0.03644477658310358,"7":0.24251922582185728,"9":0.2135541457789014,"10":0.1374806243401542,"19":0.0364468805173405,"17":0.04154763765128523,"8":0.22132688422493485,"6":0.25844772468104754,"4":0.5449771154814218,"3":0.6125834734728502,"5":0.42941272001325304,"20":0.03644477658310358,"13":0.09523040985386576,"14":0.09370428456224801,"15":0.0881422364736531,"12":0.10301004329534037,"1":1.0}