{"4":0.02754060338444335,"2":0.046428187793329516,"3":0.02754060338444335,"1":1.0}