{"2":0.061820942746545114,"11":9.69299291871211e-8,"7":2.073246324536428e-6,"9":3.306068154017583e-7,"10":1.4271137874787674e-7,"8":4.811793524792377e-7,"6":2.1555980272811657e-6,"4":0.00031601643392156704,"3":0.0020638629294583133,"5":6.108827822520963e-5,"13":7.083969122583697e-8,"12":7.416078025166614e-8,"1":1.0}