{"7":5.152191651020346e-7,"4":2.8286108694504826e-5,"9":3.7595121584161383e-7,"2":0.06176334342159705,"3":0.002429821741666642,"5":1.2886117264740223e-6,"8":3.790686935835021e-7,"6":6.739101600151975e-7,"1":1.0}