{"4":0.3669436433869966,"2":0.6887504184254947,"3":0.49584780558976477,"5":0.3669436433869966,"1":1.0}