{"4":0.690344904985492,"2":0.7107795112813322,"3":0.6993849923248108,"5":0.6864746751331379,"6":0.6864746751331379,"1":1.0}