{"2":0.061821520254728785,"11":4.0882037850803615e-7,"7":2.392062308424734e-6,"9":1.5369621348021732e-6,"10":1.3980693826142184e-6,"8":1.7779580075257076e-6,"6":9.10527630950486e-6,"4":8.374441053288204e-5,"3":0.0016058756399882329,"5":2.6996717999520167e-5,"13":1.575218641929635e-7,"14":1.4672186393387075e-7,"15":1.3976798415793494e-7,"12":2.6419146654436897e-7,"1":1.0}