{"2":0.709886505245766,"11":0.19712128213005278,"7":0.3160472582078709,"9":0.2422499143751963,"10":0.2322615057851636,"8":0.27587000449125854,"6":0.42503852732005015,"4":0.6752107602168561,"3":0.6803359234721559,"5":0.6421904826105053,"13":0.13427590705509168,"14":0.13259379897947718,"15":0.13259379897947718,"12":0.18006360873817825,"1":1.0}