{"2":0.9787271709641636,"3":0.9787271709641636,"1":1.0}