{"18":0.10579257623528505,"2":0.6773797198108497,"16":0.10579624123589441,"11":0.13501300076966535,"7":0.17444196527166575,"9":0.1460649317564021,"10":0.14224669042383198,"19":0.10579227638572226,"17":0.10579378509014016,"8":0.15080395248946668,"6":0.24414784347914456,"4":0.5456281506901177,"3":0.6126463399946399,"5":0.4174184711013404,"20":0.10579227638572226,"13":0.11814189458126761,"14":0.10768721485972185,"15":0.1057974790060443,"12":0.1296059262245219,"1":1.0}