{"2":0.7128689374956018,"11":0.26849713336481623,"7":0.3770302085543164,"9":0.2698219851956796,"10":0.26925270706679616,"8":0.31093394762088794,"6":0.4616856253768561,"4":0.6768766348842341,"3":0.6806287717518807,"5":0.6478489765307879,"13":0.2684928677381845,"14":0.2684928677381845,"12":0.2684942877502241,"1":1.0}