{"2":0.7101199621517441,"11":0.5428374488821625,"7":0.5492065718689173,"9":0.5474076011376232,"10":0.5461300792417422,"8":0.5486179593437375,"6":0.5586833728727164,"4":0.5711391534490581,"3":0.6646314259220283,"5":0.5669222453062276,"12":0.5428374488821625,"1":1.0}