{"4":0.00014225074599218647,"2":0.061815708413952196,"3":0.0026389821295368368,"5":0.00014225009798644254,"1":1.0}