{"7":0.3639589479068905,"4":0.6864417936262491,"9":0.2753423390888026,"2":0.7098835198280985,"3":0.6947661611116812,"5":0.6371271319060519,"8":0.2753423390888026,"6":0.46115837600231946,"1":1.0}