{"2":0.6776746769490558,"11":0.11907566778821121,"39":0.02438092966795553,"25":0.048667998424708765,"42":0.02437915433320542,"29":0.04174816414481674,"8":0.14874230719740283,"20":0.05264689236800745,"14":0.06658045087849396,"31":0.0374365168509982,"33":0.033226558617396075,"18":0.05309965060940814,"26":0.0462936450757008,"35":0.029037589187574906,"17":0.053105882316591906,"4":0.5456198875841006,"37":0.027703153763893738,"13":0.11205637428043655,"30":0.03862944188637585,"1":1.0,"32":0.035241305296320524,"40":0.024379301843112596,"7":0.2044567470409064,"9":0.1417272109616067,"43":0.02437915433320542,"34":0.029920482821033413,"3":0.6211433021216339,"38":0.02534357167428414,"36":0.02873822518852239,"12":0.11658492611576236,"16":0.05384119712115877,"21":0.052646243473453994,"10":0.13293718034199328,"19":0.05270514585854577,"22":0.052076405307058586,"6":0.38795226914434516,"24":0.05128692767045006,"28":0.04223248463964912,"5":0.42637965639890113,"23":0.052059767254416855,"27":0.04364099711184103,"41":0.02437920343570033,"15":0.05803996537653187}