{"4":0.8809675976716951,"2":0.8874783151414462,"3":0.8820984082228462,"5":0.8802457988395169,"6":0.8802457988395169,"1":1.0}