{"7":0.3932445413617995,"4":0.7102864485821405,"9":0.35739446773251116,"2":0.7290479379576177,"3":0.7190007978252123,"5":0.6644474686000464,"8":0.35739446773251116,"6":0.4818222566835553,"1":1.0}