{"2":0.9716991111307657,"3":0.9716991111307657,"1":1.0}