{"2":0.061247126485722996,"11":3.825136843321745e-5,"7":8.78536432856184e-5,"9":4.296149135709233e-5,"10":3.858596831501242e-5,"8":6.819268966945714e-5,"6":9.525560187488169e-5,"4":0.00029618450115009566,"3":0.004873904201868258,"5":0.00012825299754917041,"12":3.825136843321745e-5,"1":1.0}