{"18":0.1861066250789636,"2":0.6806242483311185,"16":0.19577298937311408,"11":0.20407203579237387,"21":0.18055378632457003,"7":0.251213944407858,"9":0.21582059979694604,"10":0.20560803749068673,"19":0.18055812668109375,"17":0.18891637453275487,"8":0.22154697394143327,"6":0.3607583453091168,"4":0.4587713152176448,"3":0.6172673424209596,"5":0.4150190789295842,"20":0.18055378632457003,"13":0.20278474571887845,"14":0.2010658817426945,"15":0.19908505276556235,"12":0.20406894370448236,"1":1.0}