{"4":0.6749335544183237,"2":0.7101820615948488,"3":0.6809542875328719,"5":0.674922432761216,"6":0.674922432761216,"1":1.0}