{"4":0.7016176843255019,"2":0.8121276793259217,"3":0.7016176843255019,"1":1.0}