{"18":0.18060877046649138,"2":0.6806242483311185,"16":0.19082826920995277,"11":0.23197167845982208,"21":0.1742411852083047,"7":0.330612286153704,"9":0.30789212716497805,"10":0.2987707448239853,"19":0.17930865399479695,"17":0.1862148475947082,"8":0.31347509061714496,"22":0.1742411852083047,"6":0.34465216068361615,"4":0.5643476563152818,"3":0.6360878662706463,"5":0.403301382941569,"20":0.17791588682845388,"13":0.21630740197095738,"14":0.2049181160924859,"15":0.19735253460139102,"12":0.21788768384890678,"1":1.0}