{"4":0.6752492815755791,"2":0.7099133740047735,"3":0.6803717260773176,"5":0.6752492815755791,"1":1.0}