{"2":0.6641407650548434,"11":0.35771515979136165,"7":0.3610689525662943,"9":0.3583297531280543,"10":0.3577154499809639,"8":0.358465573596865,"6":0.37914993156212334,"4":0.5076897776660034,"3":0.5761584698463236,"5":0.41361178894045214,"13":0.3575918199015781,"12":0.3575918199015781,"1":1.0}