{"2":0.9987989376054109,"3":0.9987989376054109,"1":1.0}