{"18":0.028590415591608926,"2":0.6773502240970289,"16":0.04690519533092642,"11":0.12287782975889279,"21":0.02208106335939048,"7":0.25158357495115025,"9":0.14681359095091162,"25":0.018811588944418416,"10":0.12979279550091175,"19":0.02537946324010716,"17":0.03240461802826569,"8":0.1820039634780994,"22":0.018812855825812953,"6":0.273854356434527,"24":0.018811588944418416,"4":0.5449878167166545,"3":0.612589760526393,"5":0.42951283870958856,"20":0.024051998353587418,"23":0.01881201013307799,"13":0.08429282086010258,"14":0.05948349689198311,"15":0.05418516333812817,"12":0.10589886165284086,"1":1.0}