{"2":0.022760663690098774,"11":0.0005804158615179237,"7":0.0005835590684035877,"9":0.0005803368605780182,"10":0.0005803445847180999,"8":0.0005838181056480107,"6":0.024841275535286395,"4":0.024182953931699183,"3":0.023948754127997827,"5":0.024709721606493967,"13":0.0005804165117862316,"14":0.0005804165117862316,"12":0.0005804162975778926,"1":0.0541905094823331}