{"7":0.016021465673567995,"4":0.016162660332963128,"9":0.016022416258576803,"2":0.025338414055661528,"3":0.017716953837171364,"5":0.016033940010682122,"8":0.01601847059453538,"6":0.016025499996570117,"1":0.0541905094823331}