{"4":0.024428572563636616,"2":0.022760663690098774,"3":0.024412781360337272,"5":0.024428572563636616,"1":0.0541905094823331}