{"2":0.05223527493885258,"3":0.05223527493885258,"1":0.0541905094823331}