{"2":0.02557033812196839,"11":0.016014631801137616,"7":0.016058166804753388,"9":0.016024794802754178,"10":0.016017229634366015,"8":0.01602932380290966,"6":0.01605918501628948,"4":0.016687337143076245,"3":0.017752150491868637,"5":0.016303444178404295,"13":0.016012860866119395,"12":0.01601307857883879,"1":0.0541905094823331}