{"18":0.013606835378843768,"2":0.019048619195757403,"16":0.011517925472063192,"11":0.010008175316688283,"21":0.01448835283813114,"7":0.009306924378273724,"9":0.004204593526434181,"25":0.014493953431067446,"10":0.007447276096042814,"19":0.014742699937297238,"17":0.016583636718817397,"8":0.017196436256217126,"22":0.014493808403371722,"6":0.005994526692968947,"24":0.014493953431067446,"4":0.01964726099167658,"3":0.01960046551824301,"5":0.017398211447418852,"20":0.017199745552353048,"23":0.014494091120889674,"13":0.004530101539089225,"14":0.011556480645472912,"15":0.014217818312875026,"12":0.015053959170305595,"1":0.0351694123527997}