{"4":0.02390303374162036,"2":0.022760663690098774,"3":0.02390155645963543,"5":0.023903330319429525,"6":0.023903330319429525,"1":0.0541905094823331}