{"18":0.013089825145398777,"2":0.019048619195757403,"16":0.014439182769057765,"11":0.014270299191702219,"21":0.013113783110342274,"7":0.018368930616063154,"9":0.013804027636287844,"10":0.013946929705605066,"19":0.013112541431319525,"17":0.017079811546469745,"8":0.013789279340012933,"6":0.014803393306539972,"4":0.01802099808158074,"3":0.01967055970520975,"5":0.015449450736642258,"20":0.013113783110342274,"13":0.014268721111083835,"14":0.014247761260871185,"15":0.01427478460941175,"12":0.014270286884270253,"1":0.0351694123527997}