{"4":0.01645833607801055,"2":0.025549524514124382,"3":0.01796379739622981,"5":0.016455871886595606,"1":0.0541905094823331}