{"4":0.04012173656968121,"2":0.0384967436030342,"3":0.03859197310427118,"5":0.04012166031782006,"6":0.04012166031782006,"1":0.0541905094823331}