{"4":0.02345994399464836,"2":0.022751039176891752,"3":0.02343333600312253,"5":0.023563002934266677,"6":0.023563002934266677,"1":0.0541905094823331}