{"18":0.014994013484211357,"2":0.019048619195757403,"16":0.014993071457928843,"11":0.012048363430637964,"7":0.012864640908125951,"9":0.010693018911595506,"10":0.011931391909962553,"19":0.01499358799230595,"17":0.014994080649769046,"8":0.010423358619896106,"6":0.010622019660677644,"4":0.01964840774052177,"3":0.01960109976583499,"5":0.015919781040476172,"20":0.01499358799230595,"13":0.015089690193266203,"14":0.015002056588933955,"15":0.014993100783520388,"12":0.01461919018472738,"1":0.0351694123527997}