{"2":0.02557160924637112,"11":0.016027254099211335,"7":0.016062197714662458,"9":0.016050377229377574,"10":0.016048168505533523,"8":0.016053984476405617,"6":0.016118853884149496,"4":0.016355252574597155,"3":0.017546144703289857,"5":0.01620275872627743,"13":0.016017912861172618,"14":0.016017384081838157,"15":0.016017025953346094,"12":0.016022437504194856,"1":0.0541905094823331}