{"4":0.0005831110352962933,"2":0.0005742173872585648,"3":0.0005831110352962933,"1":0.0541905094823331}