{"7":0.0005999431656380432,"4":0.024173665550602717,"9":0.01034496545488813,"2":0.022664257078738953,"3":0.02396740447872081,"5":0.026867561510047374,"8":0.01034496545488813,"6":0.028777451812534344,"1":0.0541905094823331}