{"2":0.019048619195757403,"11":0.01352285618780594,"39":0.016518099091411706,"25":0.017450167810246973,"42":0.01651686974846657,"29":0.0165507058833758,"8":0.008997525845730617,"20":0.01553079931788943,"14":0.01635909948903015,"31":0.013627715844945983,"33":0.015886403339850395,"18":0.015512095804174831,"26":0.017183157690067445,"35":0.015491184836145784,"17":0.015510991861275743,"4":0.019538437542623483,"37":0.015962372716878767,"13":0.012905595819738358,"30":0.017051908183621654,"1":0.0351694123527997,"32":0.016385749417749187,"40":0.016516186309117515,"7":0.011360960808488384,"9":0.009665935423211402,"43":0.01651686974846657,"34":0.015119393253411063,"3":0.019607439856089277,"38":0.016710457917411,"36":0.01632215541506168,"12":0.013522982272390334,"16":0.015506523197770435,"21":0.01553089988010878,"10":0.013005787342342007,"19":0.015529493105195712,"22":0.015537331774107039,"6":0.01663133666160703,"24":0.015784332500831173,"28":0.016559749592259754,"5":0.016475733996792526,"23":0.015642789908180327,"27":0.016462748702174925,"41":0.016517360736228344,"15":0.014634096386049093}