{"2":0.05394633700794429,"3":0.05394633700794429,"1":0.0541905094823331}