{"18":0.01332172234970434,"2":0.019048619195757403,"16":0.01316207347838252,"11":0.008132120984488346,"21":0.013689005225065363,"7":0.011011204124642881,"9":0.012009774659837545,"10":0.014276054831239225,"19":0.013688529814027057,"17":0.01268251550303402,"8":0.011730716580945214,"6":0.009865039353150515,"4":0.019647133551854306,"3":0.01960039517772312,"5":0.017398004359286817,"20":0.013689005225065363,"13":0.010306745885456891,"14":0.01134491557528972,"15":0.01284125164805237,"12":0.010300096378012241,"1":0.0351694123527997}