{"4":0.027128114248687156,"2":0.02712373872889831,"3":0.027128114248687156,"1":0.0351694123527997}