{"4":0.002424286114526431,"2":0.0006798831193986746,"3":0.000684417040049869,"5":0.002424286114526431,"1":0.05429062871720382}