{"4":0.0005891539410579467,"2":0.0005837363190979922,"3":0.0005891539410579467,"1":0.0541905094823331}