{"2":0.00055090851184935,"3":0.00055090851184935,"1":0.0541905094823331}