{"2":0.02323360916637378,"11":0.016084627325116993,"7":0.016131368273407526,"9":0.016087494028116593,"10":0.016084511173773252,"8":0.016109867405965952,"6":0.0161417182559504,"4":0.016217497689942715,"3":0.016921265980042805,"5":0.01616393956178751,"12":0.016084627325116993,"1":0.0541905094823331}