{"18":0.01708042215250417,"2":0.019048619199146216,"16":0.014371364216861573,"11":0.015204738037096259,"21":0.015071902017452477,"7":0.011280267803407414,"9":0.014790526492645653,"10":0.014909878671228168,"19":0.017035325925377418,"17":0.01867360153784712,"8":0.01436338096995383,"22":0.015071902017452477,"6":0.009785473858533175,"4":0.021727533357523792,"3":0.019742213272974353,"5":0.020159614031597804,"20":0.01689735322990367,"13":0.017658741427227523,"14":0.010966366772576784,"15":0.015549663468087107,"12":0.01796144100506379,"1":0.03516941235514544}