{"7":0.0005898973881524872,"4":0.024103703489217854,"9":0.007070201593714565,"2":0.022760663690098774,"3":0.023835093779989026,"5":0.02720531734567979,"8":0.007070201593714565,"6":0.029793266835148692,"1":0.0541905094823331}