{"2":0.022760663690098774,"11":0.0005777276273442778,"7":0.0005828685086009166,"9":0.0005810831410919121,"10":0.0005838697838351545,"8":0.0005828683132962173,"6":0.026390287868947693,"4":0.024053549021698133,"3":0.023896355735340633,"5":0.024306423263030313,"13":0.0005889155582981145,"14":0.0005889238152192934,"15":0.0005889238152192934,"12":0.0005890881354692618,"1":0.0541905094823331}