{"2":0.03416419240798072,"3":0.03416419240798072,"1":0.0351694123527997}