{"4":0.024054137937423902,"2":0.022760663690098774,"3":0.023896828626938264,"5":0.024054137937423902,"1":0.0541905094823331}