{"4":0.016355113060043537,"2":0.025571550454274842,"3":0.01754634962162329,"5":0.015996322789581116,"6":0.015997435428843,"1":0.0541905094823331}