{"2":0.019048619195757403,"11":0.0164773008977689,"7":0.016422694800774875,"9":0.01646859857786287,"10":0.016477311153868534,"8":0.016424516672558204,"6":0.020144204581657606,"4":0.019573006377946463,"3":0.020274830268651206,"5":0.01957312259829388,"12":0.0164773008977689,"1":0.0351694123527997}