{"0":{"(15,19)":19103.599999999984,"(20,21)":6332.2000000000035,"(22,20)":7031.600000000003,"(23,22)":9628.799999999992,"(10,11)":17740.800000000003,"(8,9)":6899.800000000004,"(13,12)":12497.399999999996,"(24,21)":10263.599999999993,"(3,1)":8146.800000000003,"(19,17)":9941.200000000015,"(4,5)":18094.199999999983,"(17,16)":11674.19999999999,"(20,22)":7030.7999999999965,"(22,21)":8619.800000000001,"(18,16)":15488.800000000001,"(6,5)":8801.599999999991,"(16,17)":11682.599999999999,"(22,15)":18382.600000000024,"(1,2)":4541.599999999999,"(22,23)":9678.40000000001,"(19,20)":8686.000000000007,"(9,8)":6852.800000000003,"(11,12)":8372.400000000001,"(3,4)":14121.400000000007,"(8,16)":8389.400000000003,"(2,6)":5983.600000000005,"(11,4)":5339.199999999998,"(17,10)":8110.799999999999,"(4,11)":5245.799999999995,"(5,4)":18134.399999999994,"(2,1)":4559.800000000001,"(5,9)":15833.800000000005,"(7,8)":12137.199999999993,"(21,24)":10308.000000000005,"(19,15)":19139.200000000026,"(10,9)":21860.599999999977,"(24,23)":7883.000000000003,"(11,14)":9785.999999999998,"(14,15)":9050.600000000002,"(10,17)":8118.600000000005,"(20,18)":19075.200000000004,"(14,23)":8398.800000000005,"(13,24)":11124.199999999995,"(21,20)":6270.399999999997,"(6,8)":12510.8,"(10,16)":11048.599999999999,"(12,13)":12406.000000000002,"(24,13)":11115.600000000004,"(1,3)":8164.999999999998,"(21,22)":8637.200000000004,"(12,11)":8415.599999999997,"(9,10)":21780.799999999977,"(14,11)":9827.199999999999,"(15,14)":9089.20000000001,"(10,15)":23157.2,"(20,19)":8705.4,"(16,10)":11081.199999999995,"(17,19)":9957.399999999989,"(15,10)":23221.200000000004,"(16,8)":8405.600000000002,"(4,3)":14154.999999999995,"(5,6)":8788.200000000004,"(23,24)":7930.0,"(8,6)":12542.400000000003,"(12,3)":10135.200000000004,"(18,7)":15916.199999999995,"(11,10)":17631.799999999992,"(15,22)":18415.60000000001,"(6,2)":6001.800000000004,"(8,7)":12074.800000000001,"(23,14)":8401.399999999994,"(18,20)":19055.60000000002,"(16,18)":15431.600000000011,"(3,12)":10187.000000000002,"(7,18)":15853.800000000012,"(9,5)":15860.599999999999},"4":{"(15,19)":18659.592097206354,"(20,21)":6117.645078985466,"(22,20)":7012.507303053411,"(23,22)":9704.442348048915,"(10,11)":17817.07944417334,"(8,9)":6794.996482851697,"(13,12)":12348.130504390223,"(24,21)":10298.179282172103,"(3,1)":7991.478569013545,"(19,17)":10042.622663629729,"(4,5)":18411.766898863927,"(17,16)":11553.698060768802,"(20,22)":6644.3681819698095,"(22,21)":8529.449598398429,"(18,16)":16156.989145642994,"(6,5)":8857.390188039357,"(16,17)":11835.866146924316,"(22,15)":18357.942434477027,"(1,2)":4875.560782314702,"(22,23)":9673.083439883476,"(19,20)":8615.813820120838,"(9,8)":6439.327441135473,"(11,12)":8321.91098126906,"(3,4)":14117.706444395339,"(8,16)":8388.65193689503,"(2,6)":6052.4789740875385,"(11,4)":5203.605136744916,"(17,10)":8820.91504343837,"(4,11)":5297.488668838088,"(5,4)":18255.67357324936,"(2,1)":4436.068622528766,"(5,9)":16219.058301356392,"(7,8)":12321.879387967081,"(21,24)":10347.79225915883,"(19,15)":18752.12493907552,"(10,9)":21079.226505150746,"(24,23)":7953.40784685971,"(11,14)":9385.26015664641,"(14,15)":9260.142879936611,"(10,17)":8050.425104861915,"(20,18)":19590.136293489915,"(14,23)":8484.31404542283,"(13,24)":11023.494687507484,"(21,20)":6082.446554070361,"(6,8)":12294.368452497229,"(10,16)":10838.194859640513,"(12,13)":12243.784913855146,"(24,13)":11174.378871815192,"(1,3)":8060.88450955533,"(21,22)":8764.221689307653,"(12,11)":8545.69325572078,"(9,10)":21900.501970926023,"(14,11)":10007.46218965186,"(15,14)":8934.58619332774,"(10,15)":22466.27443929285,"(20,19)":8800.153116939588,"(16,10)":11114.09180699743,"(17,19)":9904.614208024475,"(15,10)":23353.593020056713,"(16,8)":8480.4716458833,"(4,3)":14432.649123791321,"(5,6)":8873.272010465555,"(23,24)":7996.139232806531,"(8,6)":12474.950826466018,"(12,3)":10126.041371256812,"(18,7)":15431.11236407918,"(11,10)":17682.3307211147,"(15,22)":18203.69212248393,"(6,2)":6033.241482074737,"(8,7)":12001.553898209699,"(23,14)":8167.606236871521,"(18,20)":19269.11964710416,"(16,18)":15702.17950722976,"(3,12)":10456.132335304132,"(7,18)":16170.749486937237,"(9,5)":16029.854488620234},"2":{"(15,19)":18661.85306637894,"(20,21)":6115.178475374787,"(22,20)":7021.189928439479,"(23,22)":9695.493898171873,"(10,11)":17816.99777585814,"(8,9)":6803.683103237428,"(13,12)":12351.615420350452,"(24,21)":10308.240323307762,"(3,1)":7999.823980714224,"(19,17)":10043.836494283678,"(4,5)":18457.625412139994,"(17,16)":11546.288916724776,"(20,22)":6642.81961344832,"(22,21)":8534.279132582387,"(18,16)":16168.964150846461,"(6,5)":8856.07481329132,"(16,17)":11839.6153312938,"(22,15)":18358.97194992591,"(1,2)":4886.717867211341,"(22,23)":9660.64207633565,"(19,20)":8618.043861306389,"(9,8)":6441.691903072221,"(11,12)":8316.67169454041,"(3,4)":14133.911665836416,"(8,16)":8395.691302139257,"(2,6)":6051.825733238743,"(11,4)":5211.527101800393,"(17,10)":8830.959858957924,"(4,11)":5282.117567668912,"(5,4)":18296.392113864586,"(2,1)":4441.313255320815,"(5,9)":16259.276288953439,"(7,8)":12329.904147874297,"(21,24)":10356.272023351297,"(19,15)":18755.16509874885,"(10,9)":21072.913713966,"(24,23)":7946.603181063772,"(11,14)":9376.688468836153,"(14,15)":9261.057236719691,"(10,17)":8056.112433096942,"(20,18)":19617.96860148462,"(14,23)":8481.477975232187,"(13,24)":11027.729214342753,"(21,20)":6082.593291926472,"(6,8)":12285.868496269652,"(10,16)":10825.882876729996,"(12,13)":12250.523996969267,"(24,13)":11182.999313674898,"(1,3)":8070.236331355498,"(21,22)":8778.47309368282,"(12,11)":8552.630005419169,"(9,10)":21912.609084801086,"(14,11)":10019.491035315972,"(15,14)":8931.174153805936,"(10,15)":22452.115451747963,"(20,19)":8804.325735357696,"(16,10)":11114.655270227193,"(17,19)":9903.603393523312,"(15,10)":23354.27776450122,"(16,8)":8479.785719644886,"(4,3)":14479.102012806496,"(5,6)":8867.370307481098,"(23,24)":7991.832548586336,"(8,6)":12474.887403197974,"(12,3)":10127.395766303878,"(18,7)":15443.15475493056,"(11,10)":17671.193231102254,"(15,22)":18193.2944771805,"(6,2)":6034.789032166054,"(8,7)":11996.03219015905,"(23,14)":8169.976550678818,"(18,20)":19276.296935599545,"(16,18)":15688.680933311502,"(3,12)":10487.319176121446,"(7,18)":16195.74758472364,"(9,5)":16057.808706584827},"3":{"(15,19)":18656.74137177981,"(20,21)":6116.203232755459,"(22,20)":7014.638397410057,"(23,22)":9697.09052184235,"(10,11)":17815.90674411765,"(8,9)":6791.294986976811,"(13,12)":12348.215014492285,"(24,21)":10308.012778861901,"(3,1)":7990.804502302492,"(19,17)":10041.583622023043,"(4,5)":18412.075723227892,"(17,16)":11547.245298287762,"(20,22)":6643.897418256356,"(22,21)":8531.469549413994,"(18,16)":16168.827945514078,"(6,5)":8866.546747363418,"(16,17)":11830.52131622077,"(22,15)":18356.24384561934,"(1,2)":4875.754339459206,"(22,23)":9661.293401177858,"(19,20)":8616.457726557559,"(9,8)":6438.099422567766,"(11,12)":8318.307576506602,"(3,4)":14114.744512700137,"(8,16)":8384.258971793379,"(2,6)":6053.565035330202,"(11,4)":5205.009915986517,"(17,10)":8823.072270117718,"(4,11)":5296.7020778938595,"(5,4)":18264.096211724704,"(2,1)":4431.726198595261,"(5,9)":16221.386680301255,"(7,8)":12330.43592823526,"(21,24)":10349.531904822217,"(19,15)":18751.171258500435,"(10,9)":21077.877393438182,"(24,23)":7943.826461542884,"(11,14)":9388.120253130977,"(14,15)":9254.133987649786,"(10,17)":8051.563474768627,"(20,18)":19601.39524552833,"(14,23)":8493.029942311854,"(13,24)":11023.72920846838,"(21,20)":6084.048125415476,"(6,8)":12291.350149343918,"(10,16)":10838.12589817785,"(12,13)":12244.39694478646,"(24,13)":11174.891753334712,"(1,3)":8057.242887882965,"(21,22)":8773.897771888158,"(12,11)":8551.08110619315,"(9,10)":21898.095146872063,"(14,11)":10016.879885645923,"(15,14)":8939.542281555576,"(10,15)":22455.97720266213,"(20,19)":8804.859595970614,"(16,10)":11113.666929268793,"(17,19)":9901.26051236131,"(15,10)":23345.277350079603,"(16,8)":8474.218490264215,"(4,3)":14442.480903710974,