{"0":[4541.599999999999,8164.999999999998,4559.800000000001,5983.600000000005,8146.800000000003,14121.400000000007,10187.000000000002,14154.999999999995,18094.199999999983,5245.799999999995,18134.399999999994,8788.200000000004,15833.800000000005,6001.800000000004,8801.599999999991,12510.8,12137.199999999993,15853.800000000012,12542.400000000003,12074.800000000001,6899.800000000004,8389.400000000003,15860.599999999999,6852.800000000003,21780.799999999977,21860.599999999977,17740.800000000003,23157.2,11048.599999999999,8118.600000000005,5339.199999999998,17631.799999999992,8372.400000000001,9785.999999999998,10135.200000000004,8415.599999999997,12406.000000000002,12497.399999999996,11124.199999999995,9827.199999999999,9050.600000000002,8398.800000000005,23221.200000000004,9089.20000000001,19103.599999999984,18415.60000000001,8405.600000000002,11081.199999999995,11682.599999999999,15431.600000000011,8110.799999999999,11674.19999999999,9957.399999999989,15916.199999999995,15488.800000000001,19055.60000000002,19139.200000000026,9941.200000000015,8686.000000000007,19075.200000000004,8705.4,6332.2000000000035,7030.7999999999965,6270.399999999997,8637.200000000004,10308.000000000005,18382.600000000024,7031.600000000003,8619.800000000001,9678.40000000001,8401.399999999994,9628.799999999992,7930.0,11115.600000000004,10263.599999999993,7883.000000000003],"2":[4758.195313864997,8015.222173941749,4349.499682870518,6065.71545369211,7678.699112951867,14046.925135265823,10490.442998986264,14284.41618644088,18531.76293048456,5232.8314553584405,18005.624594125376,8885.623181511852,16350.823858185087,5985.164139287241,8853.521649967335,12288.637749523787,12166.227144804432,16443.691705494202,12335.42480985917,12018.523366777288,6728.52369473768,8400.869506137074,15733.386185624771,6361.206556096673,21955.687105057783,20682.583603748328,17753.499167070404,22367.57015340651,10799.583712058322,8090.759035557252,5214.535737802259,17662.617686378042,8192.325000607052,9320.333214536613,9825.617136161118,8600.691878647815,12134.301590213601,12087.614199017742,11031.71270318894,9981.695516162628,9274.075908951672,8471.3787106018,23150.80566762168,8882.135173231289,18724.56679092696,18139.70189787795,8422.698264485507,11083.018563537147,11867.157206271488,15595.647424093391,8785.562067027771,11522.42641338369,9908.844560079442,15335.04487325101,16140.963737878044,19427.227340922906,18740.987107471025,10041.739024147151,8589.423062198894,19572.34762643091,8839.608773490418,6101.625940155911,6667.869727050537,6038.586938778582,8801.612069881885,10300.807182107534,18342.872963402653,7052.1724449860885,8514.449639481145,9612.172273770897,8154.98454527812,9706.523090465973,7962.378605375879,11061.119251279832,10311.326003533235,7956.984500645398],"3":[4758.195313864997,8015.222173941749,4349.499682870518,6065.71545369211,7678.699112951867,14046.925135265823,10490.442998986264,14284.41618644088,18531.76293048456,5232.8314553584405,18005.624594125376,8885.623181511852,16350.823858185087,5985.164139287241,8853.521649967335,12288.637749523787,12166.227144804432,16443.691705494202,12335.42480985917,12018.523366777288,6728.52369473768,8400.869506137074,15733.386185624771,6361.206556096673,21955.687105057783,20682.583603748328,17753.499167070404,22367.57015340651,10799.583712058322,8090.759035557252,5214.535737802259,17662.617686378042,8192.325000607052,9320.333214536613,9825.617136161118,8600.691878647815,12134.301590213601,12087.614199017742,11031.71270318894,9981.695516162628,9274.075908951672,8471.3787106018,23150.80566762168,8882.135173231289,18724.56679092696,18139.70189787795,8422.698264485507,11083.018563537147,11867.157206271488,15595.647424093391,8785.562067027771,11522.42641338369,9908.844560079442,15335.04487325101,16140.963737878044,19427.227340922906,18740.987107471025,10041.739024147151,8589.423062198894,19572.34762643091,8839.608773490418,6101.625940155911,6667.869727050537,6038.586938778582,8801.612069881885,10300.807182107534,18342.872963402653,7052.1724449860885,8514.449639481145,9612.172273770897,8154.98454527812,9706.523090465973,7962.378605375879,11061.119251279832,10311.326003533235,7956.984500645398],"1":[4756.609943745856,8016.358133009314,4348.248867852692,6074.006002474212,7664.207068287936,14025.377902643897,10489.989742734744,14265.826933720418,18520.126563941845,5225.722025055258,17976.41071099311,8871.002934759099,16357.389573836372,5987.107670222121,8850.97148625202,12280.014436580834,12148.262027550845,16474.3963993828,12328.663815712694,12029.863643141407,6719.891134175007,8392.491448150511,15705.512895684875,6365.714120342866,21952.511921888137,20657.302066342618,17760.15783908449,22361.3868784381,10795.22404057302,8093.131067195897,5214.301071058333,17666.770404800696,8185.590475365658,9317.134678943272,9796.811827046362,8610.516926301303,12128.585641733145,12069.086775320171,11033.43549513914,9971.889583637729,9279.337533302361,8462.320593629773,23143.436494475663,8866.444803291464,18731.129184929552,18142.303905293324,8424.912598722385,11083.96757137929,11871.108977634722,15586.334518404536,8783.14574751134,11519.955135130562,9908.508958795866,15325.118452004437,16159.390414630207,19441.978125934933,18736.792950425588,10038.466031159904,8585.965380063933,19580.50484713701,8832.332761254338,6101.679557273204,6669.5987846343905,6035.205439576773,8805.690674344272,10291.433357585878,18343.532717951035,7054.13313302551,8507.04580492608,9619.854923806695,8154.570350416883,9704.948776968635,7964.838961918344,11051.49158556861,10313.06855971646,7957.847083012421]}