{"0":[4541.599999999999,8164.999999999998,4559.800000000001,5983.600000000005,8146.800000000003,14121.400000000007,10187.000000000002,14154.999999999995,18094.199999999983,5245.799999999995,18134.399999999994,8788.200000000004,15833.800000000005,6001.800000000004,8801.599999999991,12510.8,12137.199999999993,15853.800000000012,12542.400000000003,12074.800000000001,6899.800000000004,8389.400000000003,15860.599999999999,6852.800000000003,21780.799999999977,21860.599999999977,17740.800000000003,23157.2,11048.599999999999,8118.600000000005,5339.199999999998,17631.799999999992,8372.400000000001,9785.999999999998,10135.200000000004,8415.599999999997,12406.000000000002,12497.399999999996,11124.199999999995,9827.199999999999,9050.600000000002,8398.800000000005,23221.200000000004,9089.20000000001,19103.599999999984,18415.60000000001,8405.600000000002,11081.199999999995,11682.599999999999,15431.600000000011,8110.799999999999,11674.19999999999,9957.399999999989,15916.199999999995,15488.800000000001,19055.60000000002,19139.200000000026,9941.200000000015,8686.000000000007,19075.200000000004,8705.4,6332.2000000000035,7030.7999999999965,6270.399999999997,8637.200000000004,10308.000000000005,18382.600000000024,7031.600000000003,8619.800000000001,9678.40000000001,8401.399999999994,9628.799999999992,7930.0,11115.600000000004,10263.599999999993,7883.000000000003],"4":[4837.2264221517935,8146.969659540998,4545.563950371641,6010.961340767055,8009.582438706002,14173.177353240275,10281.716938270052,14237.433235324668,18340.284674331568,5333.937419376784,18157.579459608944,8796.57647440557,16141.446431205386,5959.521493061765,8773.637775224042,12429.155181982034,12320.307866930803,16176.213376466783,12493.169778046014,12134.512596985736,6752.446831842207,8446.57712060788,15947.463279810481,6556.325270615263,22001.57497614467,21309.70387570523,17824.838901819192,22748.173808438634,10959.948433129191,7988.230086304102,5142.455503898605,17771.866038954064,8360.893433035952,9577.759078829511,10113.167519416587,8543.487571949205,12250.729414568761,12312.690441846406,11122.147134017097,9998.347234071982,9256.29213721148,8555.522836762459,23386.830836418016,8996.683798632184,18955.53824770289,18388.474821513195,8494.779604851474,11120.392023600585,11797.32769189547,15662.54866945904,8718.807311112085,11660.26081308871,9983.101169809832,15626.739909089949,15783.124717094335,19418.304059303588,18985.350153875173,10074.25855645574,8710.037747217551,19525.763624842064,8781.79886123875,6173.843704833878,6755.247923863346,6121.263907580401,8762.219260945818,10377.977878000911,18391.898845902295,6985.793516614797,8644.099745501775,9723.065721541758,8183.144744066899,9689.445511473343,7994.768855294803,11136.957704780896,10324.439481267706,7965.945256603131],"2":[5090.956719491194,8157.782382685044,4571.816003456979,6057.39790164009,8392.553600644042,14286.768695124987,10422.041143258644,14662.46729332829,18456.632014195216,5354.407414988568,18600.840757723086,8870.2931992555,16157.46644178699,6067.304290213491,8856.912818190325,12327.162225189182,12462.181213191823,15986.114875114305,12616.439312532297,12002.077521878016,6864.311180399054,8373.618003167274,16335.414376750945,6532.472723673071,21869.601570728548,21431.10311553925,17862.818810158304,22552.35720733182,10878.315776533835,8016.72746239597,5214.996817942487,17699.484560480483,8454.200104323038,9449.058999912608,10479.760917399146,8516.612773023084,12345.054820838348,12625.5770538378,11044.889504598828,10061.149239948232,9258.179480146951,8522.124414159842,23547.51398082105,8980.669521158017,18638.89980568447,18265.231647076558,8527.281859328195,11147.691499438984,11780.107449033514,15754.477152148802,8834.092060050367,11612.028712723211,9915.984078731715,15553.591425552511,16119.100538408818,19145.403001972285,18814.939766180494,10023.74472023249,8665.171292862338,19597.06603324558,8752.306976540345,6121.922424773446,6624.509788080189,6130.329838679527,8721.385790228722,10395.063632624797,18345.517772960124,6994.286403190513,8564.91072881161,9706.617529386036,8185.538662978404,9686.23613718778,8027.60706820515,11295.175430067706,10295.562290201911,7930.326501473172],"3":[4986.482682815153,8066.8030620127,4482.397765023784,6052.559810139608,8271.90927553333,14108.181406675885,10242.567484341149,14444.920217598,18268.804463733806,5341.861271331452,18377.71324130285,8918.363131624159,16018.459598864734,6057.121329037566,8899.662250641008,12305.375308409462,12380.958510005215,15730.658266463111,12577.534911683515,11787.774021519635,6739.913019039331,8406.639969986532,16162.791796323989,6360.650791990535,21915.738085116976,21395.641668550932,17881.174725639306,22584.68949777728,10928.689679308718,8023.709639928341,5194.261144536097,17742.150756020492,8517.14587678447,9502.753308787142,10292.415138107246,8602.299569465755,12256.652946837306,12542.455315272351,11067.121622707102,10098.753203956092,9259.87326578381,8530.380525181532,23518.703059352418,8996.34771758042,18792.740427363813,18361.37631420307,8458.345672473077,11169.960502046632,11830.086069462393,15381.933327213374,8807.786563367656,11682.1080114575,10076.267578102954,15446.016083654715,15590.027237693645,18820.3682809852,18947.142209836595,10176.865699582972,8706.124943285346,19262.575439475288,8775.903002473293,6072.552263336097,6625.9668103751765,6079.784308801266,8800.839735673839,10421.37512082077,18423.379985196945,6979.436186467335,8649.125983793103,9754.939323168515,8177.452275236445,9718.690765769645,8044.417631008064,11321.259584997935,10328.794911013392,7927.425406479095],"5":[4836.962961938552,8152.49670129882,4550.446012389096,6030.07114755289,8009.963958233116,14213.749797664592,10332.097039079461,14272.799907822835,18375.645074082837,5333.0937972760485,18193.78348349176,8801.865363679666,16193.619451684766,5983.77682207831,8782.591320217078,12435.342124037066,12384.063847911979,16306.82187758749,12508.166898050691,12194.108088971781,6794.865320953182,8445.703396431187,15996.81526870243,6613.311264979148,21999.667184020367,21319.542557246423,17790.09316766587,22766.39070234811,10938.734093075003,7982.90655809353,5135.562485740232,17761.982902974472,8321.598955714473,9549.938760679777,10163.607869921454,8509.13380350572,12271.760508102216,12338.72249395327,11100.937781532515,9984.399409160362,9240.177370412188,8543.447115860015,23380.626419193264,8994.844730138706,18887.847847034478,18340.44259075011,8483.988064376395,11105.94304348955,11759.287128110853,15878.249778288546,8718.02360958436,11618.71436764846,9923.567837137023,15761.508899205779,15999.179251224194,19552.897096988538,18908.848557129724,10015.759168810166,8678.691364652123,19664.87057682251,8742.675227623542,6211.559304694954,6748.159567048309,6155.097802429053,8708.136715323037,10366.450105388012,18342.53219838782,6979.323528057888,8587.208012566358,9715.182750279448,8170.665818096761,9678.03730440509,7979.847144748957,11120.749310869725,10311.839190955037,7947.095105183639],