{"0":[4541.599999999999,8164.999999999998,4559.800000000001,5983.600000000005,8146.800000000003,14121.400000000007,10187.000000000002,14154.999999999995,18094.199999999983,5245.799999999995,18134.399999999994,8788.200000000004,15833.800000000005,6001.800000000004,8801.599999999991,12510.8,12137.199999999993,15853.800000000012,12542.400000000003,12074.800000000001,6899.800000000004,8389.400000000003,15860.599999999999,6852.800000000003,21780.799999999977,21860.599999999977,17740.800000000003,23157.2,11048.599999999999,8118.600000000005,5339.199999999998,17631.799999999992,8372.400000000001,9785.999999999998,10135.200000000004,8415.599999999997,12406.000000000002,12497.399999999996,11124.199999999995,9827.199999999999,9050.600000000002,8398.800000000005,23221.200000000004,9089.20000000001,19103.599999999984,18415.60000000001,8405.600000000002,11081.199999999995,11682.599999999999,15431.600000000011,8110.799999999999,11674.19999999999,9957.399999999989,15916.199999999995,15488.800000000001,19055.60000000002,19139.200000000026,9941.200000000015,8686.000000000007,19075.200000000004,8705.4,6332.2000000000035,7030.7999999999965,6270.399999999997,8637.200000000004,10308.000000000005,18382.600000000024,7031.600000000003,8619.800000000001,9678.40000000001,8401.399999999994,9628.799999999992,7930.0,11115.600000000004,10263.599999999993,7883.000000000003],"4":[4529.451723565986,8158.792819308457,4555.047680178013,5971.742737258095,8129.363794676055,14127.988169224096,10179.484448812907,14149.403428313706,18109.45079116804,5244.559364225612,18129.648295237763,8796.120329015459,15845.813662975692,5999.167202030918,8795.971178709904,12503.079662062799,12130.17858175756,15860.232213375388,12531.254427706977,12062.525646953045,6906.527481960751,8393.27101837109,15865.532255174641,6848.669208079494,21793.97929807016,21853.744863980515,17746.92839797755,23155.222796407084,11049.823087753373,8116.893714574679,5341.206733825885,17630.437054608356,8379.807506370535,9789.403994070888,10128.240307758433,8422.44506642267,12403.859300959288,12495.820131996801,11122.883422800476,9832.60168037552,9050.33763387572,8405.522970447777,23221.11998457481,9100.162691860205,19110.163516888057,18401.89342289495,8410.441554641637,11071.238155472207,11676.807327171695,15421.120011064531,8121.857044352772,11664.317343248225,9946.545429271951,15921.300598197442,15471.603972344596,19071.530265618603,19140.735063011558,9937.761146082239,8680.88399241908,19087.33185175238,8703.113775431879,6333.829415460645,7028.259691619555,6269.7058639587885,8633.386489506596,10310.98650488305,18386.569430243944,7030.511286460843,8614.69538745691,9664.695379578803,8391.63706587896,9631.80074161895,7924.214882996874,11115.768816435777,10264.409466342651,7878.613516641193],"7":[4530.996243002868,8154.576897169387,4551.953129403553,5970.596137333225,8133.169024516097,14135.489277530321,10177.480276600842,14155.429563517346,18105.768653400813,5247.792597640923,18129.830545279146,8786.535131771518,15848.460465244189,5991.7930642127,8800.573189779829,12497.73810515089,12137.555819109299,15866.07701856197,12533.082922030306,12067.990870172871,6902.320522157122,8390.820445025312,15858.40347272857,6862.060825861812,21785.258861832757,21854.66685436128,17756.05766258113,23156.28021481759,11049.803497044064,8116.974619159417,5343.121953256275,17624.134459813296,8383.32011471327,9791.917356891183,10136.10267566561,8416.129565300653,12406.30789917899,12497.815441605722,11123.728810923223,9823.219624196672,9062.169927455947,8395.493356372408,23229.892803780516,9087.670129387237,19102.154549884537,18411.75235748026,8396.714847495276,11078.634568112619,11675.337535739438,15432.154272088406,8117.8537637695845,11660.60670213638,9948.753059444578,15934.817231097548,15481.534124814896,19069.12646049409,19133.74689163101,9934.726433462973,8682.780916717535,19087.772789920964,8700.379370990122,6336.641370763372,7033.151035309864,6272.233232424904,8631.301358033146,10317.523671833806,18379.194224698927,7033.806277389042,8621.44635322743,9669.193208332303,8400.380765157925,9627.294700676965,7918.887845850485,11115.358013909316,10262.828913549874,7882.036719278138],"9":[4532.373783436174,8153.352144597195,4550.7343935479585,5978.002525122023,8134.609614064154,14128.660043643402,10178.850932047022,14152.036547934651,18098.89710492892,5247.792641395224,18126.465739999407,8793.913764639214,15840.207993360782,5996.5685717803835,8804.180426492736,12506.551887885704,12132.296989583607,15871.801510381749,12535.475635984369,12074.591249412706,6899.56030520076,8382.79059251527,15857.439324576218,6851.880028279044,21787.26738674865,21856.579267557547,17752.24691684995,23157.18313608837,11049.089568420917,8116.9769346413705,5343.133103668794,17624.40906868263,8382.729317530808,9793.72671001225,10136.71196900134,8415.942855339514,12407.127156833185,12498.270911382555,11123.313686528221,9828.617200374469,9061.714754213759,8402.676854148222,23228.452414977037,9095.287670401445,19103.95966653454,18405.794239226634,8401.562339888027,11075.857192060701,11679.093048362245,15422.127183552717,8117.788410207561,11665.205917139105,9950.535347136645,15928.80126375187,15481.487810631183,19064.326511325267,19138.958510198154,9937.307451868168,8679.181927310485,19081.137509061078,8700.979284614195,6334.659602829826,7033.185312771085,6272.653950289584,8628.059260175227,10314.531929794279,18375.56844732,7033.8022996847485,8620.470132271332,9666.997241941322,8403.212374364624,9629.678112009766,7921.079270570745,11114.564358712374,10259.995964435238,7884.43280768174],"2":[4499.6628580431925,8042.840887374362,4423.992637913953,6010.169680165659,7931.243937964158,14041.743268009772,10206.085562268257,14111.666731177944,18167.54113870546,5236.397268557321,18050.220124363543,8867.78456709064,15973.922256979431,6015.199855448452,8867.930309228608,12422.737692761311,12128.13312195078,15986.8334629015,12467.044036154659,12042.473779073334,6861.753594144186,8392.500049438693,15825.149636953092,6749.020171405358,21816.069982083474,21557.914532147348,17763.835545808142,22950.14234767778,10990.667351195381,8104.60446587668,5302.603488182248,17645.970909402855,8337.266889056804,9682.000267760175,10000.708506870156,8470.98323458659,12323.2463697143,12378.74124106614,11110.100820667732,9865.573958115869,9123.640519367815,8418.700169325875,23206.131298257806,9038.220022616582,19022.52656162959,18343.21440021091,8402.10480541429,11080.59757365384,11738.27999885606,15422.03462590686,8277.540662345635,11642.522377566127,9946.615395715713,15758.67858750648,15592.01449396148,19121.352746496486,19055.975202181653,9970.888714637422,8664.252459559262,19164.984642633135,8748.346141363389,6284.734431896658,6940.040171269724,6221.287886054376,8681.344259029898,10315.556009611091,18363.746697759067,7038.610780675978,8605.38556043349,9653.41769288661,8346.439903482646,9645.876326561738,7938.293315137406,11109.564269923058,10275.368557395288,7912.2215475004405],