{"0":{"(15,19)":19103.599999999984,"(20,21)":6332.2000000000035,"(22,20)":7031.600000000003,"(23,22)":9628.799999999992,"(10,11)":17740.800000000003,"(8,9)":6899.800000000004,"(13,12)":12497.399999999996,"(24,21)":10263.599999999993,"(3,1)":8146.800000000003,"(19,17)":9941.200000000015,"(4,5)":18094.199999999983,"(17,16)":11674.19999999999,"(20,22)":7030.7999999999965,"(22,21)":8619.800000000001,"(18,16)":15488.800000000001,"(6,5)":8801.599999999991,"(16,17)":11682.599999999999,"(22,15)":18382.600000000024,"(1,2)":4541.599999999999,"(22,23)":9678.40000000001,"(19,20)":8686.000000000007,"(9,8)":6852.800000000003,"(11,12)":8372.400000000001,"(3,4)":14121.400000000007,"(8,16)":8389.400000000003,"(2,6)":5983.600000000005,"(11,4)":5339.199999999998,"(17,10)":8110.799999999999,"(4,11)":5245.799999999995,"(5,4)":18134.399999999994,"(2,1)":4559.800000000001,"(5,9)":15833.800000000005,"(7,8)":12137.199999999993,"(21,24)":10308.000000000005,"(19,15)":19139.200000000026,"(10,9)":21860.599999999977,"(24,23)":7883.000000000003,"(11,14)":9785.999999999998,"(14,15)":9050.600000000002,"(10,17)":8118.600000000005,"(20,18)":19075.200000000004,"(14,23)":8398.800000000005,"(13,24)":11124.199999999995,"(21,20)":6270.399999999997,"(6,8)":12510.8,"(10,16)":11048.599999999999,"(12,13)":12406.000000000002,"(24,13)":11115.600000000004,"(1,3)":8164.999999999998,"(21,22)":8637.200000000004,"(12,11)":8415.599999999997,"(9,10)":21780.799999999977,"(14,11)":9827.199999999999,"(15,14)":9089.20000000001,"(10,15)":23157.2,"(20,19)":8705.4,"(16,10)":11081.199999999995,"(17,19)":9957.399999999989,"(15,10)":23221.200000000004,"(16,8)":8405.600000000002,"(4,3)":14154.999999999995,"(5,6)":8788.200000000004,"(23,24)":7930.0,"(8,6)":12542.400000000003,"(12,3)":10135.200000000004,"(18,7)":15916.199999999995,"(11,10)":17631.799999999992,"(15,22)":18415.60000000001,"(6,2)":6001.800000000004,"(8,7)":12074.800000000001,"(23,14)":8401.399999999994,"(18,20)":19055.60000000002,"(16,18)":15431.600000000011,"(3,12)":10187.000000000002,"(7,18)":15853.800000000012,"(9,5)":15860.599999999999},"4":{"(15,19)":18660.243403605495,"(20,21)":6116.574250519097,"(22,20)":7011.7044524675475,"(23,22)":9694.272860454346,"(10,11)":17823.926988035542,"(8,9)":6799.897929216426,"(13,12)":12350.655426447147,"(24,21)":10305.89965700697,"(3,1)":7992.646287908456,"(19,17)":10037.041529755616,"(4,5)":18407.0036875858,"(17,16)":11548.294858036317,"(20,22)":6643.856620635766,"(22,21)":8540.619871443161,"(18,16)":16171.728733422182,"(6,5)":8854.797570007893,"(16,17)":11833.700003590957,"(22,15)":18358.87989195974,"(1,2)":4872.33633404506,"(22,23)":9660.303618628968,"(19,20)":8622.152995228767,"(9,8)":6452.737577085459,"(11,12)":8329.009115395298,"(3,4)":14116.916490650105,"(8,16)":8384.08079283242,"(2,6)":6051.723033276269,"(11,4)":5203.333427528237,"(17,10)":8821.527310098303,"(4,11)":5297.629047983055,"(5,4)":18251.768553646772,"(2,1)":4431.37857781737,"(5,9)":16223.923117711034,"(7,8)":12325.96555895843,"(21,24)":10357.18971011606,"(19,15)":18752.942897520137,"(10,9)":21086.323017104576,"(24,23)":7946.67932840361,"(11,14)":9391.06042883448,"(14,15)":9259.762466796743,"(10,17)":8049.445356166434,"(20,18)":19598.51846829105,"(14,23)":8488.538508968013,"(13,24)":11025.315321787042,"(21,20)":6083.1560446724225,"(6,8)":12285.108128135034,"(10,16)":10833.64327597452,"(12,13)":12244.38051995237,"(24,13)":11176.57956098906,"(1,3)":8055.146842549256,"(21,22)":8772.822921333733,"(12,11)":8543.158477074026,"(9,10)":21896.631523782547,"(14,11)":10015.752139622546,"(15,14)":8940.163277607346,"(10,15)":22463.004381133447,"(20,19)":8797.075846060352,"(16,10)":11117.41014500894,"(17,19)":9904.676232524505,"(15,10)":23349.891563180103,"(16,8)":8478.064612533393,"(4,3)":14427.147348542363,"(5,6)":8869.465846370424,"(23,24)":7987.868373587282,"(8,6)":12470.515053910387,"(12,3)":10130.196907460904,"(18,7)":15436.752905516154,"(11,10)":17684.004068433158,"(15,22)":18203.082979615123,"(6,2)":6033.349579996736,"(8,7)":12007.642784399559,"(23,14)":8170.207395796197,"(18,20)":19264.459446052646,"(16,18)":15705.41094270864,"(3,12)":10447.440989170333,"(7,18)":16173.075010079352,"(9,5)":16036.243018054252},"2":{"(15,19)":18661.85306637894,"(20,21)":6115.178475374787,"(22,20)":7021.189928439479,"(23,22)":9695.493898171873,"(10,11)":17816.99777585814,"(8,9)":6803.683103237428,"(13,12)":12351.615420350452,"(24,21)":10308.240323307762,"(3,1)":7999.823980714224,"(19,17)":10043.836494283678,"(4,5)":18457.625412139994,"(17,16)":11546.288916724776,"(20,22)":6642.81961344832,"(22,21)":8534.279132582387,"(18,16)":16168.964150846461,"(6,5)":8856.07481329132,"(16,17)":11839.6153312938,"(22,15)":18358.97194992591,"(1,2)":4886.717867211341,"(22,23)":9660.64207633565,"(19,20)":8618.043861306389,"(9,8)":6441.691903072221,"(11,12)":8316.67169454041,"(3,4)":14133.911665836416,"(8,16)":8395.691302139257,"(2,6)":6051.825733238743,"(11,4)":5211.527101800393,"(17,10)":8830.959858957924,"(4,11)":5282.117567668912,"(5,4)":18296.392113864586,"(2,1)":4441.313255320815,"(5,9)":16259.276288953439,"(7,8)":12329.904147874297,"(21,24)":10356.272023351297,"(19,15)":18755.16509874885,"(10,9)":21072.913713966,"(24,23)":7946.603181063772,"(11,14)":9376.688468836153,"(14,15)":9261.057236719691,"(10,17)":8056.112433096942,"(20,18)":19617.96860148462,"(14,23)":8481.477975232187,"(13,24)":11027.729214342753,"(21,20)":6082.593291926472,"(6,8)":12285.868496269652,"(10,16)":10825.882876729996,"(12,13)":12250.523996969267,"(24,13)":11182.999313674898,"(1,3)":8070.236331355498,"(21,22)":8778.47309368282,"(12,11)":8552.630005419169,"(9,10)":21912.609084801086,"(14,11)":10019.491035315972,"(15,14)":8931.174153805936,"(10,15)":22452.115451747963,"(20,19)":8804.325735357696,"(16,10)":11114.655270227193,"(17,19)":9903.603393523312,"(15,10)":23354.27776450122,"(16,8)":8479.785719644886,"(4,3)":14479.102012806496,"(5,6)":8867.370307481098,"(23,24)":7991.832548586336,"(8,6)":12474.887403197974,"(12,3)":10127.395766303878,"(18,7)":15443.15475493056,"(11,10)":17671.193231102254,"(15,22)":18193.2944771805,"(6,2)":6034.789032166054,"(8,7)":11996.03219015905,"(23,14)":8169.976550678818,"(18,20)":19276.296935599545,"(16,18)":15688.680933311502,"(3,12)":10487.319176121446,"(7,18)":16195.74758472364,"(9,5)":16057.808706584827},"3":{"(15,19)":18660.270030610835,"(20,21)":6115.696550626409,"(22,20)":7013.966284661245,"(23,22)":9703.824783705193,"(10,11)":17813.340475280464,"(8,9)":6799.251322749207,"(13,12)":12352.542841606271,"(24,21)":10296.880036344033,"(3,1)":7994.950451565583,"(19,17)":10044.00799628839,"(4,5)":18412.15967369287,"(17,16)":11551.983021356027,"(20,22)":6643.447242828033,"(22,21)":8538.085805308492,"(18,16)":16162.670128137119,"(6,5)":8855.526513075683,"(16,17)":11828.631109575399,"(22,15)":18353.558666790228,"(1,2)":4876.309308111627,"(22,23)":9661.87208127051,"(19,20)":8617.183467339817,"(9,8)":6443.177013557825,"(11,12)":8318.332039778523,"(3,4)":14117.95201888106,"(8,16)":8379.404037287924,"(2,6)":6050.878102540634,"(11,4)":5204.812834319947,"(17,10)":8823.602641478985,"(4,11)":5297.920956341607,"(5,4)":18269.691667163872,"(2,1)":4434.331401975768,"(5,9)":16226.917621072904,"(7,8)":12326.064065363973,"(21,24)":10356.01122854062,"(19,15)":18752.79282816082,"(10,9)":21089.439420769064,"(24,23)":7955.021000822049,"(11,14)":9384.410839759874,"(14,15)":9255.65422270138,"(10,17)":8050.828605932291,"(20,18)":19595.14295290931,"(14,23)":8491.69147634352,"(13,24)":11024.011501700137,"(21,20)":6081.80655557704,"(6,8)":12283.14756111106,"(10,16)":10841.603599992786,"(12,13)":12244.71633335787,"(24,13)":11178.66034677985,"(1,3)":8059.117446003362,"(21,22)":8765.34990309568,"(12,11)":8550.280229674949,"(9,10)":21901.265020719235,"(14,11)":10016.463099464288,"(15,14)":8938.176221533931,"(10,15)":22463.959846245212,"(20,19)":8806.453755805798,"(16,10)":11117.033549381775,"(17,19)":9898.194204379924,"(15,10)":23349.056266543612,"(16,8)":8479.154549017616,"(4,3)":14445.840278423693,