{"2":[4499.115487749539,8041.485307551435,4422.356898526593,6012.0347888290025,7929.168912727252,14043.823388940711,10211.599324973946,14115.27762346621,18170.86373981288,5235.902974173667,18052.917504867986,8867.597282215269,15978.680802026809,6015.212207717818,8868.93374168013,12422.864374811808,12114.31332225089,15984.9588193066,12466.06582727647,12040.275023358428,6859.75289205224,8394.944163964312,15827.530141591053,6748.290025224205,21820.533132406163,21561.161171048094,17757.45631042635,22959.680169195075,10988.328064706306,8104.879950539122,5302.641958929464,17647.503014500267,8330.991244112072,9674.961226378537,10002.832600936661,8468.790553185987,12322.952906169185,12379.026820500894,11108.57933968793,9863.587447124024,9105.931782020916,8420.243437601457,23207.540408406832,9037.691001808,19027.194946471183,18340.122674541824,8412.920194236269,11080.10941019487,11740.551751068215,15405.987228259699,8277.286651913237,11642.358495006625,9946.256380243476,15743.816699114133,15589.250943884796,19119.841572889898,19056.52427307842,9968.518494129843,8667.999507882741,19164.53405638379,8747.11525519832,6285.453199755908,6940.225613791586,6218.885797954458,8687.218717603253,10315.239864909814,18374.92038891916,7038.839172214904,8604.128443172405,9653.94054241525,8335.139640474403,9654.025772581383,7938.163288890252,11108.798617351706,10279.411793819003,7906.76847741913],"11":[4531.064128796478,8153.67150448573,4551.051058646319,5974.7828562741615,8133.448941218354,14134.046546262764,10177.900060067996,14152.768262234955,18104.20021428703,5247.793464225187,18127.27325649035,8795.257106912535,15841.558254203614,5994.869717848823,8806.166664090557,12506.754525834818,12129.736707475166,15858.849909588831,12537.799107884794,12061.801046555838,6898.466556093064,8394.09689479283,15853.68191994663,6850.333176056211,21790.364960763585,21854.23429032349,17750.430510188566,23166.470317647305,11048.518600889127,8116.995573059845,5343.164489696998,17632.18006483756,8382.763528829099,9787.156626078026,10138.924977369335,8414.565804700493,12406.33699063067,12499.19812180638,11123.046263219318,9832.811359777548,9046.766977012494,8400.439491121262,23225.52010211519,9094.538120586452,19108.581687686972,18406.069096183262,8405.261066276555,11071.922194698769,11676.953262392726,15415.262571229941,8117.611986266011,11662.99361313011,9952.664288076188,15926.392288760433,15463.759219013304,19059.996809587028,19138.96370540448,9939.256062479662,8686.391491860835,19076.288557844848,8703.399378826012,6337.533813455125,7033.2884831822485,6270.324122266,8630.93868703423,10318.959935961104,18382.488369054154,7033.808000561776,8621.518795302138,9666.590097738632,8397.89621319011,9634.046232256209,7918.031314643864,11115.96259359068,10261.104839697407,7883.011148034557],"0":[4541.599999999999,8164.999999999998,4559.800000000001,5983.600000000005,8146.800000000003,14121.400000000007,10187.000000000002,14154.999999999995,18094.199999999983,5245.799999999995,18134.399999999994,8788.200000000004,15833.800000000005,6001.800000000004,8801.599999999991,12510.8,12137.199999999993,15853.800000000012,12542.400000000003,12074.800000000001,6899.800000000004,8389.400000000003,15860.599999999999,6852.800000000003,21780.799999999977,21860.599999999977,17740.800000000003,23157.2,11048.599999999999,8118.600000000005,5339.199999999998,17631.799999999992,8372.400000000001,9785.999999999998,10135.200000000004,8415.599999999997,12406.000000000002,12497.399999999996,11124.199999999995,9827.199999999999,9050.600000000002,8398.800000000005,23221.200000000004,9089.20000000001,19103.599999999984,18415.60000000001,8405.600000000002,11081.199999999995,11682.599999999999,15431.600000000011,8110.799999999999,11674.19999999999,9957.399999999989,15916.199999999995,15488.800000000001,19055.60000000002,19139.200000000026,9941.200000000015,8686.000000000007,19075.200000000004,8705.4,6332.2000000000035,7030.7999999999965,6270.399999999997,8637.200000000004,10308.000000000005,18382.600000000024,7031.600000000003,8619.800000000001,9678.40000000001,8401.399999999994,9628.799999999992,7930.0,11115.600000000004,10263.599999999993,7883.000000000003],"7":[4531.294852002097,8163.532252478869,4560.836833377464,5972.718643134603,8132.896121788381,14132.611789951901,10186.266179533517,14153.053045160426,18103.325247246907,5247.769868415647,18127.21244799845,8795.86385699899,15839.332256809157,6002.723836998552,8800.048571145593,12506.985268159891,12136.034809196155,15856.961844173822,12541.39921000584,12059.803238246668,6897.979741685373,8393.64122691595,15858.85031332988,6846.883170455139,21790.64204753716,21858.503068508766,17748.735692530136,23165.453548159017,11047.107407570109,8116.979782686895,5343.035229848157,17630.973817303115,8375.024229529463,9788.41408249658,10135.044663088089,8415.249207703973,12406.503447212815,12495.663625434552,11124.813506635166,9827.253678621026,9046.394151060204,8404.974726980689,23230.955250061703,9097.310673794016,19108.110660322585,18404.801580082112,8402.557681467173,11070.233009191283,11678.312593464832,15417.298230527762,8118.383751903276,11662.970888850294,9952.896460691745,15931.368751302096,15464.538926521007,19055.99449544436,19140.631438914857,9938.657487978237,8686.355458332167,19078.814848503185,8704.79613595699,6333.295616415734,7032.882946444478,6273.649551172349,8627.24217008805,10301.417452810872,18388.608687611744,7033.837571552952,8609.023974988191,9673.555208316633,8390.917650620626,9639.807728735343,7933.944555469127,11114.229360635503,10259.686460456585,7886.450628195374],"9":[4531.118511148329,8153.731616580507,4551.093633862362,5976.76863947795,8133.3200431608475,14130.484278294954,10179.9846399113,14152.740800156156,18100.768911693034,5247.7879212655735,18127.164950980736,8787.906428429875,15848.49097485908,5996.928599843507,8806.741040729446,12499.316455646303,12126.052874468498,15876.263104737787,12538.400208839445,12078.202025228977,6899.14990234773,8381.379152124988,15855.97870360031,6861.275221139079,21786.134203883837,21855.523457848467,17753.85942658291,23161.97959642927,11048.281046809208,8116.991882209384,5343.134256201125,17629.58971776792,8379.132477099893,9785.128349979715,10137.25921864787,8412.538441623847,12404.68288332147,12495.426035418974,11125.685743145657,9823.421894963009,9051.512821141201,8403.073424620252,23229.62107185918,9094.882025233896,19101.762841319498,18408.15728928262,8410.34192445144,11075.256805026806,11673.482375469663,15423.318070808748,8117.792497426545,11663.98868596849,9945.31814334768,15923.385813993493,15488.693331816496,19071.797160696144,19137.332565156536,9936.504864728051,8677.782191565173,19084.763116184004,8704.601986339556,6334.277819763364,7033.193715974557,6273.461430848798,8630.654986729463,10314.32710884227,18383.56212667996,7033.814899383621,8621.050600205537,9664.3812012677,8397.207655862629,9630.68679541449,7923.256864875017,11116.53097611165,10262.994223411917,7883.820643718729],