{"0":[4541.599999999999,8164.999999999998,4559.800000000001,5983.600000000005,8146.800000000003,14121.400000000007,10187.000000000002,14154.999999999995,18094.199999999983,5245.799999999995,18134.399999999994,8788.200000000004,15833.800000000005,6001.800000000004,8801.599999999991,12510.8,12137.199999999993,15853.800000000012,12542.400000000003,12074.800000000001,6899.800000000004,8389.400000000003,15860.599999999999,6852.800000000003,21780.799999999977,21860.599999999977,17740.800000000003,23157.2,11048.599999999999,8118.600000000005,5339.199999999998,17631.799999999992,8372.400000000001,9785.999999999998,10135.200000000004,8415.599999999997,12406.000000000002,12497.399999999996,11124.199999999995,9827.199999999999,9050.600000000002,8398.800000000005,23221.200000000004,9089.20000000001,19103.599999999984,18415.60000000001,8405.600000000002,11081.199999999995,11682.599999999999,15431.600000000011,8110.799999999999,11674.19999999999,9957.399999999989,15916.199999999995,15488.800000000001,19055.60000000002,19139.200000000026,9941.200000000015,8686.000000000007,19075.200000000004,8705.4,6332.2000000000035,7030.7999999999965,6270.399999999997,8637.200000000004,10308.000000000005,18382.600000000024,7031.600000000003,8619.800000000001,9678.40000000001,8401.399999999994,9628.799999999992,7930.0,11115.600000000004,10263.599999999993,7883.000000000003],"4":[4937.290717272078,8124.065665272977,4500.999616722651,6033.173876477908,8056.861147235496,14148.002878319709,10486.238605295373,14486.310221650154,18448.947436678307,5292.891820850848,18312.18610242659,8833.782968189531,16215.45652986014,6016.661300491063,8814.088868849552,12314.626282545772,12338.893920637995,16207.62108963736,12493.143544803388,12012.834810329121,6800.905455020979,8386.145492118789,16052.373307792395,6434.903177901865,21905.71365939419,21099.559135552397,17811.70770328436,22471.630500444684,10842.581168226565,8050.4815515088185,5208.305158925502,17675.631171138444,8311.510596886821,9395.514020665838,10143.895320318858,8545.494339394503,12256.84856900035,12363.863064187082,11018.614442208462,10014.186175046207,9267.027564146267,8478.396499575307,23375.60989221579,8931.810039693846,18665.13010530709,18193.514695757134,8481.112909732103,11113.541953114072,11823.387943983656,15739.043895817429,8822.518129564507,11541.984841582507,9899.207216324437,15473.778832374643,16183.401276518956,19283.6655168184,18765.38994972645,10033.742429547567,8604.549078721555,19596.392395327493,8790.684318452466,6118.796099041944,6647.3384836124405,6078.232348198406,8763.005060592695,10360.415576646712,18345.375244632676,7008.166090964145,8531.18810728348,9665.635425844288,8169.874448098392,9689.31915697243,7994.378899771232,11174.673265259056,10299.959174635584,7953.3209933791495],"2":[4883.929366331441,8073.153481502759,4444.244168531002,6050.205877843795,7997.143964585641,14131.309870965795,10478.010718288624,14465.775181541752,18454.94223873236,5282.132102892,18283.119042353745,8879.563580600361,16245.329740523614,6038.8750703996475,8865.183505893712,12295.306283404978,12325.343191562995,16198.946927242001,12486.941779752755,12003.431619123841,6787.779895101514,8387.23030759252,16036.38387091409,6431.282608933073,21909.18253798204,21067.544979909533,17826.481588613402,22445.030302077834,10831.6984606519,8056.106704465414,5211.537837118864,17674.05326726363,8326.327821468705,9380.459262835977,10123.253819354115,8558.313032070118,12250.91152407856,12353.188181135773,11026.484396950373,10020.480116787532,9264.956697604797,8487.631377579726,23355.299587354133,8937.368681547452,18658.92196662022,18188.990714852025,8480.45516540532,11116.734159585978,11839.350352736965,15686.452338471934,8830.89693064455,11547.855878174207,9901.879880509952,15434.556369123648,16170.29180749909,19278.587809987046,18759.219650785188,10043.88509643668,8613.721039198186,19611.91630536916,8808.720680432712,6113.051765745991,6642.851441099789,6080.856969530563,8776.411315568997,10353.725811932962,18358.063555470577,7021.181649438078,8533.664032144734,9657.07833903268,8171.210534121895,9696.741359923568,7994.2794118091915,11182.91731133759,10304.650469340653,7948.922602229502],"3":[4938.763431599927,8122.289231772453,4498.447035491113,6037.0394467348815,8058.931352500768,14138.352904740319,10471.491574668382,14471.680217618405,18439.73181724567,5297.434358150812,18301.446194656164,8834.663114424535,16207.66551186875,6016.570056040252,8829.259909975353,12316.285273774787,12340.478319250093,16219.181864843486,12505.195462588346,12021.284330254539,6788.53155516799,8383.919116628032,16028.708799411344,6439.306872027503,21892.670607435444,21087.447783648033,17819.67085943144,22473.790509121216,10836.503469850828,8050.620561137188,5209.140139929514,17680.83614760321,8319.593562290931,9391.527902438738,10137.973138799322,8543.087473301199,12252.528081073688,12357.979332814337,11019.869648885982,10014.556999912687,9259.601020680693,8483.510554659963,23368.840620203697,8939.776664451107,18658.884496736817,18192.380799757375,8479.173270092231,11120.139157136686,11815.624673294287,15753.15897038723,8823.348114669052,11534.185814067252,9894.009335800065,15478.001570873703,16210.645823981875,19295.8670965872,18756.565817864313,10029.431150149927,8607.158069164974,19614.52512968459,8791.703907292747,6121.541515047328,6645.92634330843,6077.155520306633,8759.673100145208,10353.258408314574,18353.412896839505,7014.831095338467,8521.428197993439,9668.609972139995,8163.634387119922,9702.998919428652,7997.1596038890575,11174.404319714253,10295.265823188593,7955.2796831218575],"5":[4933.528241851198,8120.028478072109,4497.303572769681,6031.200097241091,8053.314288197543,14147.267594031371,10473.63970842252,14475.1038749813,18447.30578018791,5293.0618071808285,18301.498471338287,8837.173354438264,16211.804216767894,6014.457146529479,8827.434626882514,12314.836174372922,12339.034208330357,16201.059459766962,12503.139413809047,12007.894846379695,6790.626963111161,8391.860137659074,16029.97474620952,6435.946446661279,21902.473765241964,21088.911519017343,17817.16952342862,22480.52999335748,10840.211328688605,8050.165636199383,5207.903999950921,17678.210102094177,8324.363105351806,9387.754285509674,10142.218714563725,8545.034553495749,12258.074665211934,12362.025225082434,11020.429496851511,10015.104629846515,9265.492023620478,8484.805392136805,23374.335947079548,8944.73049393123,18663.142219530673,18185.68816763362,8480.782801674994,11114.634413333944,11813.105589459346,15747.112387587178,8822.03364026419,11543.314635971843,9890.64398382809,15473.815297144343,16176.356660633974,19289.820391630048,18763.379687735094,10035.972465948144,8605.46686730386,19593.54969562856,8802.456142474328,6119.274296637434,6647.36723522615,6081.688995147326,8757.674149343818,10352.39876805408,18341.74955510471,7007.653453507038,8522.496217683067,9666.887992151493,8171.6777253583095,9691.216275374085,8000.853080419647,11172.95086500583,10298.664562087284,7956.353573799245],