{"0":{"(15,19)":19103.599999999984,"(20,21)":6332.2000000000035,"(22,20)":7031.600000000003,"(23,22)":9628.799999999992,"(10,11)":17740.800000000003,"(8,9)":6899.800000000004,"(13,12)":12497.399999999996,"(24,21)":10263.599999999993,"(3,1)":8146.800000000003,"(19,17)":9941.200000000015,"(4,5)":18094.199999999983,"(17,16)":11674.19999999999,"(20,22)":7030.7999999999965,"(22,21)":8619.800000000001,"(18,16)":15488.800000000001,"(6,5)":8801.599999999991,"(16,17)":11682.599999999999,"(22,15)":18382.600000000024,"(1,2)":4541.599999999999,"(22,23)":9678.40000000001,"(19,20)":8686.000000000007,"(9,8)":6852.800000000003,"(11,12)":8372.400000000001,"(3,4)":14121.400000000007,"(8,16)":8389.400000000003,"(2,6)":5983.600000000005,"(11,4)":5339.199999999998,"(17,10)":8110.799999999999,"(4,11)":5245.799999999995,"(5,4)":18134.399999999994,"(2,1)":4559.800000000001,"(5,9)":15833.800000000005,"(7,8)":12137.199999999993,"(21,24)":10308.000000000005,"(19,15)":19139.200000000026,"(10,9)":21860.599999999977,"(24,23)":7883.000000000003,"(11,14)":9785.999999999998,"(14,15)":9050.600000000002,"(10,17)":8118.600000000005,"(20,18)":19075.200000000004,"(14,23)":8398.800000000005,"(13,24)":11124.199999999995,"(21,20)":6270.399999999997,"(6,8)":12510.8,"(10,16)":11048.599999999999,"(12,13)":12406.000000000002,"(24,13)":11115.600000000004,"(1,3)":8164.999999999998,"(21,22)":8637.200000000004,"(12,11)":8415.599999999997,"(9,10)":21780.799999999977,"(14,11)":9827.199999999999,"(15,14)":9089.20000000001,"(10,15)":23157.2,"(20,19)":8705.4,"(16,10)":11081.199999999995,"(17,19)":9957.399999999989,"(15,10)":23221.200000000004,"(16,8)":8405.600000000002,"(4,3)":14154.999999999995,"(5,6)":8788.200000000004,"(23,24)":7930.0,"(8,6)":12542.400000000003,"(12,3)":10135.200000000004,"(18,7)":15916.199999999995,"(11,10)":17631.799999999992,"(15,22)":18415.60000000001,"(6,2)":6001.800000000004,"(8,7)":12074.800000000001,"(23,14)":8401.399999999994,"(18,20)":19055.60000000002,"(16,18)":15431.600000000011,"(3,12)":10187.000000000002,"(7,18)":15853.800000000012,"(9,5)":15860.599999999999},"4":{"(15,19)":18662.472434868505,"(20,21)":6117.078391798005,"(22,20)":7013.900001887731,"(23,22)":9694.271713968441,"(10,11)":17815.23109593447,"(8,9)":6786.53252699438,"(13,12)":12350.561551292061,"(24,21)":10302.751603560144,"(3,1)":7997.813670195437,"(19,17)":10043.561279515077,"(4,5)":18408.02107885378,"(17,16)":11550.03615299221,"(20,22)":6643.464955965124,"(22,21)":8537.797965565795,"(18,16)":16152.891349085286,"(6,5)":8864.00417470133,"(16,17)":11828.722595204968,"(22,15)":18354.975447017638,"(1,2)":4879.1495275352445,"(22,23)":9660.798416721063,"(19,20)":8621.264756986551,"(9,8)":6438.333244270349,"(11,12)":8318.97108374972,"(3,4)":14113.918562214421,"(8,16)":8394.275341254817,"(2,6)":6053.130563405794,"(11,4)":5204.767786350486,"(17,10)":8823.532360410529,"(4,11)":5297.945213664436,"(5,4)":18267.95360436141,"(2,1)":4436.528532729201,"(5,9)":16214.23533849644,"(7,8)":12325.884274171318,"(21,24)":10357.067789358029,"(19,15)":18753.65916717482,"(10,9)":21091.539967326626,"(24,23)":7951.065733284341,"(11,14)":9382.327426387475,"(14,15)":9262.474503804793,"(10,17)":8050.791465477738,"(20,18)":19594.235362943346,"(14,23)":8486.424572298616,"(13,24)":11025.95811925665,"(21,20)":6081.429875263816,"(6,8)":12294.023199100127,"(10,16)":10833.924941196237,"(12,13)":12245.354029513637,"(24,13)":11177.942670650822,"(1,3)":8061.288811420739,"(21,22)":8771.571213692412,"(12,11)":8549.994016052546,"(9,10)":21893.619248222014,"(14,11)":10011.744373350673,"(15,14)":8936.316982006549,"(10,15)":22466.1268997377,"(20,19)":8807.05504980369,"(16,10)":11116.744065291747,"(17,19)":9899.903712868534,"(15,10)":23356.62609809175,"(16,8)":8477.298671789402,"(4,3)":14444.059319571757,"(5,6)":8873.9297340977,"(23,24)":7988.384332556572,"(8,6)":12483.48712092155,"(12,3)":10124.839277618792,"(18,7)":15435.520513151143,"(11,10)":17690.823388308534,"(15,22)":18198.907040086055,"(6,2)":6034.368079033083,"(8,7)":11994.334994449464,"(23,14)":8175.159156987936,"(18,20)":19268.001419014123,"(16,18)":15702.922786816183,"(3,12)":10462.911975139832,"(7,18)":16165.555929711401,"(9,5)":16036.022307986019},"2":{"(15,19)":18661.85306637894,"(20,21)":6115.178475374787,"(22,20)":7021.189928439479,"(23,22)":9695.493898171873,"(10,11)":17816.99777585814,"(8,9)":6803.683103237428,"(13,12)":12351.615420350452,"(24,21)":10308.240323307762,"(3,1)":7999.823980714224,"(19,17)":10043.836494283678,"(4,5)":18457.625412139994,"(17,16)":11546.288916724776,"(20,22)":6642.81961344832,"(22,21)":8534.279132582387,"(18,16)":16168.964150846461,"(6,5)":8856.07481329132,"(16,17)":11839.6153312938,"(22,15)":18358.97194992591,"(1,2)":4886.717867211341,"(22,23)":9660.64207633565,"(19,20)":8618.043861306389,"(9,8)":6441.691903072221,"(11,12)":8316.67169454041,"(3,4)":14133.911665836416,"(8,16)":8395.691302139257,"(2,6)":6051.825733238743,"(11,4)":5211.527101800393,"(17,10)":8830.959858957924,"(4,11)":5282.117567668912,"(5,4)":18296.392113864586,"(2,1)":4441.313255320815,"(5,9)":16259.276288953439,"(7,8)":12329.904147874297,"(21,24)":10356.272023351297,"(19,15)":18755.16509874885,"(10,9)":21072.913713966,"(24,23)":7946.603181063772,"(11,14)":9376.688468836153,"(14,15)":9261.057236719691,"(10,17)":8056.112433096942,"(20,18)":19617.96860148462,"(14,23)":8481.477975232187,"(13,24)":11027.729214342753,"(21,20)":6082.593291926472,"(6,8)":12285.868496269652,"(10,16)":10825.882876729996,"(12,13)":12250.523996969267,"(24,13)":11182.999313674898,"(1,3)":8070.236331355498,"(21,22)":8778.47309368282,"(12,11)":8552.630005419169,"(9,10)":21912.609084801086,"(14,11)":10019.491035315972,"(15,14)":8931.174153805936,"(10,15)":22452.115451747963,"(20,19)":8804.325735357696,"(16,10)":11114.655270227193,"(17,19)":9903.603393523312,"(15,10)":23354.27776450122,"(16,8)":8479.785719644886,"(4,3)":14479.102012806496,"(5,6)":8867.370307481098,"(23,24)":7991.832548586336,"(8,6)":12474.887403197974,"(12,3)":10127.395766303878,"(18,7)":15443.15475493056,"(11,10)":17671.193231102254,"(15,22)":18193.2944771805,"(6,2)":6034.789032166054,"(8,7)":11996.03219015905,"(23,14)":8169.976550678818,"(18,20)":19276.296935599545,"(16,18)":15688.680933311502,"(3,12)":10487.319176121446,"(7,18)":16195.74758472364,"(9,5)":16057.808706584827},"3":{"(15,19)":18660.06724950991,"(20,21)":6115.055823531833,"(22,20)":7013.97244342399,"(23,22)":9702.733267638496,"(10,11)":17820.051683452682,"(8,9)":6789.455221261383,"(13,12)":12352.68673100282,"(24,21)":10297.174636224241,"(3,1)":7989.9430134473105,"(19,17)":10041.533436058773,"(4,5)":18419.571709714324,"(17,16)":11552.242922663852,"(20,22)":6643.451367915178,"(22,21)":8537.668826817995,"(18,16)":16166.608901212006,"(6,5)":8866.176585405985,"(16,17)":11837.538806763234,"(22,15)":18360.56334793281,"(1,2)":4871.334775183202,"(22,23)":9658.273595056202,"(19,20)":8615.845836437098,"(9,8)":6439.7766042902285,"(11,12)":8323.33209254561,"(3,4)":14125.335432861628,"(8,16)":8378.3795652826,"(2,6)":6044.99440753245,"(11,4)":5204.814640236037,"(17,10)":8823.597781533423,"(4,11)":5297.909787407241,"(5,4)":18267.026204037826,"(2,1)":4432.853771600329,"(5,9)":16221.082026030645,"(7,8)":12326.042133180825,"(21,24)":10354.950134830195,"(19,15)":18756.94934002421,"(10,9)":21084.954520211566,"(24,23)":7954.542288157117,"(11,14)":9386.032070673678,"(14,15)":9261.040641884152,"(10,17)":8050.835339747142,"(20,18)":19594.078111782856,"(14,23)":8488.748216035276,"(13,24)":11023.825368442744,"(21,20)":6081.566769507659,"(6,8)":12290.512126365013,"(10,16)":10838.066985275891,"(12,13)":12244.706866580642,"(24,13)":11178.632354200163,"(1,3)":8057.646510740936,"(21,22)":8765.881143252878,"(12,11)":8548.966625724046,"(9,10)":21898.804942651997,"(14,11)":10011.620067980308,"(15,14)":8941.102768885212,"(10,15)":22462.05223181203,"(20,19)":8800.862922835338,"(16,10)":11114.104561955985,"(17,19)":9904.357019104147,"(15,10)":23357.387950535925,"(16,8)":8478.543448622726,"(4,3)":14443.195305149562,