{"0":{"(15,19)":19103.599999999984,"(20,21)":6332.2000000000035,"(22,20)":7031.600000000003,"(23,22)":9628.799999999992,"(10,11)":17740.800000000003,"(8,9)":6899.800000000004,"(13,12)":12497.399999999996,"(24,21)":10263.599999999993,"(3,1)":8146.800000000003,"(19,17)":9941.200000000015,"(4,5)":18094.199999999983,"(17,16)":11674.19999999999,"(20,22)":7030.7999999999965,"(22,21)":8619.800000000001,"(18,16)":15488.800000000001,"(6,5)":8801.599999999991,"(16,17)":11682.599999999999,"(22,15)":18382.600000000024,"(1,2)":4541.599999999999,"(22,23)":9678.40000000001,"(19,20)":8686.000000000007,"(9,8)":6852.800000000003,"(11,12)":8372.400000000001,"(3,4)":14121.400000000007,"(8,16)":8389.400000000003,"(2,6)":5983.600000000005,"(11,4)":5339.199999999998,"(17,10)":8110.799999999999,"(4,11)":5245.799999999995,"(5,4)":18134.399999999994,"(2,1)":4559.800000000001,"(5,9)":15833.800000000005,"(7,8)":12137.199999999993,"(21,24)":10308.000000000005,"(19,15)":19139.200000000026,"(10,9)":21860.599999999977,"(24,23)":7883.000000000003,"(11,14)":9785.999999999998,"(14,15)":9050.600000000002,"(10,17)":8118.600000000005,"(20,18)":19075.200000000004,"(14,23)":8398.800000000005,"(13,24)":11124.199999999995,"(21,20)":6270.399999999997,"(6,8)":12510.8,"(10,16)":11048.599999999999,"(12,13)":12406.000000000002,"(24,13)":11115.600000000004,"(1,3)":8164.999999999998,"(21,22)":8637.200000000004,"(12,11)":8415.599999999997,"(9,10)":21780.799999999977,"(14,11)":9827.199999999999,"(15,14)":9089.20000000001,"(10,15)":23157.2,"(20,19)":8705.4,"(16,10)":11081.199999999995,"(17,19)":9957.399999999989,"(15,10)":23221.200000000004,"(16,8)":8405.600000000002,"(4,3)":14154.999999999995,"(5,6)":8788.200000000004,"(23,24)":7930.0,"(8,6)":12542.400000000003,"(12,3)":10135.200000000004,"(18,7)":15916.199999999995,"(11,10)":17631.799999999992,"(15,22)":18415.60000000001,"(6,2)":6001.800000000004,"(8,7)":12074.800000000001,"(23,14)":8401.399999999994,"(18,20)":19055.60000000002,"(16,18)":15431.600000000011,"(3,12)":10187.000000000002,"(7,18)":15853.800000000012,"(9,5)":15860.599999999999},"4":{"(15,19)":18955.53824770289,"(20,21)":6173.843704833878,"(22,20)":6985.793516614797,"(23,22)":9689.445511473343,"(10,11)":17824.838901819192,"(8,9)":6752.446831842207,"(13,12)":12312.690441846406,"(24,21)":10324.439481267706,"(3,1)":8009.582438706002,"(19,17)":10074.25855645574,"(4,5)":18340.284674331568,"(17,16)":11660.26081308871,"(20,22)":6755.247923863346,"(22,21)":8644.099745501775,"(18,16)":15783.124717094335,"(6,5)":8773.637775224042,"(16,17)":11797.32769189547,"(22,15)":18391.898845902295,"(1,2)":4837.2264221517935,"(22,23)":9723.065721541758,"(19,20)":8710.037747217551,"(9,8)":6556.325270615263,"(11,12)":8360.893433035952,"(3,4)":14173.177353240275,"(8,16)":8446.57712060788,"(2,6)":6010.961340767055,"(11,4)":5142.455503898605,"(17,10)":8718.807311112085,"(4,11)":5333.937419376784,"(5,4)":18157.579459608944,"(2,1)":4545.563950371641,"(5,9)":16141.446431205386,"(7,8)":12320.307866930803,"(21,24)":10377.977878000911,"(19,15)":18985.350153875173,"(10,9)":21309.70387570523,"(24,23)":7965.945256603131,"(11,14)":9577.759078829511,"(14,15)":9256.29213721148,"(10,17)":7988.230086304102,"(20,18)":19525.763624842064,"(14,23)":8555.522836762459,"(13,24)":11122.147134017097,"(21,20)":6121.263907580401,"(6,8)":12429.155181982034,"(10,16)":10959.948433129191,"(12,13)":12250.729414568761,"(24,13)":11136.957704780896,"(1,3)":8146.969659540998,"(21,22)":8762.219260945818,"(12,11)":8543.487571949205,"(9,10)":22001.57497614467,"(14,11)":9998.347234071982,"(15,14)":8996.683798632184,"(10,15)":22748.173808438634,"(20,19)":8781.79886123875,"(16,10)":11120.392023600585,"(17,19)":9983.101169809832,"(15,10)":23386.830836418016,"(16,8)":8494.779604851474,"(4,3)":14237.433235324668,"(5,6)":8796.57647440557,"(23,24)":7994.768855294803,"(8,6)":12493.169778046014,"(12,3)":10113.167519416587,"(18,7)":15626.739909089949,"(11,10)":17771.866038954064,"(15,22)":18388.474821513195,"(6,2)":5959.521493061765,"(8,7)":12134.512596985736,"(23,14)":8183.144744066899,"(18,20)":19418.304059303588,"(16,18)":15662.54866945904,"(3,12)":10281.716938270052,"(7,18)":16176.213376466783,"(9,5)":15947.463279810481},"2":{"(15,19)":18638.89980568447,"(20,21)":6121.922424773446,"(22,20)":6994.286403190513,"(23,22)":9686.23613718778,"(10,11)":17862.818810158304,"(8,9)":6864.311180399054,"(13,12)":12625.5770538378,"(24,21)":10295.562290201911,"(3,1)":8392.553600644042,"(19,17)":10023.74472023249,"(4,5)":18456.632014195216,"(17,16)":11612.028712723211,"(20,22)":6624.509788080189,"(22,21)":8564.91072881161,"(18,16)":16119.100538408818,"(6,5)":8856.912818190325,"(16,17)":11780.107449033514,"(22,15)":18345.517772960124,"(1,2)":5090.956719491194,"(22,23)":9706.617529386036,"(19,20)":8665.171292862338,"(9,8)":6532.472723673071,"(11,12)":8454.200104323038,"(3,4)":14286.768695124987,"(8,16)":8373.618003167274,"(2,6)":6057.39790164009,"(11,4)":5214.996817942487,"(17,10)":8834.092060050367,"(4,11)":5354.407414988568,"(5,4)":18600.840757723086,"(2,1)":4571.816003456979,"(5,9)":16157.46644178699,"(7,8)":12462.181213191823,"(21,24)":10395.063632624797,"(19,15)":18814.939766180494,"(10,9)":21431.10311553925,"(24,23)":7930.326501473172,"(11,14)":9449.058999912608,"(14,15)":9258.179480146951,"(10,17)":8016.72746239597,"(20,18)":19597.06603324558,"(14,23)":8522.124414159842,"(13,24)":11044.889504598828,"(21,20)":6130.329838679527,"(6,8)":12327.162225189182,"(10,16)":10878.315776533835,"(12,13)":12345.054820838348,"(24,13)":11295.175430067706,"(1,3)":8157.782382685044,"(21,22)":8721.385790228722,"(12,11)":8516.612773023084,"(9,10)":21869.601570728548,"(14,11)":10061.149239948232,"(15,14)":8980.669521158017,"(10,15)":22552.35720733182,"(20,19)":8752.306976540345,"(16,10)":11147.691499438984,"(17,19)":9915.984078731715,"(15,10)":23547.51398082105,"(16,8)":8527.281859328195,"(4,3)":14662.46729332829,"(5,6)":8870.2931992555,"(23,24)":8027.60706820515,"(8,6)":12616.439312532297,"(12,3)":10479.760917399146,"(18,7)":15553.591425552511,"(11,10)":17699.484560480483,"(15,22)":18265.231647076558,"(6,2)":6067.304290213491,"(8,7)":12002.077521878016,"(23,14)":8185.538662978404,"(18,20)":19145.403001972285,"(16,18)":15754.477152148802,"(3,12)":10422.041143258644,"(7,18)":15986.114875114305,"(9,5)":16335.414376750945},"3":{"(15,19)":18792.740427363813,"(20,21)":6072.552263336097,"(22,20)":6979.436186467335,"(23,22)":9718.690765769645,"(10,11)":17881.174725639306,"(8,9)":6739.913019039331,"(13,12)":12542.455315272351,"(24,21)":10328.794911013392,"(3,1)":8271.90927553333,"(19,17)":10176.865699582972,"(4,5)":18268.804463733806,"(17,16)":11682.1080114575,"(20,22)":6625.9668103751765,"(22,21)":8649.125983793103,"(18,16)":15590.027237693645,"(6,5)":8899.662250641008,"(16,17)":11830.086069462393,"(22,15)":18423.379985196945,"(1,2)":4986.482682815153,"(22,23)":9754.939323168515,"(19,20)":8706.124943285346,"(9,8)":6360.650791990535,"(11,12)":8517.14587678447,"(3,4)":14108.181406675885,"(8,16)":8406.639969986532,"(2,6)":6052.559810139608,"(11,4)":5194.261144536097,"(17,10)":8807.786563367656,"(4,11)":5341.861271331452,"(5,4)":18377.71324130285,"(2,1)":4482.397765023784,"(5,9)":16018.459598864734,"(7,8)":12380.958510005215,"(21,24)":10421.37512082077,"(19,15)":18947.142209836595,"(10,9)":21395.641668550932,"(24,23)":7927.425406479095,"(11,14)":9502.753308787142,"(14,15)":9259.87326578381,"(10,17)":8023.709639928341,"(20,18)":19262.575439475288,"(14,23)":8530.380525181532,"(13,24)":11067.121622707102,"(21,20)":6079.784308801266,"(6,8)":12305.375308409462,"(10,16)":10928.689679308718,"(12,13)":12256.652946837306,"(24,13)":11321.259584997935,"(1,3)":8066.8030620127,"(21,22)":8800.839735673839,"(12,11)":8602.299569465755,"(9,10)":21915.738085116976,"(14,11)":10098.753203956092,"(15,14)":8996.34771758042,"(10,15)":22584.68949777728,"(20,19)":8775.903002473293,"(16,10)":11169.960502046632,"(17,19)":10076.267578102954,"(15,10)":23518.703059352418,"(16,8)":8458.345672473077,"(4,3)":14444.920217598,