{"0":[4541.599999999999,8164.999999999998,4559.800000000001,5983.600000000005,8146.800000000003,14121.400000000007,10187.000000000002,14154.999999999995,18094.199999999983,5245.799999999995,18134.399999999994,8788.200000000004,15833.800000000005,6001.800000000004,8801.599999999991,12510.8,12137.199999999993,15853.800000000012,12542.400000000003,12074.800000000001,6899.800000000004,8389.400000000003,15860.599999999999,6852.800000000003,21780.799999999977,21860.599999999977,17740.800000000003,23157.2,11048.599999999999,8118.600000000005,5339.199999999998,17631.799999999992,8372.400000000001,9785.999999999998,10135.200000000004,8415.599999999997,12406.000000000002,12497.399999999996,11124.199999999995,9827.199999999999,9050.600000000002,8398.800000000005,23221.200000000004,9089.20000000001,19103.599999999984,18415.60000000001,8405.600000000002,11081.199999999995,11682.599999999999,15431.600000000011,8110.799999999999,11674.19999999999,9957.399999999989,15916.199999999995,15488.800000000001,19055.60000000002,19139.200000000026,9941.200000000015,8686.000000000007,19075.200000000004,8705.4,6332.2000000000035,7030.7999999999965,6270.399999999997,8637.200000000004,10308.000000000005,18382.600000000024,7031.600000000003,8619.800000000001,9678.40000000001,8401.399999999994,9628.799999999992,7930.0,11115.600000000004,10263.599999999993,7883.000000000003],"2":[4637.026389556914,8080.659054158245,4446.050731618544,6014.298876993022,7899.567635895634,14068.281231488196,10316.523603955236,14205.550998579649,18311.486879756696,5237.659379795097,18070.615784206195,8828.762446193396,16106.464566219525,5987.664156470084,8832.83815022947,12380.983279267713,12138.265931280286,16148.765976721867,12438.238521463674,12040.51113041654,6811.32347512453,8395.82999314159,15799.934653119652,6626.741541376495,21866.502686877004,21280.805156059374,17742.44180678104,22765.367015548174,10921.27416084271,8099.353154399014,5275.291975258023,17650.992612761715,8275.682099742573,9556.592199799838,9953.14770241555,8511.07605670453,12266.739490373775,12292.399643318258,11074.109777567055,9906.601016736107,9165.961744539978,8437.21191103703,23183.98361991048,8997.532911230424,18929.199345328074,18265.42013029823,8417.902925806742,11079.24346292581,11773.103981112106,15491.123326480518,8450.425435158473,11591.130753556816,9925.849578247793,15618.444787724897,15801.538375095004,19251.064267205384,18948.894395048115,9986.511103724546,8636.43868209007,19335.11735102355,8767.236053862585,6223.472929434927,6848.839570617487,6157.366212775442,8709.94958270407,10305.174977220888,18360.071581482527,7042.550991219726,8563.504817442285,9640.822717521092,8270.802351232836,9679.659379437122,7948.381152106304,11087.254408935612,10278.579522760541,7929.128407213409],"3":[4637.026389556914,8080.659054158245,4446.050731618544,6014.298876993022,7899.567635895634,14068.281231488196,10316.523603955236,14205.550998579649,18311.486879756696,5237.659379795097,18070.615784206195,8828.762446193396,16106.464566219525,5987.664156470084,8832.83815022947,12380.983279267713,12138.265931280286,16148.765976721867,12438.238521463674,12040.51113041654,6811.32347512453,8395.82999314159,15799.934653119652,6626.741541376495,21866.502686877004,21280.805156059374,17742.44180678104,22765.367015548174,10921.27416084271,8099.353154399014,5275.291975258023,17650.992612761715,8275.682099742573,9556.592199799838,9953.14770241555,8511.07605670453,12266.739490373775,12292.399643318258,11074.109777567055,9906.601016736107,9165.961744539978,8437.21191103703,23183.98361991048,8997.532911230424,18929.199345328074,18265.42013029823,8417.902925806742,11079.24346292581,11773.103981112106,15491.123326480518,8450.425435158473,11591.130753556816,9925.849578247793,15618.444787724897,15801.538375095004,19251.064267205384,18948.894395048115,9986.511103724546,8636.43868209007,19335.11735102355,8767.236053862585,6223.472929434927,6848.839570617487,6157.366212775442,8709.94958270407,10305.174977220888,18360.071581482527,7042.550991219726,8563.504817442285,9640.822717521092,8270.802351232836,9679.659379437122,7948.381152106304,11087.254408935612,10278.579522760541,7929.128407213409],"1":[4634.817218752263,8081.401090139328,4445.557681941745,6017.226779456554,7890.404556642578,14065.223637879433,10318.251955363205,14197.55776868686,18317.136897990127,5231.133941344035,18058.781429088212,8829.23781923322,16113.814606568096,5988.69861446657,8826.179171207963,12383.400097920869,12134.9158663375,16165.240813004193,12429.60286485114,12047.767742343909,6814.18100215793,8392.913718815047,15794.421648836524,6624.768473297205,21872.824341120035,21269.440772746748,17752.03294925634,22753.88968452004,10920.72919274047,8100.639593472031,5274.030622042298,17641.914638214697,8271.143849073324,9559.543444800182,9944.632381113777,8509.396593149791,12264.857714033935,12283.86718303084,11073.537681167263,9896.31394233577,9175.820711002129,8427.465049104976,23183.741015718373,8974.839256136675,18925.354740187064,18270.819450149935,8415.377461621107,11079.740202593139,11774.863180584787,15495.820438993,8449.827119299915,11587.71482274087,9927.688924714423,15618.550771103868,15814.812235667314,19262.092967808014,18943.755195928476,9985.276209974787,8632.759668503813,19341.769108759407,8764.120681170782,6224.453053685239,6849.758177895653,6158.1856063639925,8713.529150942595,10311.816686833828,18350.15671680493,7043.645842986354,8570.659702792422,9639.084551500911,8277.518062546855,9668.427815862082,7937.468188014992,11081.324628585411,10283.150912867182,7924.696721390564]}