{"0":{"(15,19)":19103.599999999984,"(20,21)":6332.2000000000035,"(22,20)":7031.600000000003,"(23,22)":9628.799999999992,"(10,11)":17740.800000000003,"(8,9)":6899.800000000004,"(13,12)":12497.399999999996,"(24,21)":10263.599999999993,"(3,1)":8146.800000000003,"(19,17)":9941.200000000015,"(4,5)":18094.199999999983,"(17,16)":11674.19999999999,"(20,22)":7030.7999999999965,"(22,21)":8619.800000000001,"(18,16)":15488.800000000001,"(6,5)":8801.599999999991,"(16,17)":11682.599999999999,"(22,15)":18382.600000000024,"(1,2)":4541.599999999999,"(22,23)":9678.40000000001,"(19,20)":8686.000000000007,"(9,8)":6852.800000000003,"(11,12)":8372.400000000001,"(3,4)":14121.400000000007,"(8,16)":8389.400000000003,"(2,6)":5983.600000000005,"(11,4)":5339.199999999998,"(17,10)":8110.799999999999,"(4,11)":5245.799999999995,"(5,4)":18134.399999999994,"(2,1)":4559.800000000001,"(5,9)":15833.800000000005,"(7,8)":12137.199999999993,"(21,24)":10308.000000000005,"(19,15)":19139.200000000026,"(10,9)":21860.599999999977,"(24,23)":7883.000000000003,"(11,14)":9785.999999999998,"(14,15)":9050.600000000002,"(10,17)":8118.600000000005,"(20,18)":19075.200000000004,"(14,23)":8398.800000000005,"(13,24)":11124.199999999995,"(21,20)":6270.399999999997,"(6,8)":12510.8,"(10,16)":11048.599999999999,"(12,13)":12406.000000000002,"(24,13)":11115.600000000004,"(1,3)":8164.999999999998,"(21,22)":8637.200000000004,"(12,11)":8415.599999999997,"(9,10)":21780.799999999977,"(14,11)":9827.199999999999,"(15,14)":9089.20000000001,"(10,15)":23157.2,"(20,19)":8705.4,"(16,10)":11081.199999999995,"(17,19)":9957.399999999989,"(15,10)":23221.200000000004,"(16,8)":8405.600000000002,"(4,3)":14154.999999999995,"(5,6)":8788.200000000004,"(23,24)":7930.0,"(8,6)":12542.400000000003,"(12,3)":10135.200000000004,"(18,7)":15916.199999999995,"(11,10)":17631.799999999992,"(15,22)":18415.60000000001,"(6,2)":6001.800000000004,"(8,7)":12074.800000000001,"(23,14)":8401.399999999994,"(18,20)":19055.60000000002,"(16,18)":15431.600000000011,"(3,12)":10187.000000000002,"(7,18)":15853.800000000012,"(9,5)":15860.599999999999},"4":{"(15,19)":19128.06228803878,"(20,21)":6390.015943296583,"(22,20)":6997.175729101502,"(23,22)":9610.80550738577,"(10,11)":17788.87153632181,"(8,9)":6991.415630540841,"(13,12)":12712.382025496792,"(24,21)":10257.327358417107,"(3,1)":8324.102683149855,"(19,17)":9935.833074699876,"(4,5)":17910.76356920548,"(17,16)":11720.04612952786,"(20,22)":7067.059113814472,"(22,21)":8649.992306972144,"(18,16)":15322.361567619417,"(6,5)":8882.324681605509,"(16,17)":11631.206711191397,"(22,15)":18395.708097221832,"(1,2)":4470.11703209861,"(22,23)":9727.02328693658,"(19,20)":8722.538579860566,"(9,8)":6992.0501426135115,"(11,12)":8513.362205244208,"(3,4)":14133.140214190538,"(8,16)":8390.723404621805,"(2,6)":5973.612157898845,"(11,4)":5353.704282068469,"(17,10)":8037.536705720932,"(4,11)":5304.519981935337,"(5,4)":18310.441800242246,"(2,1)":4540.154849843479,"(5,9)":15677.399988775393,"(7,8)":12222.003773074248,"(21,24)":10354.56033277969,"(19,15)":19222.18235335568,"(10,9)":22335.594245163917,"(24,23)":7877.607537181278,"(11,14)":9904.948565092622,"(14,15)":9002.872788740517,"(10,17)":8087.369717333282,"(20,18)":18986.272044041376,"(14,23)":8404.572675846599,"(13,24)":11153.288242551851,"(21,20)":6351.1865916624265,"(6,8)":12512.506406227007,"(10,16)":11118.36702717356,"(12,13)":12496.312872192662,"(24,13)":11227.114243919295,"(1,3)":8109.608865014387,"(21,22)":8585.71206582605,"(12,11)":8358.826314828428,"(9,10)":21729.08624388995,"(14,11)":9838.945690875227,"(15,14)":9177.476239090727,"(10,15)":23361.743269228187,"(20,19)":8667.431245882171,"(16,10)":11099.289777931534,"(17,19)":9960.141684065517,"(15,10)":23373.10400474818,"(16,8)":8450.4540410513,"(4,3)":14189.560435432753,"(5,6)":8849.547901132892,"(23,24)":7958.0527950132755,"(8,6)":12643.821530417606,"(12,3)":10360.66701817765,"(18,7)":16069.119451024997,"(11,10)":17656.117810492837,"(15,22)":18501.767625526478,"(6,2)":6057.538053580125,"(8,7)":12025.795014333415,"(23,14)":8449.819980799704,"(18,20)":18853.743782114554,"(16,18)":15426.480189712427,"(3,12)":10082.303309268726,"(7,18)":15537.335818172085,"(9,5)":16116.908423560408},"2":{"(15,19)":19105.42419485976,"(20,21)":6405.423285565795,"(22,20)":6989.545770562118,"(23,22)":9609.685460319302,"(10,11)":17825.916862893253,"(8,9)":7038.309697606446,"(13,12)":12862.168132520645,"(24,21)":10258.016617244104,"(3,1)":8501.693983569852,"(19,17)":9936.82276081363,"(4,5)":17871.023564746036,"(17,16)":11737.076185379972,"(20,22)":7064.456450034575,"(22,21)":8664.453766484563,"(18,16)":15333.723500055296,"(6,5)":8886.427342893163,"(16,17)":11604.80902249251,"(22,15)":18411.341855961764,"(1,2)":4529.958659322275,"(22,23)":9735.985552059466,"(19,20)":8740.267557024783,"(9,8)":7023.5280278325545,"(11,12)":8591.995123099881,"(3,4)":14172.913206870438,"(8,16)":8373.46256735728,"(2,6)":5967.347863732692,"(11,4)":5368.7819424995205,"(17,10)":8035.113599750412,"(4,11)":5323.687007557454,"(5,4)":18455.363547746536,"(2,1)":4581.921612756353,"(5,9)":15609.167488078,"(7,8)":12319.483904923583,"(21,24)":10388.495292403939,"(19,15)":19245.39963819604,"(10,9)":22536.929401463145,"(24,23)":7862.0078955181625,"(11,14)":9930.374354669872,"(14,15)":8979.246784016672,"(10,17)":8076.369044895529,"(20,18)":18993.66853449406,"(14,23)":8413.387927011256,"(13,24)":11152.62782093957,"(21,20)":6380.432333697247,"(6,8)":12525.369645807365,"(10,16)":11139.925832459156,"(12,13)":12560.040291157753,"(24,13)":11294.848214293479,"(1,3)":8129.700724261614,"(21,22)":8576.864151919877,"(12,11)":8334.611994710798,"(9,10)":21700.87242299177,"(14,11)":9858.863807913267,"(15,14)":9222.166047606845,"(10,15)":23424.861869431756,"(20,19)":8653.24314451113,"(16,10)":11112.989781144248,"(17,19)":9960.417866790052,"(15,10)":23481.784796570402,"(16,8)":8468.450569309165,"(4,3)":14283.645732944748,"(5,6)":8853.517367006212,"(23,24)":7964.3681540260795,"(8,6)":12717.259917310272,"(12,3)":10528.338364501436,"(18,7)":16166.043734035313,"(11,10)":17655.966237752426,"(15,22)":18514.78884858825,"(6,2)":6083.599784823817,"(8,7)":12023.46492498593,"(23,14)":8458.984639461096,"(18,20)":18766.895106493044,"(16,18)":15479.881854106634,"(3,12)":10067.582994227094,"(7,18)":15425.73795970288,"(9,5)":16273.059164940121},"3":{"(15,19)":19128.06228803878,"(20,21)":6390.015943296583,"(22,20)":6997.175729101502,"(23,22)":9610.80550738577,"(10,11)":17788.87153632181,"(8,9)":6991.415630540841,"(13,12)":12712.382025496792,"(24,21)":10257.327358417107,"(3,1)":8324.102683149855,"(19,17)":9935.833074699876,"(4,5)":17910.76356920548,"(17,16)":11720.04612952786,"(20,22)":7067.059113814472,"(22,21)":8649.992306972144,"(18,16)":15322.361567619417,"(6,5)":8882.324681605509,"(16,17)":11631.206711191397,"(22,15)":18395.708097221832,"(1,2)":4470.11703209861,"(22,23)":9727.02328693658,"(19,20)":8722.538579860566,"(9,8)":6992.0501426135115,"(11,12)":8513.362205244208,"(3,4)":14133.140214190538,"(8,16)":8390.723404621805,"(2,6)":5973.612157898845,"(11,4)":5353.704282068469,"(17,10)":8037.536705720932,"(4,11)":5304.519981935337,"(5,4)":18310.441800242246,"(2,1)":4540.154849843479,"(5,9)":15677.399988775393,"(7,8)":12222.003773074248,"(21,24)":10354.56033277969,"(19,15)":19222.18235335568,"(10,9)":22335.594245163917,"(24,23)":7877.607537181278,"(11,14)":9904.948565092622,"(14,15)":9002.872788740517,"(10,17)":8087.369717333282,"(20,18)":18986.272044041376,"(14,23)":8404.572675846599,"(13,24)":11153.288242551851,"(21,20)":6351.1865916624265,"(6,8)":12512.506406227007,"(10,16)":11118.36702717356,"(12,13)":12496.312872192662,"(24,13)":11227.114243919295,"(1,3)":8109.608865014387,"(21,22)":8585.71206582605,"(12,11)":8358.826314828428,"(9,10)":21729.08624388995,"(14,11)":9838.945690875227,"(15,14)":9177.476239090727,"(10,15)":23361.743269228187,"(20,19)":8667.431245882171,"(16,10)":11099.289777931534,"(17,19)":9960.141684065517,"(15,10)":23373.10400474818,"(16,8)":8450.4540410513,"(4,3)":14189.560435432753,