{"0":[4541.599999999999,8164.999999999998,4559.800000000001,5983.600000000005,8146.800000000003,14121.400000000007,10187.000000000002,14154.999999999995,18094.199999999983,5245.799999999995,18134.399999999994,8788.200000000004,15833.800000000005,6001.800000000004,8801.599999999991,12510.8,12137.199999999993,15853.800000000012,12542.400000000003,12074.800000000001,6899.800000000004,8389.400000000003,15860.599999999999,6852.800000000003,21780.799999999977,21860.599999999977,17740.800000000003,23157.2,11048.599999999999,8118.600000000005,5339.199999999998,17631.799999999992,8372.400000000001,9785.999999999998,10135.200000000004,8415.599999999997,12406.000000000002,12497.399999999996,11124.199999999995,9827.199999999999,9050.600000000002,8398.800000000005,23221.200000000004,9089.20000000001,19103.599999999984,18415.60000000001,8405.600000000002,11081.199999999995,11682.599999999999,15431.600000000011,8110.799999999999,11674.19999999999,9957.399999999989,15916.199999999995,15488.800000000001,19055.60000000002,19139.200000000026,9941.200000000015,8686.000000000007,19075.200000000004,8705.4,6332.2000000000035,7030.7999999999965,6270.399999999997,8637.200000000004,10308.000000000005,18382.600000000024,7031.600000000003,8619.800000000001,9678.40000000001,8401.399999999994,9628.799999999992,7930.0,11115.600000000004,10263.599999999993,7883.000000000003],"4":[4931.993685369703,8120.228779634687,4497.692374038123,6027.799315115488,8052.427831616547,14138.186699410466,10473.143901174602,14470.973226142887,18453.880481250508,5292.861941035587,18311.640317951274,8839.53860562245,16210.536685431116,6015.685958553066,8815.948195334626,12310.259210622604,12345.40012509184,16188.94920808906,12492.40260352003,12004.757570750722,6804.110168229005,8389.928765188186,16047.102995155064,6440.139388349493,21898.949649384565,21096.550879106366,17804.729554823232,22477.552161941778,10833.40904295104,8050.103756187165,5209.37705795354,17682.02124893435,8313.266715703212,9387.61353206122,10135.829983302376,8543.787943324378,12248.260424399086,12357.526744692068,11017.238971462528,10024.169756024308,9248.304028939294,8487.58957922227,23360.865022577247,8946.712533499898,18657.964665800904,18189.28918032267,8475.241522398797,11112.242673980385,11811.725935493618,15752.694326167348,8822.766115366809,11537.286062911122,9893.454547979512,15471.263082020156,16175.675270650168,19293.73466261729,18759.408582833308,10035.640514458999,8604.937806582633,19601.363748213225,8800.832249352698,6119.964691120128,6645.673114921048,6080.040825122521,8768.545319352575,10354.07325294156,18353.642674489423,7013.145888913722,8521.771200818657,9664.358534770048,8164.689167514177,9691.389004026758,7998.597971576505,11172.506603152318,10309.773907229719,7946.799570752171],"7":[4845.998740794818,8151.409005413212,4518.0907767019535,6035.469301961929,8140.259327842275,14180.43383330638,10281.429364025393,14242.09330526808,18265.605688551044,5379.719100332805,18201.136236505645,8838.588650244628,16104.58258875105,5976.601882137755,8822.93999990881,12412.265773037121,12410.531632060509,15958.337501628295,12535.981879546938,12164.742427018607,6823.852071041643,8417.5798079867,16052.716744934854,6674.017622580514,22013.12468905205,21538.185585742238,17797.06724266257,22863.268824178736,10955.94453555767,7990.458116104486,5174.035186531677,17789.841196680165,8387.770672926265,9601.791730878605,10284.700786924363,8457.996689278232,12360.525281680426,12449.90108162336,11107.961672981492,9977.208973233262,9217.89825502566,8566.689573779347,23422.800431175914,9028.035712447238,18782.432800327617,18401.35450350892,8499.598951374574,11103.605419993753,11719.15159699294,16059.29809632307,8661.857063622896,11634.827674322447,9941.879200872467,15639.335615487957,16000.545309036223,19385.93489387187,18839.642586011167,9987.00709876795,8678.158979892622,19446.494584837692,8726.746215082805,6251.465096157275,6706.903249261499,6151.085338203185,8651.305599268351,10391.600962464481,18340.811757815587,6888.354489395803,8569.19140284696,9740.687506096428,8196.421219761945,9671.487092560143,7969.551184616246,11141.484793780193,10311.448677979024,7951.42238608981],"9":[4842.2110228596375,8159.159185265872,4541.361088641835,6012.701815163658,8138.6634473585445,14141.853913201354,10273.715274410279,14204.994553276603,18214.24446216955,5374.504803497025,18170.267301281925,8808.023298565202,16034.368074811304,5965.244817499951,8781.386118415727,12404.334876542347,12379.621565839396,15888.796852661706,12518.49032580848,12128.30967700508,6814.697492359499,8411.77276390833,16019.548660689985,6657.147862380825,21963.408610739138,21521.400076526137,17775.783129283664,22837.038113676568,10949.125183437716,7980.175995589389,5166.493830864325,17764.563263203112,8372.19488649063,9606.622652950728,10282.030953643753,8432.558474909618,12340.53150658528,12432.435306413861,11087.296726234412,9961.815571186818,9205.341184556288,8559.296700251889,23396.91980558149,9018.84764289526,18770.988247581736,18399.49145675565,8490.864368032007,11097.03163808869,11712.649501098478,16055.75977120449,8639.278743166778,11631.393129845987,9940.944164651031,15602.162645698136,15987.841712554846,19352.70740352869,18831.485183860295,9984.57902852419,8670.718214635323,19416.965488247373,8717.058932934959,6242.817790748035,6696.444770226499,6139.231337541121,8647.65212836681,10378.706346278392,18334.430644934073,6881.390119194046,8568.876806175265,9730.903196559417,8189.466541521762,9665.047670882954,7952.0410257875365,11122.549298386326,10291.70257297005,7933.684089779415],"2":[4886.717867211341,8070.236331355498,4441.313255320815,6051.825733238743,7999.823980714224,14133.911665836416,10487.319176121446,14479.102012806496,18457.625412139994,5282.117567668912,18296.392113864586,8867.370307481098,16259.276288953439,6034.789032166054,8856.07481329132,12285.868496269652,12329.904147874297,16195.74758472364,12474.887403197974,11996.03219015905,6803.683103237428,8395.691302139257,16057.808706584827,6441.691903072221,21912.609084801086,21072.913713966,17816.99777585814,22452.115451747963,10825.882876729996,8056.112433096942,5211.527101800393,17671.193231102254,8316.67169454041,9376.688468836153,10127.395766303878,8552.630005419169,12250.523996969267,12351.615420350452,11027.729214342753,10019.491035315972,9261.057236719691,8481.477975232187,23354.27776450122,8931.174153805936,18661.85306637894,18193.2944771805,8479.785719644886,11114.655270227193,11839.6153312938,15688.680933311502,8830.959858957924,11546.288916724776,9903.603393523312,15443.15475493056,16168.964150846461,19276.296935599545,18755.16509874885,10043.836494283678,8618.043861306389,19617.96860148462,8804.325735357696,6115.178475374787,6642.81961344832,6082.593291926472,8778.47309368282,10356.272023351297,18358.97194992591,7021.189928439479,8534.279132582387,9660.64207633565,8169.976550678818,9695.493898171873,7991.832548586336,11182.999313674898,10308.240323307762,7946.603181063772],