{"0":[4541.599999999999,8164.999999999998,4559.800000000001,5983.600000000005,8146.800000000003,14121.400000000007,10187.000000000002,14154.999999999995,18094.199999999983,5245.799999999995,18134.399999999994,8788.200000000004,15833.800000000005,6001.800000000004,8801.599999999991,12510.8,12137.199999999993,15853.800000000012,12542.400000000003,12074.800000000001,6899.800000000004,8389.400000000003,15860.599999999999,6852.800000000003,21780.799999999977,21860.599999999977,17740.800000000003,23157.2,11048.599999999999,8118.600000000005,5339.199999999998,17631.799999999992,8372.400000000001,9785.999999999998,10135.200000000004,8415.599999999997,12406.000000000002,12497.399999999996,11124.199999999995,9827.199999999999,9050.600000000002,8398.800000000005,23221.200000000004,9089.20000000001,19103.599999999984,18415.60000000001,8405.600000000002,11081.199999999995,11682.599999999999,15431.600000000011,8110.799999999999,11674.19999999999,9957.399999999989,15916.199999999995,15488.800000000001,19055.60000000002,19139.200000000026,9941.200000000015,8686.000000000007,19075.200000000004,8705.4,6332.2000000000035,7030.7999999999965,6270.399999999997,8637.200000000004,10308.000000000005,18382.600000000024,7031.600000000003,8619.800000000001,9678.40000000001,8401.399999999994,9628.799999999992,7930.0,11115.600000000004,10263.599999999993,7883.000000000003],"4":[5059.181228632254,8181.412873639266,4595.365724705079,5996.187276786442,8375.091474967548,14141.658055843025,10355.253621741396,14544.291896506633,18284.43630039898,5351.574756105253,18495.13381813396,8807.414820815893,16005.613741271201,6033.250670530736,8798.735448328938,12323.524798503884,12412.494251702838,15810.315656347593,12619.466614602556,11899.787746015289,6788.301966249348,8391.97913755937,16248.527959710247,6425.1926852405895,21869.600725637323,21494.388533398163,17885.659078648074,22568.339029430877,10898.05119137873,8013.600388686672,5201.049318000338,17699.413260778627,8495.071105093153,9482.290350043233,10337.83560330604,8529.629573850296,12323.473425460621,12562.769916860432,11030.383032715523,10078.000237462637,9239.72464640415,8497.011745306741,23548.552813227485,9001.31252293284,18685.647613864865,18305.26119868998,8532.691485076288,11163.762222801013,11821.658661858453,15599.417919969052,8835.44324516828,11609.648190239011,9969.118520220703,15471.119824254272,15938.551693036618,18958.031403100475,18860.49810547853,10115.419720593029,8660.63032954652,19452.631425680152,8788.401100755756,6096.171345840824,6627.866790437781,6089.7849485289125,8780.376257995194,10416.965867516017,18417.46480006354,6974.110304363018,8604.332400991549,9731.320629825555,8189.612416521905,9710.361104782925,8017.262335825633,11290.92388526603,10301.942006013098,7949.115263734471],"2":[5025.46216109419,8147.0197435131695,4559.432619729812,6031.889865606853,8366.824146661575,14245.123667721753,10473.587363255932,14668.605193749612,18370.23789680096,5362.708469253228,18609.828466735908,8873.23382964417,16113.469961483286,6098.379863040291,8873.582401400457,12311.228219546485,12525.898569205094,15910.428298333904,12656.227819339683,11974.329796136688,6876.0623123849255,8387.270758058505,16383.349600973464,6517.859316360248,21871.81273566736,21528.76384964792,17892.6419820284,22567.250365509706,10868.260107970113,8020.3847012756605,5214.905047733096,17689.636981573472,8479.807100707201,9453.712431762253,10489.716105397403,8496.77786621002,12368.708529221123,12641.503192646373,11024.88320407495,10065.842687671828,9250.410035536144,8502.018683541703,23585.723390604428,9005.350883045076,18611.88511067709,18249.75329498009,8534.473172925596,11154.453556511819,11801.165825863312,15803.868206767625,8857.340079624011,11579.284298826919,9905.105200153366,15589.87008557238,16185.457046751426,19078.589457712184,18803.741685234036,10045.972363537636,8649.750624930091,19632.123221902744,8769.055058984553,6130.817549955975,6622.421652563312,6132.667275171448,8744.538224708802,10411.13343094221,18362.714636137323,6990.955031878786,8557.260461148928,9711.797713871221,8198.279415052375,9679.920997459545,8038.501990754751,11323.91454922945,10294.091348564898,7946.147224377561],"3":[4869.392310187523,7992.179506080942,4406.795648609656,6035.686759251181,8184.639265059926,13983.755112285273,10225.567455766683,14377.60330585864,18123.834864304543,5347.701839783631,18324.44247395966,8958.985770993428,15933.937344688722,6073.96899534477,8952.616981772078,12284.086084869026,12328.623713595303,15678.218666361037,12583.557326582606,11728.103979900055,6703.961913863353,8392.389367116279,16164.451071782294,6295.3066247762845,21929.06568491024,21495.906993247343,17919.43395165455,22613.585282582502,10943.913372183406,8017.44842927908,5198.4806626683385,17725.971626067632,8565.37572233904,9530.622221702044,10215.716242072258,8612.971820553586,12267.746063078857,12527.646988676996,11057.501617585247,10107.382232936201,9263.615306377922,8503.188954022198,23563.84998628871,9017.359968296754,18804.844034436515,18358.261976913407,8494.363920318705,11191.790423160724,11882.00876276985,15307.079374581926,8836.344354589746,11670.62160258797,10106.190130978914,15426.836062275424,15589.018061452438,18743.987416835327,18958.28931994258,10250.167711617834,8675.874113050093,19269.205581225662,8779.916058418308,6079.773683536825,6631.119029747833,6085.122651434213,8830.464473951737,10451.150722368639,18454.07848969435,6972.51649443342,8659.53800521928,9764.78231095187,8184.682963661986,9727.707036348174,8029.715757966866,11338.64690433408,10342.744837803839,7934.346274739261],"1":[4756.609943745856,8016.358133009314,4348.248867852692,6074.006002474212,7664.207068287936,14025.377902643897,10489.989742734744,14265.826933720418,18520.126563941845,5225.722025055258,17976.41071099311,8871.002934759099,16357.389573836372,5987.107670222121,8850.97148625202,12280.014436580834,12148.262027550845,16474.3963993828,12328.663815712694,12029.863643141407,6719.891134175007,8392.491448150511,15705.512895684875,6365.714120342866,21952.511921888137,20657.302066342618,17760.15783908449,22361.3868784381,10795.22404057302,8093.131067195897,5214.301071058333,17666.770404800696,8185.590475365658,9317.134678943272,9796.811827046362,8610.516926301303,12128.585641733145,12069.086775320171,11033.43549513914,9971.889583637729,9279.337533302361,8462.320593629773,23143.436494475663,8866.444803291464,18731.129184929552,18142.303905293324,8424.912598722385,11083.96757137929,11871.108977634722,15586.334518404536,8783.14574751134,11519.955135130562,9908.508958795866,15325.118452004437,16159.390414630207,19441.978125934933,18736.792950425588,10038.466031159904,8585.965380063933,19580.50484713701,8832.332761254338,6101.679557273204,6669.5987846343905,6035.205439576773,8805.690674344272,10291.433357585878,18343.532717951035,7054.13313302551,8507.04580492608,9619.854923806695,8154.570350416883,9704.948776968635,7964.838961918344,11051.49158556861,10313.06855971646,7957.847083012421]}