{"0":{"(15,19)":19103.599999999984,"(20,21)":6332.2000000000035,"(22,20)":7031.600000000003,"(23,22)":9628.799999999992,"(10,11)":17740.800000000003,"(8,9)":6899.800000000004,"(13,12)":12497.399999999996,"(24,21)":10263.599999999993,"(3,1)":8146.800000000003,"(19,17)":9941.200000000015,"(4,5)":18094.199999999983,"(17,16)":11674.19999999999,"(20,22)":7030.7999999999965,"(22,21)":8619.800000000001,"(18,16)":15488.800000000001,"(6,5)":8801.599999999991,"(16,17)":11682.599999999999,"(22,15)":18382.600000000024,"(1,2)":4541.599999999999,"(22,23)":9678.40000000001,"(19,20)":8686.000000000007,"(9,8)":6852.800000000003,"(11,12)":8372.400000000001,"(3,4)":14121.400000000007,"(8,16)":8389.400000000003,"(2,6)":5983.600000000005,"(11,4)":5339.199999999998,"(17,10)":8110.799999999999,"(4,11)":5245.799999999995,"(5,4)":18134.399999999994,"(2,1)":4559.800000000001,"(5,9)":15833.800000000005,"(7,8)":12137.199999999993,"(21,24)":10308.000000000005,"(19,15)":19139.200000000026,"(10,9)":21860.599999999977,"(24,23)":7883.000000000003,"(11,14)":9785.999999999998,"(14,15)":9050.600000000002,"(10,17)":8118.600000000005,"(20,18)":19075.200000000004,"(14,23)":8398.800000000005,"(13,24)":11124.199999999995,"(21,20)":6270.399999999997,"(6,8)":12510.8,"(10,16)":11048.599999999999,"(12,13)":12406.000000000002,"(24,13)":11115.600000000004,"(1,3)":8164.999999999998,"(21,22)":8637.200000000004,"(12,11)":8415.599999999997,"(9,10)":21780.799999999977,"(14,11)":9827.199999999999,"(15,14)":9089.20000000001,"(10,15)":23157.2,"(20,19)":8705.4,"(16,10)":11081.199999999995,"(17,19)":9957.399999999989,"(15,10)":23221.200000000004,"(16,8)":8405.600000000002,"(4,3)":14154.999999999995,"(5,6)":8788.200000000004,"(23,24)":7930.0,"(8,6)":12542.400000000003,"(12,3)":10135.200000000004,"(18,7)":15916.199999999995,"(11,10)":17631.799999999992,"(15,22)":18415.60000000001,"(6,2)":6001.800000000004,"(8,7)":12074.800000000001,"(23,14)":8401.399999999994,"(18,20)":19055.60000000002,"(16,18)":15431.600000000011,"(3,12)":10187.000000000002,"(7,18)":15853.800000000012,"(9,5)":15860.599999999999},"4":{"(15,19)":18910.098163782135,"(20,21)":6223.382011036764,"(22,20)":7034.868800770819,"(23,22)":9670.9749151055,"(10,11)":17758.385436118162,"(8,9)":6828.739878973138,"(13,12)":12361.611326068523,"(24,21)":10279.561631718747,"(3,1)":7982.7498734954925,"(19,17)":9989.41066987758,"(4,5)":18303.473841218714,"(17,16)":11599.222651614142,"(20,22)":6844.767919444797,"(22,21)":8571.445902063178,"(18,16)":15810.218029565647,"(6,5)":8824.018127957786,"(16,17)":11763.053470779305,"(22,15)":18359.791403587413,"(1,2)":4671.526908916281,"(22,23)":9653.07317068313,"(19,20)":8637.579020411355,"(9,8)":6635.881804561214,"(11,12)":8307.035831150399,"(3,4)":14099.71480866892,"(8,16)":8391.562224550857,"(2,6)":6012.581616859312,"(11,4)":5273.623915298087,"(17,10)":8454.594824213613,"(4,11)":5250.551475989876,"(5,4)":18134.744359068238,"(2,1)":4475.323631447902,"(5,9)":16081.708613483284,"(7,8)":12176.243515920565,"(21,24)":10320.232176197105,"(19,15)":18950.01125849442,"(10,9)":21376.491010304184,"(24,23)":7922.580027286874,"(11,14)":9572.678790466192,"(14,15)":9153.435423111858,"(10,17)":8090.337154157413,"(20,18)":19337.728522281108,"(14,23)":8437.741945523558,"(13,24)":11071.863074621775,"(21,20)":6168.168196165286,"(6,8)":12392.596238477261,"(10,16)":10930.698921752186,"(12,13)":12296.18860583483,"(24,13)":11115.708254072124,"(1,3)":8101.27764409267,"(21,22)":8704.570325913324,"(12,11)":8494.42444563299,"(9,10)":21865.787871121065,"(14,11)":9925.047708056098,"(15,14)":8999.860252945007,"(10,15)":22785.759962834218,"(20,19)":8757.474439988255,"(16,10)":11093.667446670992,"(17,19)":9925.332004454249,"(15,10)":23226.54348452798,"(16,8)":8428.868058095915,"(4,3)":14243.542208558883,"(5,6)":8834.923335710395,"(23,24)":7951.837275933181,"(8,6)":12469.078828677375,"(12,3)":10041.604408244786,"(18,7)":15640.95515542413,"(11,10)":17657.062442096354,"(15,22)":18281.31456115122,"(6,2)":6005.968447959255,"(8,7)":12038.24681988253,"(23,14)":8278.833724697697,"(18,20)":19208.700394550448,"(16,18)":15511.527966748421,"(3,12)":10312.060462254734,"(7,18)":16090.648095051254,"(9,5)":15879.902787322582},"2":{"(15,19)":18906.18814634926,"(20,21)":6224.125667227601,"(22,20)":7034.887028853319,"(23,22)":9661.602381091738,"(10,11)":17758.025841170373,"(8,9)":6831.518150306845,"(13,12)":12359.02970473487,"(24,21)":10283.51229573247,"(3,1)":7985.850995847677,"(19,17)":9983.468704915378,"(4,5)":18298.764000882067,"(17,16)":11595.27485095247,"(20,22)":6844.765886296899,"(22,21)":8562.471932563045,"(18,16)":15828.206783092277,"(6,5)":8823.797860692443,"(16,17)":11762.202341637916,"(22,15)":18359.081890609825,"(1,2)":4674.632390370186,"(22,23)":9661.397398252155,"(19,20)":8640.329642128172,"(9,8)":6632.5429518577685,"(11,12)":8305.579257074183,"(3,4)":14094.962781751763,"(8,16)":8384.386698286444,"(2,6)":6013.230752979469,"(11,4)":5273.640381681187,"(17,10)":8454.613646168185,"(4,11)":5250.544748938649,"(5,4)":18139.844927798928,"(2,1)":4473.154261882729,"(5,9)":16069.87560579201,"(7,8)":12179.326315245939,"(21,24)":10312.013573858929,"(19,15)":18947.77985908088,"(10,9)":21376.525256805868,"(24,23)":7921.221332199957,"(11,14)":9568.293212048422,"(14,15)":9162.398399780534,"(10,17)":8090.348080887932,"(20,18)":19344.13981192378,"(14,23)":8433.018118506578,"(13,24)":11074.457174886811,"(21,20)":6169.091773524068,"(6,8)":12400.362817382633,"(10,16)":10929.25496694535,"(12,13)":12295.16275795478,"(24,13)":11116.757600110961,"(1,3)":8099.11698481721,"(21,22)":8707.598149072099,"(12,11)":8495.997130717533,"(9,10)":21857.24905292568,"(14,11)":9918.661868994244,"(15,14)":8999.69800559901,"(10,15)":22784.552650972466,"(20,19)":8758.835857650029,"(16,10)":11094.788636632775,"(17,19)":9922.46767307452,"(15,10)":23230.425920539237,"(16,8)":8426.158762897827,"(4,3)":14248.65504576594,"(5,6)":8839.5991855181,"(23,24)":7961.096970964463,"(8,6)":12466.678270493165,"(12,3)":10037.471114327214,"(18,7)":15642.979227420265,"(11,10)":17657.67586306795,"(15,22)":18286.305811588543,"(6,2)":6001.360521071767,"(8,7)":12049.85926467912,"(23,14)":8281.202061947759,"(18,20)":19213.51131635165,"(16,18)":15519.357670822072,"(3,12)":10312.524727178929,"(7,18)":16101.252934481787,"(9,5)":15882.765907412437},"3":{"(15,19)":18910.098163782135,"(20,21)":6223.382011036764,"(22,20)":7034.868800770819,"(23,22)":9670.9749151055,"(10,11)":17758.385436118162,"(8,9)":6828.739878973138,"(13,12)":12361.611326068523,"(24,21)":10279.561631718747,"(3,1)":7982.7498734954925,"(19,17)":9989.41066987758,"(4,5)":18303.473841218714,"(17,16)":11599.222651614142,"(20,22)":6844.767919444797,"(22,21)":8571.445902063178,"(18,16)":15810.218029565647,"(6,5)":8824.018127957786,"(16,17)":11763.053470779305,"(22,15)":18359.791403587413,"(1,2)":4671.526908916281,"(22,23)":9653.07317068313,"(19,20)":8637.579020411355,"(9,8)":6635.881804561214,"(11,12)":8307.035831150399,"(3,4)":14099.71480866892,"(8,16)":8391.562224550857,"(2,6)":6012.581616859312,"(11,4)":5273.623915298087,"(17,10)":8454.594824213613,"(4,11)":5250.551475989876,"(5,4)":18134.744359068238,"(2,1)":4475.323631447902,"(5,9)":16081.708613483284,"(7,8)":12176.243515920565,"(21,24)":10320.232176197105,"(19,15)":18950.01125849442,"(10,9)":21376.491010304184,"(24,23)":7922.580027286874,"(11,14)":9572.678790466192,"(14,15)":9153.435423111858,"(10,17)":8090.337154157413,"(20,18)":19337.728522281108,"(14,23)":8437.741945523558,"(13,24)":11071.863074621775,"(21,20)":6168.168196165286,"(6,8)":12392.596238477261,"(10,16)":10930.698921752186,"(12,13)":12296.18860583483,"(24,13)":11115.708254072124,"(1,3)":8101.27764409267,"(21,22)":8704.570325913324,"(12,11)":8494.42444563299,"(9,10)":21865.787871121065,"(14,11)":9925.047708056098,"(15,14)":8999.860252945007,"(10,15)":22785.759962834218,"(20,19)":8757.474439988255,"(16,10)":11093.667446670992,"(17,19)":9925.332004454249,"(15,10)":23226.54348452798,"(16,8)":8428.868058095915,"(4,3)":14243.542208558883,