{"0":{"(15,19)":19103.599999999984,"(20,21)":6332.2000000000035,"(22,20)":7031.600000000003,"(23,22)":9628.799999999992,"(10,11)":17740.800000000003,"(8,9)":6899.800000000004,"(13,12)":12497.399999999996,"(24,21)":10263.599999999993,"(3,1)":8146.800000000003,"(19,17)":9941.200000000015,"(4,5)":18094.199999999983,"(17,16)":11674.19999999999,"(20,22)":7030.7999999999965,"(22,21)":8619.800000000001,"(18,16)":15488.800000000001,"(6,5)":8801.599999999991,"(16,17)":11682.599999999999,"(22,15)":18382.600000000024,"(1,2)":4541.599999999999,"(22,23)":9678.40000000001,"(19,20)":8686.000000000007,"(9,8)":6852.800000000003,"(11,12)":8372.400000000001,"(3,4)":14121.400000000007,"(8,16)":8389.400000000003,"(2,6)":5983.600000000005,"(11,4)":5339.199999999998,"(17,10)":8110.799999999999,"(4,11)":5245.799999999995,"(5,4)":18134.399999999994,"(2,1)":4559.800000000001,"(5,9)":15833.800000000005,"(7,8)":12137.199999999993,"(21,24)":10308.000000000005,"(19,15)":19139.200000000026,"(10,9)":21860.599999999977,"(24,23)":7883.000000000003,"(11,14)":9785.999999999998,"(14,15)":9050.600000000002,"(10,17)":8118.600000000005,"(20,18)":19075.200000000004,"(14,23)":8398.800000000005,"(13,24)":11124.199999999995,"(21,20)":6270.399999999997,"(6,8)":12510.8,"(10,16)":11048.599999999999,"(12,13)":12406.000000000002,"(24,13)":11115.600000000004,"(1,3)":8164.999999999998,"(21,22)":8637.200000000004,"(12,11)":8415.599999999997,"(9,10)":21780.799999999977,"(14,11)":9827.199999999999,"(15,14)":9089.20000000001,"(10,15)":23157.2,"(20,19)":8705.4,"(16,10)":11081.199999999995,"(17,19)":9957.399999999989,"(15,10)":23221.200000000004,"(16,8)":8405.600000000002,"(4,3)":14154.999999999995,"(5,6)":8788.200000000004,"(23,24)":7930.0,"(8,6)":12542.400000000003,"(12,3)":10135.200000000004,"(18,7)":15916.199999999995,"(11,10)":17631.799999999992,"(15,22)":18415.60000000001,"(6,2)":6001.800000000004,"(8,7)":12074.800000000001,"(23,14)":8401.399999999994,"(18,20)":19055.60000000002,"(16,18)":15431.600000000011,"(3,12)":10187.000000000002,"(7,18)":15853.800000000012,"(9,5)":15860.599999999999},"2":{"(15,19)":18929.199345328074,"(20,21)":6223.472929434927,"(22,20)":7042.550991219726,"(23,22)":9679.659379437122,"(10,11)":17742.44180678104,"(8,9)":6811.32347512453,"(13,12)":12292.399643318258,"(24,21)":10278.579522760541,"(3,1)":7899.567635895634,"(19,17)":9986.511103724546,"(4,5)":18311.486879756696,"(17,16)":11591.130753556816,"(20,22)":6848.839570617487,"(22,21)":8563.504817442285,"(18,16)":15801.538375095004,"(6,5)":8832.83815022947,"(16,17)":11773.103981112106,"(22,15)":18360.071581482527,"(1,2)":4637.026389556914,"(22,23)":9640.822717521092,"(19,20)":8636.43868209007,"(9,8)":6626.741541376495,"(11,12)":8275.682099742573,"(3,4)":14068.281231488196,"(8,16)":8395.82999314159,"(2,6)":6014.298876993022,"(11,4)":5275.291975258023,"(17,10)":8450.425435158473,"(4,11)":5237.659379795097,"(5,4)":18070.615784206195,"(2,1)":4446.050731618544,"(5,9)":16106.464566219525,"(7,8)":12138.265931280286,"(21,24)":10305.174977220888,"(19,15)":18948.894395048115,"(10,9)":21280.805156059374,"(24,23)":7929.128407213409,"(11,14)":9556.592199799838,"(14,15)":9165.961744539978,"(10,17)":8099.353154399014,"(20,18)":19335.11735102355,"(14,23)":8437.21191103703,"(13,24)":11074.109777567055,"(21,20)":6157.366212775442,"(6,8)":12380.983279267713,"(10,16)":10921.27416084271,"(12,13)":12266.739490373775,"(24,13)":11087.254408935612,"(1,3)":8080.659054158245,"(21,22)":8709.94958270407,"(12,11)":8511.07605670453,"(9,10)":21866.502686877004,"(14,11)":9906.601016736107,"(15,14)":8997.532911230424,"(10,15)":22765.367015548174,"(20,19)":8767.236053862585,"(16,10)":11079.24346292581,"(17,19)":9925.849578247793,"(15,10)":23183.98361991048,"(16,8)":8417.902925806742,"(4,3)":14205.550998579649,"(5,6)":8828.762446193396,"(23,24)":7948.381152106304,"(8,6)":12438.238521463674,"(12,3)":9953.14770241555,"(18,7)":15618.444787724897,"(11,10)":17650.992612761715,"(15,22)":18265.42013029823,"(6,2)":5987.664156470084,"(8,7)":12040.51113041654,"(23,14)":8270.802351232836,"(18,20)":19251.064267205384,"(16,18)":15491.123326480518,"(3,12)":10316.523603955236,"(7,18)":16148.765976721867,"(9,5)":15799.934653119652},"3":{"(15,19)":18929.199345328074,"(20,21)":6223.472929434927,"(22,20)":7042.550991219726,"(23,22)":9679.659379437122,"(10,11)":17742.44180678104,"(8,9)":6811.32347512453,"(13,12)":12292.399643318258,"(24,21)":10278.579522760541,"(3,1)":7899.567635895634,"(19,17)":9986.511103724546,"(4,5)":18311.486879756696,"(17,16)":11591.130753556816,"(20,22)":6848.839570617487,"(22,21)":8563.504817442285,"(18,16)":15801.538375095004,"(6,5)":8832.83815022947,"(16,17)":11773.103981112106,"(22,15)":18360.071581482527,"(1,2)":4637.026389556914,"(22,23)":9640.822717521092,"(19,20)":8636.43868209007,"(9,8)":6626.741541376495,"(11,12)":8275.682099742573,"(3,4)":14068.281231488196,"(8,16)":8395.82999314159,"(2,6)":6014.298876993022,"(11,4)":5275.291975258023,"(17,10)":8450.425435158473,"(4,11)":5237.659379795097,"(5,4)":18070.615784206195,"(2,1)":4446.050731618544,"(5,9)":16106.464566219525,"(7,8)":12138.265931280286,"(21,24)":10305.174977220888,"(19,15)":18948.894395048115,"(10,9)":21280.805156059374,"(24,23)":7929.128407213409,"(11,14)":9556.592199799838,"(14,15)":9165.961744539978,"(10,17)":8099.353154399014,"(20,18)":19335.11735102355,"(14,23)":8437.21191103703,"(13,24)":11074.109777567055,"(21,20)":6157.366212775442,"(6,8)":12380.983279267713,"(10,16)":10921.27416084271,"(12,13)":12266.739490373775,"(24,13)":11087.254408935612,"(1,3)":8080.659054158245,"(21,22)":8709.94958270407,"(12,11)":8511.07605670453,"(9,10)":21866.502686877004,"(14,11)":9906.601016736107,"(15,14)":8997.532911230424,"(10,15)":22765.367015548174,"(20,19)":8767.236053862585,"(16,10)":11079.24346292581,"(17,19)":9925.849578247793,"(15,10)":23183.98361991048,"(16,8)":8417.902925806742,"(4,3)":14205.550998579649,"(5,6)":8828.762446193396,"(23,24)":7948.381152106304,"(8,6)":12438.238521463674,"(12,3)":9953.14770241555,"(18,7)":15618.444787724897,"(11,10)":17650.992612761715,"(15,22)":18265.42013029823,"(6,2)":5987.664156470084,"(8,7)":12040.51113041654,"(23,14)":8270.802351232836,"(18,20)":19251.064267205384,"(16,18)":15491.123326480518,"(3,12)":10316.523603955236,"(7,18)":16148.765976721867,"(9,5)":15799.934653119652},"1":{"(15,19)":18925.354740187064,"(20,21)":6224.453053685239,"(22,20)":7043.645842986354,"(23,22)":9668.427815862082,"(10,11)":17752.03294925634,"(8,9)":6814.18100215793,"(13,12)":12283.86718303084,"(24,21)":10283.150912867182,"(3,1)":7890.404556642578,"(19,17)":9985.276209974787,"(4,5)":18317.136897990127,"(17,16)":11587.71482274087,"(20,22)":6849.758177895653,"(22,21)":8570.659702792422,"(18,16)":15814.812235667314,"(6,5)":8826.179171207963,"(16,17)":11774.863180584787,"(22,15)":18350.15671680493,"(1,2)":4634.817218752263,"(22,23)":9639.084551500911,"(19,20)":8632.759668503813,"(9,8)":6624.768473297205,"(11,12)":8271.143849073324,"(3,4)":14065.223637879433,"(8,16)":8392.913718815047,"(2,6)":6017.226779456554,"(11,4)":5274.030622042298,"(17,10)":8449.827119299915,"(4,11)":5231.133941344035,"(5,4)":18058.781429088212,"(2,1)":4445.557681941745,"(5,9)":16113.814606568096,"(7,8)":12134.9158663375,"(21,24)":10311.816686833828,"(19,15)":18943.755195928476,"(10,9)":21269.440772746748,"(24,23)":7924.696721390564,"(11,14)":9559.543444800182,"(14,15)":9175.820711002129,"(10,17)":8100.639593472031,"(20,18)":19341.769108759407,"(14,23)":8427.465049104976,"(13,24)":11073.537681167263,"(21,20)":6158.1856063639925,"(6,8)":12383.400097920869,"(10,16)":10920.72919274047,"(12,13)":12264.857714033935,"(24,13)":11081.324628585411,"(1,3)":8081.401090139328,"(21,22)":8713.529150942595,"(12,11)":8509.396593149791,"(9,10)":21872.824341120035,"(14,11)":9896.31394233577,"(15,14)":8974.839256136675,"(10,15)":22753.88968452004,"(20,19)":8764.120681170782,"(16,10)":11079.740202593139,"(17,19)":9927.688924714423,"(15,10)":23183.741015718373,"(16,8)":8415.377461621107,"(4,3)":14197.55776868686,