{"0":[4541.599999999999,8164.999999999998,4559.800000000001,5983.600000000005,8146.800000000003,14121.400000000007,10187.000000000002,14154.999999999995,18094.199999999983,5245.799999999995,18134.399999999994,8788.200000000004,15833.800000000005,6001.800000000004,8801.599999999991,12510.8,12137.199999999993,15853.800000000012,12542.400000000003,12074.800000000001,6899.800000000004,8389.400000000003,15860.599999999999,6852.800000000003,21780.799999999977,21860.599999999977,17740.800000000003,23157.2,11048.599999999999,8118.600000000005,5339.199999999998,17631.799999999992,8372.400000000001,9785.999999999998,10135.200000000004,8415.599999999997,12406.000000000002,12497.399999999996,11124.199999999995,9827.199999999999,9050.600000000002,8398.800000000005,23221.200000000004,9089.20000000001,19103.599999999984,18415.60000000001,8405.600000000002,11081.199999999995,11682.599999999999,15431.600000000011,8110.799999999999,11674.19999999999,9957.399999999989,15916.199999999995,15488.800000000001,19055.60000000002,19139.200000000026,9941.200000000015,8686.000000000007,19075.200000000004,8705.4,6332.2000000000035,7030.7999999999965,6270.399999999997,8637.200000000004,10308.000000000005,18382.600000000024,7031.600000000003,8619.800000000001,9678.40000000001,8401.399999999994,9628.799999999992,7930.0,11115.600000000004,10263.599999999993,7883.000000000003],"4":[4533.2729608968975,8157.971744167694,4553.782099101603,5973.937247214586,8128.422532996507,14123.431935054563,10179.678261204986,14148.829698157382,18108.328383336946,5242.760615458465,18125.39574793615,8800.41677786662,15842.695032613836,5998.296962736101,8806.176931040534,12507.85470715884,12135.880614509339,15876.601177243694,12539.839158022585,12076.642996272,6895.629021869483,8384.301469114227,15852.482184880564,6844.418765313496,21791.0861445991,21845.020339429197,17754.09477807905,23145.456639171123,11043.22329105729,8116.829504275126,5340.436738237544,17624.80289019384,8376.97290731748,9787.612440350676,10123.551441105423,8421.491342842086,12399.777185575129,12489.467387007162,11124.793288976141,9824.402826389456,9049.364173387206,8400.873483646868,23224.273023103302,9083.041366316149,19104.67118368627,18409.232173854707,8405.268167972696,11074.601185664558,11678.6623280862,15423.647084763339,8126.353716450189,11661.971584657442,9950.049463125062,15920.74120124926,15491.485796001647,19069.91818387084,19135.018538469205,9940.369368308842,8681.439405417277,19091.603542798868,8703.405891759958,6331.458452433782,7025.916234690212,6270.69998809059,8628.91381760247,10318.28674640594,18390.614709112557,7030.710934450756,8622.498968576521,9666.840798063615,8387.591031414358,9644.187225110998,7919.9944836365285,11116.596549478976,10261.42767808502,7886.635109643759],"2":[4496.980529566413,8039.0335794415805,4419.930638269336,6010.212919108798,7927.172825729844,14045.62334230457,10209.760912220954,14115.654737579205,18172.550745749646,5235.947907911784,18053.377661598133,8866.799172393563,15981.548423065015,6013.168522407459,8866.460174607153,12419.853007108803,12117.083821153523,15988.553771800645,12461.197444097332,12044.742153168027,6866.470146125969,8388.673087562507,15830.897468494231,6749.57460842506,21822.209396846985,21557.914381553022,17750.805321311138,22964.06229887455,10994.862481401826,8104.854907657619,5302.638461753405,17647.71847403404,8333.659486162824,9665.118797746407,10002.976250205034,8467.996508677108,12323.775801836262,12378.379877679447,11109.410675443409,9863.962472260619,9105.689005934399,8427.422266550693,23201.382931355787,9050.926241283587,19023.78017472667,18333.755843237774,8412.000884292556,11085.134828362148,11739.68921356161,15412.067564197461,8277.309742683885,11641.731009428617,9946.91475037658,15745.8392149295,15598.882106185829,19123.086267863306,19051.347034890598,9969.373333486063,8663.136404577857,19169.687691166644,8740.581379196481,6283.9560699877,6940.2087561739645,6217.554430418337,8679.415594154663,10311.237340639533,18373.154883237967,7038.818410324959,8601.606868135,9653.341600436484,8339.123026850237,9663.264910790833,7941.482197364387,11108.144043972503,10270.261788384189,7916.73966933056],"3":[4517.376280045129,8126.473633895796,4518.864179112532,5980.484880352059,8086.002692782039,14119.016710969767,10193.048899567191,14154.093660087246,18115.239987831414,5247.152045072378,18114.38770862183,8811.239078742305,15872.101003115073,5998.533736530739,8824.79747667194,12482.15757133638,12129.974000321188,15890.984015518918,12521.784764686765,12058.565978535757,6890.113476495796,8391.939493991282,15851.130876171328,6832.950881879415,21793.284331036135,21795.16059650221,17747.390789084428,23126.91959467864,11037.33875591376,8117.083282422408,5337.148661716099,17640.69263170843,8371.046026883287,9760.422632210619,10112.390609809843,8430.869554224675,12388.49716175619,12473.260775807852,11121.23315645966,9839.580821083076,9055.492894554054,8410.280202240847,23214.246752156756,9090.947634656133,19090.64101614889,18391.24838063028,8404.421956453034,11079.584249419635,11686.670403517315,15428.566760420616,8153.315565017048,11660.347130414,9944.736060272702,15897.328917766861,15504.47442152125,19085.426526565177,19116.249085956988,9943.852333236644,8676.961639511625,19109.500938826357,8707.318585105764,6326.265857005581,7014.74439651297,6262.953856100494,8644.815895019692,10312.389330272053,18385.167665393943,7034.157739014433,8612.360215201083,9665.571301819817,8383.352848974193,9636.048991629998,7928.211947242204,11115.109354284736,10270.701480259411,7882.849500621377],"5":[4536.660848975622,8153.173073899597,4548.983428833489,5977.330202092075,8131.810421075221,14120.040770048401,10184.886639003025,14158.831679424758,18104.93721833082,5242.760615458465,18135.39772920353,8792.820265879365,15847.30544353513,5993.50335926676,8800.36978827045,12503.646083250309,12130.890106602608,15861.387548138595,12529.233344984399,12061.426075152349,6899.462169024873,8394.518712040985,15868.69637285821,6843.62771102911,21796.487609804786,21857.401380251453,17754.955010425103,23142.660696549556,11046.809067002385,8116.829504275126,5340.436738237544,17624.862061096275,8372.364131025499,9793.425247576553,10123.553230976771,8422.692518185862,12400.376787081179,12490.670352222289,11123.190326619617,9823.604620535965,9061.24953313743,8402.759765367164,23229.27651763548,9085.381542709905,19108.481748092418,18406.73874856077,8403.486009996657,11078.168161516158,11681.87749937997,15420.457491973675,8126.353716450189,11665.183110007772,9946.837937774744,15915.753985357065,15476.281648159102,19071.71909898793,19138.21668643282,9937.154197015068,8679.646032367773,19091.616316076004,8700.996456324503,6331.465994501384,7025.916234690212,6268.303325932274,8632.314822814653,10311.884723152854,18386.987954058346,7030.710934450756,8616.489400397273,9664.43403763745,8392.411483411754,9631.23656153312,7925.396908242147,11115.596950831508,10262.032023997483,7884.427801374786],