{"0":{"(15,19)":19103.599999999984,"(20,21)":6332.2000000000035,"(22,20)":7031.600000000003,"(23,22)":9628.799999999992,"(10,11)":17740.800000000003,"(8,9)":6899.800000000004,"(13,12)":12497.399999999996,"(24,21)":10263.599999999993,"(3,1)":8146.800000000003,"(19,17)":9941.200000000015,"(4,5)":18094.199999999983,"(17,16)":11674.19999999999,"(20,22)":7030.7999999999965,"(22,21)":8619.800000000001,"(18,16)":15488.800000000001,"(6,5)":8801.599999999991,"(16,17)":11682.599999999999,"(22,15)":18382.600000000024,"(1,2)":4541.599999999999,"(22,23)":9678.40000000001,"(19,20)":8686.000000000007,"(9,8)":6852.800000000003,"(11,12)":8372.400000000001,"(3,4)":14121.400000000007,"(8,16)":8389.400000000003,"(2,6)":5983.600000000005,"(11,4)":5339.199999999998,"(17,10)":8110.799999999999,"(4,11)":5245.799999999995,"(5,4)":18134.399999999994,"(2,1)":4559.800000000001,"(5,9)":15833.800000000005,"(7,8)":12137.199999999993,"(21,24)":10308.000000000005,"(19,15)":19139.200000000026,"(10,9)":21860.599999999977,"(24,23)":7883.000000000003,"(11,14)":9785.999999999998,"(14,15)":9050.600000000002,"(10,17)":8118.600000000005,"(20,18)":19075.200000000004,"(14,23)":8398.800000000005,"(13,24)":11124.199999999995,"(21,20)":6270.399999999997,"(6,8)":12510.8,"(10,16)":11048.599999999999,"(12,13)":12406.000000000002,"(24,13)":11115.600000000004,"(1,3)":8164.999999999998,"(21,22)":8637.200000000004,"(12,11)":8415.599999999997,"(9,10)":21780.799999999977,"(14,11)":9827.199999999999,"(15,14)":9089.20000000001,"(10,15)":23157.2,"(20,19)":8705.4,"(16,10)":11081.199999999995,"(17,19)":9957.399999999989,"(15,10)":23221.200000000004,"(16,8)":8405.600000000002,"(4,3)":14154.999999999995,"(5,6)":8788.200000000004,"(23,24)":7930.0,"(8,6)":12542.400000000003,"(12,3)":10135.200000000004,"(18,7)":15916.199999999995,"(11,10)":17631.799999999992,"(15,22)":18415.60000000001,"(6,2)":6001.800000000004,"(8,7)":12074.800000000001,"(23,14)":8401.399999999994,"(18,20)":19055.60000000002,"(16,18)":15431.600000000011,"(3,12)":10187.000000000002,"(7,18)":15853.800000000012,"(9,5)":15860.599999999999},"4":{"(15,19)":18665.13010530709,"(20,21)":6118.796099041944,"(22,20)":7008.166090964145,"(23,22)":9689.31915697243,"(10,11)":17811.70770328436,"(8,9)":6800.905455020979,"(13,12)":12363.863064187082,"(24,21)":10299.959174635584,"(3,1)":8056.861147235496,"(19,17)":10033.742429547567,"(4,5)":18448.947436678307,"(17,16)":11541.984841582507,"(20,22)":6647.3384836124405,"(22,21)":8531.18810728348,"(18,16)":16183.401276518956,"(6,5)":8814.088868849552,"(16,17)":11823.387943983656,"(22,15)":18345.375244632676,"(1,2)":4937.290717272078,"(22,23)":9665.635425844288,"(19,20)":8604.549078721555,"(9,8)":6434.903177901865,"(11,12)":8311.510596886821,"(3,4)":14148.002878319709,"(8,16)":8386.145492118789,"(2,6)":6033.173876477908,"(11,4)":5208.305158925502,"(17,10)":8822.518129564507,"(4,11)":5292.891820850848,"(5,4)":18312.18610242659,"(2,1)":4500.999616722651,"(5,9)":16215.45652986014,"(7,8)":12338.893920637995,"(21,24)":10360.415576646712,"(19,15)":18765.38994972645,"(10,9)":21099.559135552397,"(24,23)":7953.3209933791495,"(11,14)":9395.514020665838,"(14,15)":9267.027564146267,"(10,17)":8050.4815515088185,"(20,18)":19596.392395327493,"(14,23)":8478.396499575307,"(13,24)":11018.614442208462,"(21,20)":6078.232348198406,"(6,8)":12314.626282545772,"(10,16)":10842.581168226565,"(12,13)":12256.84856900035,"(24,13)":11174.673265259056,"(1,3)":8124.065665272977,"(21,22)":8763.005060592695,"(12,11)":8545.494339394503,"(9,10)":21905.71365939419,"(14,11)":10014.186175046207,"(15,14)":8931.810039693846,"(10,15)":22471.630500444684,"(20,19)":8790.684318452466,"(16,10)":11113.541953114072,"(17,19)":9899.207216324437,"(15,10)":23375.60989221579,"(16,8)":8481.112909732103,"(4,3)":14486.310221650154,"(5,6)":8833.782968189531,"(23,24)":7994.378899771232,"(8,6)":12493.143544803388,"(12,3)":10143.895320318858,"(18,7)":15473.778832374643,"(11,10)":17675.631171138444,"(15,22)":18193.514695757134,"(6,2)":6016.661300491063,"(8,7)":12012.834810329121,"(23,14)":8169.874448098392,"(18,20)":19283.6655168184,"(16,18)":15739.043895817429,"(3,12)":10486.238605295373,"(7,18)":16207.62108963736,"(9,5)":16052.373307792395},"2":{"(15,19)":18658.92196662022,"(20,21)":6113.051765745991,"(22,20)":7021.181649438078,"(23,22)":9696.741359923568,"(10,11)":17826.481588613402,"(8,9)":6787.779895101514,"(13,12)":12353.188181135773,"(24,21)":10304.650469340653,"(3,1)":7997.143964585641,"(19,17)":10043.88509643668,"(4,5)":18454.94223873236,"(17,16)":11547.855878174207,"(20,22)":6642.851441099789,"(22,21)":8533.664032144734,"(18,16)":16170.29180749909,"(6,5)":8865.183505893712,"(16,17)":11839.350352736965,"(22,15)":18358.063555470577,"(1,2)":4883.929366331441,"(22,23)":9657.07833903268,"(19,20)":8613.721039198186,"(9,8)":6431.282608933073,"(11,12)":8326.327821468705,"(3,4)":14131.309870965795,"(8,16)":8387.23030759252,"(2,6)":6050.205877843795,"(11,4)":5211.537837118864,"(17,10)":8830.89693064455,"(4,11)":5282.132102892,"(5,4)":18283.119042353745,"(2,1)":4444.244168531002,"(5,9)":16245.329740523614,"(7,8)":12325.343191562995,"(21,24)":10353.725811932962,"(19,15)":18759.219650785188,"(10,9)":21067.544979909533,"(24,23)":7948.922602229502,"(11,14)":9380.459262835977,"(14,15)":9264.956697604797,"(10,17)":8056.106704465414,"(20,18)":19611.91630536916,"(14,23)":8487.631377579726,"(13,24)":11026.484396950373,"(21,20)":6080.856969530563,"(6,8)":12295.306283404978,"(10,16)":10831.6984606519,"(12,13)":12250.91152407856,"(24,13)":11182.91731133759,"(1,3)":8073.153481502759,"(21,22)":8776.411315568997,"(12,11)":8558.313032070118,"(9,10)":21909.18253798204,"(14,11)":10020.480116787532,"(15,14)":8937.368681547452,"(10,15)":22445.030302077834,"(20,19)":8808.720680432712,"(16,10)":11116.734159585978,"(17,19)":9901.879880509952,"(15,10)":23355.299587354133,"(16,8)":8480.45516540532,"(4,3)":14465.775181541752,"(5,6)":8879.563580600361,"(23,24)":7994.2794118091915,"(8,6)":12486.941779752755,"(12,3)":10123.253819354115,"(18,7)":15434.556369123648,"(11,10)":17674.05326726363,"(15,22)":18188.990714852025,"(6,2)":6038.8750703996475,"(8,7)":12003.431619123841,"(23,14)":8171.210534121895,"(18,20)":19278.587809987046,"(16,18)":15686.452338471934,"(3,12)":10478.010718288624,"(7,18)":16198.946927242001,"(9,5)":16036.38387091409},"3":{"(15,19)":18658.884496736817,"(20,21)":6121.541515047328,"(22,20)":7014.831095338467,"(23,22)":9702.998919428652,"(10,11)":17819.67085943144,"(8,9)":6788.53155516799,"(13,12)":12357.979332814337,"(24,21)":10295.265823188593,"(3,1)":8058.931352500768,"(19,17)":10029.431150149927,"(4,5)":18439.73181724567,"(17,16)":11534.185814067252,"(20,22)":6645.92634330843,"(22,21)":8521.428197993439,"(18,16)":16210.645823981875,"(6,5)":8829.259909975353,"(16,17)":11815.624673294287,"(22,15)":18353.412896839505,"(1,2)":4938.763431599927,"(22,23)":9668.609972139995,"(19,20)":8607.158069164974,"(9,8)":6439.306872027503,"(11,12)":8319.593562290931,"(3,4)":14138.352904740319,"(8,16)":8383.919116628032,"(2,6)":6037.0394467348815,"(11,4)":5209.140139929514,"(17,10)":8823.348114669052,"(4,11)":5297.434358150812,"(5,4)":18301.446194656164,"(2,1)":4498.447035491113,"(5,9)":16207.66551186875,"(7,8)":12340.478319250093,"(21,24)":10353.258408314574,"(19,15)":18756.565817864313,"(10,9)":21087.447783648033,"(24,23)":7955.2796831218575,"(11,14)":9391.527902438738,"(14,15)":9259.601020680693,"(10,17)":8050.620561137188,"(20,18)":19614.52512968459,"(14,23)":8483.510554659963,"(13,24)":11019.869648885982,"(21,20)":6077.155520306633,"(6,8)":12316.285273774787,"(10,16)":10836.503469850828,"(12,13)":12252.528081073688,"(24,13)":11174.404319714253,"(1,3)":8122.289231772453,"(21,22)":8759.673100145208,"(12,11)":8543.087473301199,"(9,10)":21892.670607435444,"(14,11)":10014.556999912687,"(15,14)":8939.776664451107,"(10,15)":22473.790509121216,"(20,19)":8791.703907292747,"(16,10)":11120.139157136686,"(17,19)":9894.009335800065,"(15,10)":23368.840620203697,"(16,8)":8479.173270092231,"(4,3)":14471.680217618405,