{"0":[4541.599999999999,8164.999999999998,4559.800000000001,5983.600000000005,8146.800000000003,14121.400000000007,10187.000000000002,14154.999999999995,18094.199999999983,5245.799999999995,18134.399999999994,8788.200000000004,15833.800000000005,6001.800000000004,8801.599999999991,12510.8,12137.199999999993,15853.800000000012,12542.400000000003,12074.800000000001,6899.800000000004,8389.400000000003,15860.599999999999,6852.800000000003,21780.799999999977,21860.599999999977,17740.800000000003,23157.2,11048.599999999999,8118.600000000005,5339.199999999998,17631.799999999992,8372.400000000001,9785.999999999998,10135.200000000004,8415.599999999997,12406.000000000002,12497.399999999996,11124.199999999995,9827.199999999999,9050.600000000002,8398.800000000005,23221.200000000004,9089.20000000001,19103.599999999984,18415.60000000001,8405.600000000002,11081.199999999995,11682.599999999999,15431.600000000011,8110.799999999999,11674.19999999999,9957.399999999989,15916.199999999995,15488.800000000001,19055.60000000002,19139.200000000026,9941.200000000015,8686.000000000007,19075.200000000004,8705.4,6332.2000000000035,7030.7999999999965,6270.399999999997,8637.200000000004,10308.000000000005,18382.600000000024,7031.600000000003,8619.800000000001,9678.40000000001,8401.399999999994,9628.799999999992,7930.0,11115.600000000004,10263.599999999993,7883.000000000003],"2":[5263.262005881815,8322.537994872762,4871.347870313022,5960.395103049338,9529.931481801095,14498.677139903573,10357.86826985075,15248.11607309691,17922.523819302,5554.447950529296,19426.514418174498,8850.682201223472,15524.387880583743,6251.51358426775,8892.95508163822,12445.932841681573,12984.76335225212,14854.539881588373,13158.914728531645,11899.706413353162,7193.21244456615,8357.491104350414,17296.613223453096,6932.30387554305,21635.914105518514,23115.84208380357,18169.981820553232,23239.39017376615,11087.288477896882,7920.639803328466,5520.2178250106135,17715.1963023894,8909.102792091644,9821.211590827994,11529.043118391632,8281.799469740696,12843.051610791661,13620.945109154633,11064.816997081187,10165.072789778653,9088.002369984517,8511.86108218867,24225.297366291154,9330.998610377397,18596.132094661236,18518.472191290475,8701.631362383821,11261.316773628629,11613.785736760447,15967.201752637573,8645.95122307311,11732.915388344589,9912.418610026836,16191.386062447948,15893.254643513472,18406.28983584693,19049.240850433074,10005.594789776756,8774.151690509769,19484.068997591352,8603.735159341957,6289.60863814438,6720.355755384462,6378.482639838551,8601.78374069613,10582.836458137544,18425.214409720335,6891.882207728673,8657.538541766418,9905.043844501399,8370.916207762844,9630.370773902816,8094.677972630627,11717.239825755742,10270.788486749294,7863.84220225901],"3":[4213.984369245935,7059.651281316132,4379.905074239695,5476.123633107914,7709.209927681914,12759.468507701502,8504.790261913327,13310.684266112208,16181.519302939885,5453.075938129128,17676.951695461725,10172.333236517326,13067.109559962384,6325.07695488888,9871.26908088681,12810.799908353478,12142.015563122824,14238.210075288009,13738.279599720812,10656.112606659179,4899.129188726373,7786.447422715218,15174.113732526343,4743.838040323882,21394.866658343817,23315.190886944118,18367.540820005255,23264.334885241293,11913.947590700473,7527.6113038208005,5229.180844178475,18311.12396706257,10117.400425509002,10597.459511087522,9316.35344467429,9824.862157263162,12595.346241638588,13348.393128326747,11615.534450170815,10815.259352722276,9315.493487102756,8495.905599930778,24333.671852848936,9479.6503020753,20503.991319486577,19539.6240846033,7838.622047080597,12040.428930006805,11437.535673409082,13709.759080715996,8259.0674900023,11584.949017782505,10987.754508085194,15975.902273712278,13268.015688709176,16947.716954538784,20852.869317898218,11115.359147061237,9227.697491679808,18058.545850965136,8987.478662377956,5741.437665380859,6785.002422864192,5876.56722268119,9717.224308299634,11188.811825144032,19555.18741005566,6873.520756150131,9776.291560410236,10485.145781354795,8307.738793609396,10239.598149760799,8008.05057185872,12243.110667170555,10919.706958321618,7759.118308596088],"1":[4756.609943745856,8016.358133009314,4348.248867852692,6074.006002474212,7664.207068287936,14025.377902643897,10489.989742734744,14265.826933720418,18520.126563941845,5225.722025055258,17976.41071099311,8871.002934759099,16357.389573836372,5987.107670222121,8850.97148625202,12280.014436580834,12148.262027550845,16474.3963993828,12328.663815712694,12029.863643141407,6719.891134175007,8392.491448150511,15705.512895684875,6365.714120342866,21952.511921888137,20657.302066342618,17760.15783908449,22361.3868784381,10795.22404057302,8093.131067195897,5214.301071058333,17666.770404800696,8185.590475365658,9317.134678943272,9796.811827046362,8610.516926301303,12128.585641733145,12069.086775320171,11033.43549513914,9971.889583637729,9279.337533302361,8462.320593629773,23143.436494475663,8866.444803291464,18731.129184929552,18142.303905293324,8424.912598722385,11083.96757137929,11871.108977634722,15586.334518404536,8783.14574751134,11519.955135130562,9908.508958795866,15325.118452004437,16159.390414630207,19441.978125934933,18736.792950425588,10038.466031159904,8585.965380063933,19580.50484713701,8832.332761254338,6101.679557273204,6669.5987846343905,6035.205439576773,8805.690674344272,10291.433357585878,18343.532717951035,7054.13313302551,8507.04580492608,9619.854923806695,8154.570350416883,9704.948776968635,7964.838961918344,11051.49158556861,10313.06855971646,7957.847083012421]}