{"2":[4704.300229922298,8106.507637871937,4490.4256002005595,6006.870932499678,8071.15010298696,14131.343287891292,10309.516673395441,14305.231514699812,18279.95196382739,5267.101111870883,18213.18159939976,8838.62021943481,16041.457055831965,6011.4807241169065,8834.3513532194,12398.582742289665,12239.298848848643,16032.387885244723,12509.1081074338,12037.4777117158,6854.9406049570125,8386.828392471187,15955.067794230314,6655.070862948579,21841.105246052535,21460.14652564107,17778.12227706181,22811.18245421463,10935.762901238733,8082.305262148297,5276.521213408712,17657.030163388088,8344.485988272396,9589.785311519463,10134.369101911185,8484.718148992728,12331.09794558943,12438.811607632502,11074.433107278557,9931.718018605925,9159.275561886772,8442.908281664844,23295.046634064165,9017.701820187627,18894.790637540245,18293.516187724428,8433.302718719411,11096.114372415175,11750.16443263813,15548.981845330549,8459.000525277776,11602.680214753638,9925.14273312216,15692.565673014817,15822.15494903983,19158.08877503601,18958.67877894716,9986.13157558291,8649.779299986232,19344.171461064932,8751.10995408746,6224.771342396467,6838.603399690085,6179.986064804003,8703.364947894528,10338.465784033835,18365.44047113968,7026.124028779393,8579.857928824218,9660.894253209468,8284.343454037253,9662.712321419978,7960.412598117516,11150.236247788509,10285.268098443286,7919.304453037378],"11":[4648.019138678798,8109.108860939433,4493.312729299471,6000.483685644769,8058.6110605384665,14109.654883026311,10246.389815167064,14203.586750456936,18173.82382626763,5295.707306536598,18139.855879018385,8839.526666959655,15967.135687629707,6004.179332192366,8831.927164262412,12421.264633189156,12225.788018703925,15922.824217189935,12508.76395587283,12064.969075528805,6854.947401810219,8392.77048134865,15932.574840842517,6726.188994520302,21854.05689854889,21598.588132627654,17773.906199312543,22944.51927625058,10975.018214072617,8053.027720477862,5262.216860374225,17690.942810630455,8352.89935019974,9659.248473198959,10147.407803928852,8440.463825430803,12346.894429489823,12440.193636628263,11094.61136925402,9908.052035614293,9140.19203166635,8460.202813379781,23304.342012436773,9037.425953629647,18941.709905153803,18361.77805566578,8443.815786167565,11089.344449121114,11720.021038248147,15605.179662408225,8397.005062367241,11632.315430446413,9940.926896237785,15725.077244121067,15700.950768194201,19174.136970361193,18983.06795060501,9971.12222622812,8669.551835785538,19261.39398000913,8728.445786974693,6265.070961133213,6859.904793369602,6199.1627383685445,8665.077839506765,10339.93399968325,18353.58161875186,6980.610625110554,8583.48371333575,9694.925533028321,8295.864502666243,9649.655446503157,7946.57565513978,11127.827263015502,10284.280514361923,7909.187604605201],"0":[4541.599999999999,8164.999999999998,4559.800000000001,5983.600000000005,8146.800000000003,14121.400000000007,10187.000000000002,14154.999999999995,18094.199999999983,5245.799999999995,18134.399999999994,8788.200000000004,15833.800000000005,6001.800000000004,8801.599999999991,12510.8,12137.199999999993,15853.800000000012,12542.400000000003,12074.800000000001,6899.800000000004,8389.400000000003,15860.599999999999,6852.800000000003,21780.799999999977,21860.599999999977,17740.800000000003,23157.2,11048.599999999999,8118.600000000005,5339.199999999998,17631.799999999992,8372.400000000001,9785.999999999998,10135.200000000004,8415.599999999997,12406.000000000002,12497.399999999996,11124.199999999995,9827.199999999999,9050.600000000002,8398.800000000005,23221.200000000004,9089.20000000001,19103.599999999984,18415.60000000001,8405.600000000002,11081.199999999995,11682.599999999999,15431.600000000011,8110.799999999999,11674.19999999999,9957.399999999989,15916.199999999995,15488.800000000001,19055.60000000002,19139.200000000026,9941.200000000015,8686.000000000007,19075.200000000004,8705.4,6332.2000000000035,7030.7999999999965,6270.399999999997,8637.200000000004,10308.000000000005,18382.600000000024,7031.600000000003,8619.800000000001,9678.40000000001,8401.399999999994,9628.799999999992,7930.0,11115.600000000004,10263.599999999993,7883.000000000003],"7":[4652.818627237613,8111.097382670563,4495.299296154361,6000.555455199574,8063.192144675263,14107.512897968087,10238.729106010787,14198.588127839645,18171.919860719467,5295.737623852266,18134.964922512252,8836.447358610798,15962.359611956046,6001.710003866408,8832.128100704453,12422.696400538538,12231.474354651458,15913.77628890754,12511.169913480924,12060.353028990838,6857.304256183599,8396.881531796986,15921.489449820709,6724.119098751177,21850.95617218234,21584.832526352366,17777.14705643398,22934.71651011215,10983.33011164,8053.0589769075705,5262.149319501189,17681.968687824745,8360.847199754522,9660.293040883484,10145.19608577516,8443.574199058103,12346.943075353536,12441.080282541172,11095.270585538734,9901.913032457895,9140.49917541609,8465.008204743861,23305.406947841624,9043.419231768714,18934.389118980394,18355.052669840163,8442.915710072844,11088.950257405664,11720.42006918821,15614.959383505553,8397.301064312456,11633.458313600197,9939.690549313062,15725.863182143108,15696.149679980821,19178.939411180254,18977.43505283536,9970.699427198211,8667.33527123729,19261.620863502143,8728.674333224651,6267.00561690281,6859.879559865364,6198.839227418026,8658.802970679964,10348.851768110593,18361.71678990566,6980.7275321161005,8588.091070690612,9686.244909131561,8287.342393993096,9666.75435717041,7940.27277949303,11129.435245572164,10279.998244107808,7915.263824831596],"9":[4650.55960498492,8109.64215267902,4493.852226841714,5999.78341098964,8061.091313327238,14106.806620817699,10237.699704470228,14197.56467061547,18171.01864554162,5295.712006362154,18133.858292745892,8838.13527643911,15962.542247981171,6001.547471609157,8835.6549168321,12422.344168885642,12231.22971776703,15916.508216258728,12513.098619923412,12057.753287963475,6854.010446201082,8399.132419224934,15919.674539470483,6724.201592840177,21851.3560848942,21586.551289047762,17771.081146695476,22940.65714820634,10981.820087790098,8053.034571619425,5262.198358454948,17683.560422580893,8360.395041191208,9657.021381590528,10143.857381627542,8444.038665786455,12345.635027575297,12440.237277435814,11094.540416854656,9905.30116259786,9147.203297103606,8467.019533778628,23303.455124617816,9053.689883400304,18935.02782396446,18355.553997572148,8441.782263455265,11088.56538880716,11716.766272272422,15619.146728170492,8397.076581353984,11633.965572735353,9939.194870402625,15731.288881397402,15693.967513859301,19182.822642991287,18979.969252737308,9974.307745111362,8661.701780807318,19261.68415945042,8729.060701806928,6265.755412515874,6859.897489103398,6199.7909417321935,8662.51536493993,10346.088608015596,18355.99836661548,6980.640440874696,8588.960814693015,9684.1477352026,8292.807250941534,9655.56316738605,7941.745041232199,11129.100785814917,10282.325041209797,7911.145326228462],