{"2":[4511.9724155790655,8044.067389161679,4427.767376104353,6013.12843890397,7957.448526875094,14051.972745869518,10207.688606399413,14128.892530130572,18165.33092852925,5237.427313965537,18072.32673823106,8870.326974971096,15965.961028698002,6016.57640254038,8868.457025057805,12429.559893134392,12130.077156409043,15959.566880201526,12474.2963632036,12038.344611392422,6871.839269891346,8394.38787235013,15848.633618325935,6747.677231923453,21824.764944386458,21587.617760801415,17768.32495127816,22963.381223709985,10994.10900272839,8102.098750796947,5301.077351485603,17639.397734871356,8348.751065537423,9677.618910437042,10030.657384863398,8464.42625050098,12337.089264252594,12403.92800567121,11110.199469615556,9859.326365490477,9109.959562978833,8421.554470801335,23224.09741317148,9043.717742164941,19016.567351943304,18341.427083336443,8417.730712266792,11085.457801740813,11728.656017254087,15415.740972159463,8279.851055110332,11639.860546575863,9945.77807161798,15749.911706291983,15588.223144758556,19112.38525152813,19053.262071165605,9973.153072183411,8669.23185392188,19170.070208964516,8749.189778315986,6285.057500255664,6938.353448969749,6224.478978423226,8677.979979260814,10309.25689711884,18372.658579543335,7036.338074927715,8597.756412538738,9667.193604063461,8334.764926174907,9661.409297607122,7949.085862125182,11119.398808622751,10273.031032533172,7911.2070074343355],"11":[4536.701877310761,8160.317151167938,4556.8637671003335,5976.372520203545,8136.774489826216,14120.93065221203,10184.428990195094,14155.225499423488,18101.735778728867,5244.7625836277575,18135.474776716845,8787.13553519417,15845.90291694219,5999.095622845261,8800.031456967194,12500.285367667791,12132.800233993381,15861.920865993565,12537.29140217385,12063.6048518546,6896.692248727177,8390.423056197304,15866.260460510392,6849.843200955725,21792.869706903868,21863.86848034686,17737.018513839255,23158.776325807765,11053.981996329254,8116.57851426839,5341.019057471105,17638.38675371467,8374.715187905262,9780.412777056548,10126.675588616148,8422.193310441939,12403.295271863486,12493.605468570226,11125.175416766648,9836.647765245569,9045.290684262696,8400.21303714846,23213.83085054189,9099.221058636676,19104.394933554988,18409.201200357045,8404.357890848249,11079.892491985907,11673.169210427195,15431.667762946705,8122.413116812751,11662.497351623444,9942.53775010674,15924.370930275334,15481.012790537015,19078.740955969253,19137.305608696417,9935.519620330795,8678.143501577479,19095.05011392366,8703.92446354437,6332.773377473208,7027.820995071032,6272.097998689923,8631.942690958975,10313.870699076082,18384.14333081947,7030.295773789145,8619.076079696275,9667.886553641336,8394.473492769495,9631.067661930289,7921.842514647482,11116.33517752269,10264.714222439945,7880.76453867407],"0":[4541.599999999999,8164.999999999998,4559.800000000001,5983.600000000005,8146.800000000003,14121.400000000007,10187.000000000002,14154.999999999995,18094.199999999983,5245.799999999995,18134.399999999994,8788.200000000004,15833.800000000005,6001.800000000004,8801.599999999991,12510.8,12137.199999999993,15853.800000000012,12542.400000000003,12074.800000000001,6899.800000000004,8389.400000000003,15860.599999999999,6852.800000000003,21780.799999999977,21860.599999999977,17740.800000000003,23157.2,11048.599999999999,8118.600000000005,5339.199999999998,17631.799999999992,8372.400000000001,9785.999999999998,10135.200000000004,8415.599999999997,12406.000000000002,12497.399999999996,11124.199999999995,9827.199999999999,9050.600000000002,8398.800000000005,23221.200000000004,9089.20000000001,19103.599999999984,18415.60000000001,8405.600000000002,11081.199999999995,11682.599999999999,15431.600000000011,8110.799999999999,11674.19999999999,9957.399999999989,15916.199999999995,15488.800000000001,19055.60000000002,19139.200000000026,9941.200000000015,8686.000000000007,19075.200000000004,8705.4,6332.2000000000035,7030.7999999999965,6270.399999999997,8637.200000000004,10308.000000000005,18382.600000000024,7031.600000000003,8619.800000000001,9678.40000000001,8401.399999999994,9628.799999999992,7930.0,11115.600000000004,10263.599999999993,7883.000000000003],"7":[4538.109232354241,8161.351949355187,4557.80009919927,5978.769954521645,8136.38667554365,14119.300948270562,10177.46711900653,14145.025623023788,18101.283228799814,5244.854532181851,18124.56250776899,8793.044143334439,15841.200530343538,6002.304710183131,8801.96555942396,12505.535742185233,12131.358884355259,15877.29890576174,12540.07511314936,12078.341596019605,6895.352235216281,8378.983907260928,15854.820302799475,6846.0118830380425,21789.65940864078,21850.175021932257,17752.544851427672,23148.907973932633,11050.549560244846,8116.445731227934,5340.628326858659,17631.0673173249,8382.212441277943,9785.46985749003,10126.81452141377,8422.522198972785,12402.536946363707,12493.011299495607,11125.341689850333,9828.781835719203,9047.780821555334,8404.490298902538,23227.386038959456,9092.732141220104,19102.08165104288,18404.004488088336,8408.657463291378,11072.166294073246,11679.233379240774,15425.175545503072,8124.655001855047,11664.497030447717,9947.667368396855,15919.966563479391,15489.420224370562,19074.262815504866,19141.18454929382,9937.914699722487,8676.323520312075,19088.0929844231,8705.612121909338,6332.6432279273295,7026.620593333923,6271.70268294544,8624.808745325052,10308.222756578034,18386.698741015432,7030.297654116788,8611.817816579807,9672.6625361095,8390.625491293746,9643.921528669136,7928.492474919487,11117.119163629963,10258.189694058212,7888.118717106132],"9":[4532.802712917705,8155.215098993454,4551.743815327978,5972.361733810825,8132.674512182673,14134.622865027246,10176.532138730694,14152.410751265646,18115.564370811466,5244.7753574200915,18132.581658947278,8796.609102226903,15850.084739352273,5994.002800253295,8805.420897841246,12505.63874085038,12133.023672572199,15871.770912924098,12537.555719844726,12071.608641921686,6897.953220834174,8382.322941756438,15857.776380700288,6844.196943032565,21802.43678405709,21853.732804498457,17754.476630046818,23151.83094548899,11050.85542581967,8116.56535744043,5340.978039129465,17620.94828271854,8381.464246882435,9789.641331849358,10136.253486240646,8412.376985189714,12402.015236534613,12493.239577837889,11125.630565193958,9827.853788249713,9048.324350443572,8404.437047636955,23222.641684715585,9092.134476251762,19108.441940303626,18404.508522870645,8405.821528803275,11076.960335902098,11674.539799226546,15424.547719522014,8122.653190110788,11663.10003428774,9948.41245257267,15926.058935558984,15484.360745759699,19071.486707378397,19136.901754244544,9940.776290635804,8680.568900841638,19090.37346369484,8701.296961048101,6334.306539888998,7027.691919783635,6271.011638320006,8625.714228267305,10314.046423077149,18389.493329598645,7030.3026224989535,8617.394836429816,9665.472521771224,8390.33639524859,9643.301765697754,7923.089991742076,11117.739857327686,10257.638990022957,7888.377128699717],