{"0":[4541.599999999999,8164.999999999998,4559.800000000001,5983.600000000005,8146.800000000003,14121.400000000007,10187.000000000002,14154.999999999995,18094.199999999983,5245.799999999995,18134.399999999994,8788.200000000004,15833.800000000005,6001.800000000004,8801.599999999991,12510.8,12137.199999999993,15853.800000000012,12542.400000000003,12074.800000000001,6899.800000000004,8389.400000000003,15860.599999999999,6852.800000000003,21780.799999999977,21860.599999999977,17740.800000000003,23157.2,11048.599999999999,8118.600000000005,5339.199999999998,17631.799999999992,8372.400000000001,9785.999999999998,10135.200000000004,8415.599999999997,12406.000000000002,12497.399999999996,11124.199999999995,9827.199999999999,9050.600000000002,8398.800000000005,23221.200000000004,9089.20000000001,19103.599999999984,18415.60000000001,8405.600000000002,11081.199999999995,11682.599999999999,15431.600000000011,8110.799999999999,11674.19999999999,9957.399999999989,15916.199999999995,15488.800000000001,19055.60000000002,19139.200000000026,9941.200000000015,8686.000000000007,19075.200000000004,8705.4,6332.2000000000035,7030.7999999999965,6270.399999999997,8637.200000000004,10308.000000000005,18382.600000000024,7031.600000000003,8619.800000000001,9678.40000000001,8401.399999999994,9628.799999999992,7930.0,11115.600000000004,10263.599999999993,7883.000000000003],"4":[4530.293542492134,8157.531419924808,4553.524893174937,5969.691788569101,8127.340020527833,14124.587979982984,10180.79606778055,14152.884987133568,18108.13214284394,5244.406514310881,18131.886989528215,8797.676802379214,15842.493423728762,5995.865382331059,8806.042505024405,12503.655419154524,12124.059369244795,15868.576714048952,12539.618693699113,12063.632173453205,6890.4637314371885,8393.45624156407,15856.70941885059,6846.626134766871,21789.392751344258,21856.20951330133,17740.464749006544,23151.37675106952,11049.70376258731,8116.872831769381,5340.752389830951,17631.20829850441,8375.470659385346,9784.41746091196,10121.387345310828,8425.586598216341,12399.336150735435,12491.038735869732,11123.961584547113,9831.31627353482,9053.209067009317,8409.91885351356,23222.943424485537,9106.500072409393,19103.45385098458,18397.569525493807,8410.523668389284,11074.660036245097,11676.882851717817,15421.485256444468,8124.452440862787,11664.013611652206,9947.48196776793,15917.402105191079,15475.469607860588,19078.93391322099,19139.305992570804,9940.280213925505,8675.742817776769,19089.20025723381,8705.406583524735,6335.253785579826,7026.914508423786,6271.760706635115,8623.692267151897,10310.826500592844,18386.005013150396,7030.64112377853,8613.208047425365,9662.143013033407,8390.938872842062,9641.971859109197,7926.300514320771,11117.289184333442,10255.89073663436,7889.123187871437],"2":[4498.304767764623,8036.360414150742,4417.229458353843,6011.334503208793,7928.34430569566,14044.951519252765,10205.366160670344,14114.0512295165,18172.003164809186,5235.898480823124,18051.682806699544,8866.677143436926,15980.843858520393,6010.1882532973395,8871.885684219571,12421.141345977816,12114.234083179297,15994.982392120384,12463.887185244337,12051.166884497035,6865.683736476239,8381.30055512919,15823.441883846546,6747.2535901925985,21823.723301319285,21551.131755165457,17760.65956060939,22962.234110742273,10989.84751482158,8104.8824548143075,5302.642308645247,17644.102550329648,8336.87487545788,9673.604614908038,10003.243889151747,8468.336354146573,12322.604066570875,12378.983564436428,11108.604156554456,9861.976079771473,9112.293875947811,8414.827177458412,23204.165979498444,9036.266075719275,19028.149735073064,18346.944031504165,8416.751403894483,11080.96727045684,11739.363287889144,15405.481601857837,8277.284342848117,11644.077220919437,9944.57119028655,15742.856752359214,15602.657045965452,19119.42169973205,19052.964251921603,9969.74435151535,8667.324850934625,19167.04933709133,8744.847313327358,6284.383166251819,6940.2272995446165,6219.1648738434415,8678.083325281408,10307.669600452418,18372.551120082702,7038.841248393158,8597.629830264263,9665.951210020865,8337.249132576664,9659.487073163291,7946.0684650309695,11109.130624808371,10270.557028823105,7915.649074204174],"3":[4518.389249755235,8130.742344639344,4523.880392223858,5982.472617641276,8094.773769883957,14120.760290355229,10189.309722209051,14150.179722666333,18112.646499518578,5246.381751845037,18112.932550833724,8811.85488699614,15866.513237324698,6000.847136397822,8823.35026330619,12489.925207643591,12126.884430219825,15896.150933849212,12526.030358136577,12070.360896429138,6888.801657639801,8382.054692903539,15850.16676677944,6834.711112828902,21796.153013014937,21810.120196998625,17756.55913920502,23126.321229462268,11041.952646402508,8117.249287693808,5339.624425872993,17637.866287316952,8371.213880729878,9770.459413447577,10119.89150970657,8421.801367673539,12389.368617195214,12474.896370068496,11123.734020231424,9837.883449301426,9050.990387876007,8402.458595368433,23220.60683109391,9077.124391404659,19093.36956648124,18400.108644722815,8405.62788784061,11074.734790541424,11689.43096559965,15425.250491429357,8145.578405858674,11663.780146128145,9947.01987389398,15901.87168517227,15503.278133498588,19082.985289586708,19130.242647638617,9941.325557078537,8675.434880125216,19099.385179759753,8711.051372205822,6326.0846205071275,7018.611931548018,6266.184572872227,8632.914601342232,10317.810333324449,18381.15933411172,7031.857179509098,8619.0727898636,9668.507602928074,8388.628525395301,9640.865189195076,7922.445504566879,11116.377416019073,10263.3145293853,7889.616041292271],"5":[4528.366144066581,8156.7623249899825,4554.1732068379315,5972.208897845013,8131.07983220726,14134.975977045407,10187.347762925176,14159.217480889612,18104.894692781767,5246.203419179377,18132.267571334698,8787.77003825167,15850.516606063105,5997.963335425427,8798.617577429775,12496.824070723185,12137.927951010603,15872.067774955902,12533.400587483373,12074.599377401315,6903.470924830795,8383.749096224294,15867.062941256845,6863.03550875631,21788.618471632737,21864.793101118386,17749.582948677707,23161.17569691001,11045.948403947381,8117.002261519274,5343.218734281549,17629.91620302642,8372.019176248106,9791.821066993192,10137.440235753123,8413.8175937684,12404.833666359984,12496.706726303606,11124.575754238755,9827.19362459563,9049.911558866188,8406.579740060248,23224.337204755255,9096.833886749479,19106.210061364913,18405.468537356002,8397.473757045089,11077.840876149065,11671.319037957102,15427.766717437748,8117.288100292765,11660.803315610112,9948.36637596684,15935.60396761936,15483.915843353618,19064.201062169737,19137.019170762378,9938.170680400277,8684.40470033533,19083.75296227923,8704.999951341046,6333.434816220621,7033.4587988578805,6273.239618978233,8633.127317076225,10313.220871518111,18384.753432529007,7033.795705719951,8620.842664109921,9662.205110466775,8395.255187225523,9629.57534984112,7924.18375135992,11116.419718869614,10265.344808772887,7880.194132272169],