{"0":[4541.599999999999,8164.999999999998,4559.800000000001,5983.600000000005,8146.800000000003,14121.400000000007,10187.000000000002,14154.999999999995,18094.199999999983,5245.799999999995,18134.399999999994,8788.200000000004,15833.800000000005,6001.800000000004,8801.599999999991,12510.8,12137.199999999993,15853.800000000012,12542.400000000003,12074.800000000001,6899.800000000004,8389.400000000003,15860.599999999999,6852.800000000003,21780.799999999977,21860.599999999977,17740.800000000003,23157.2,11048.599999999999,8118.600000000005,5339.199999999998,17631.799999999992,8372.400000000001,9785.999999999998,10135.200000000004,8415.599999999997,12406.000000000002,12497.399999999996,11124.199999999995,9827.199999999999,9050.600000000002,8398.800000000005,23221.200000000004,9089.20000000001,19103.599999999984,18415.60000000001,8405.600000000002,11081.199999999995,11682.599999999999,15431.600000000011,8110.799999999999,11674.19999999999,9957.399999999989,15916.199999999995,15488.800000000001,19055.60000000002,19139.200000000026,9941.200000000015,8686.000000000007,19075.200000000004,8705.4,6332.2000000000035,7030.7999999999965,6270.399999999997,8637.200000000004,10308.000000000005,18382.600000000024,7031.600000000003,8619.800000000001,9678.40000000001,8401.399999999994,9628.799999999992,7930.0,11115.600000000004,10263.599999999993,7883.000000000003],"4":[4937.950409211995,8125.5950781793445,4502.818988503423,6030.96757739284,8059.871995368896,14136.523000807474,10476.37907022739,14472.44500062174,18436.979469479487,5294.389185738316,18300.0518479655,8827.382203246132,16210.425060640531,6017.588080242744,8812.399673832451,12303.209607144327,12335.9419777603,16200.621051271688,12492.555758061082,12010.976032161403,6800.2169838784075,8386.538592329709,16044.063030474843,6449.135683179631,21886.49396439887,21093.271933863773,17817.64365430367,22471.765444998888,10831.563932311918,8047.730963749362,5209.992178378934,17677.604285441987,8318.12423730357,9389.887607736033,10138.799620614089,8539.104255802276,12257.937190924327,12362.900642952718,11017.784683937361,10019.855406817429,9253.408195098149,8475.82913037581,23372.01444175654,8933.9027391654,18661.5476258669,18195.132981142437,8481.65407415852,11116.15120271641,11822.089174835704,15739.213904908835,8821.505723888598,11538.162604307327,9900.394983170307,15468.274238680264,16195.58949070089,19283.737443659855,18765.85392467616,10029.213248360156,8612.057009605756,19608.751735249694,8792.125055203955,6120.084700474855,6647.7917567608465,6081.584120933167,8765.53629926167,10352.124221525795,18350.844616518505,7007.262593606638,8524.60584736192,9675.70436766084,8164.152700522203,9691.73466026573,7999.625601914351,11174.127901921578,10303.098938025954,7947.852985841529],"7":[4814.197117656165,8156.377930841673,4542.08577735269,6010.838194447043,8098.48165058086,14136.228268842353,10315.537951105904,14279.81629314322,18223.206727995574,5371.2236344571265,18244.907339024434,8832.33809480829,16064.626471121128,6007.033664804845,8822.075627527782,12402.826655696128,12410.634002561965,15954.301284043442,12553.24077548022,12134.523062530508,6829.854076097053,8423.143305676567,16101.05277349918,6649.1494632924505,21986.709931746074,21544.54052496049,17823.980606702135,22835.91755687934,10945.24588559163,7993.158423652446,5169.446417366629,17777.489771692475,8385.558109658767,9597.178082464645,10247.472601455635,8451.528671262164,12370.267800567413,12435.620649585751,11100.082002682473,9980.290578166738,9202.747650466597,8564.966053509104,23433.510567495236,9054.904938338786,18741.007968312362,18388.191645442566,8498.636980152114,11115.189780871968,11722.579903633681,15966.522875202383,8665.460566455939,11619.853333249392,9938.340102748953,15630.727565688627,15951.265355428835,19386.55463975191,18851.68798064019,9983.946603128694,8672.485915265679,19456.46300472938,8732.288527035485,6253.991404797725,6716.82347954551,6131.698460834599,8651.850864735898,10408.786922236739,18341.253114477622,6896.417969422473,8563.345918914312,9739.534248921864,8195.19894090575,9660.604818123256,7962.871640096738,11150.279271296886,10298.64421889257,7925.846141181157],"9":[4808.288475069212,8163.1319704722955,4553.684693591823,5994.413209658053,8097.418007442064,14081.630881061108,10286.81526951382,14213.706513869374,18161.434771589153,5362.658383460843,18172.6699008854,8800.12639269473,15992.486280046644,5987.746566921949,8794.654090477325,12389.686632721305,12380.026418928263,15901.029751881539,12534.81263137933,12113.117067046778,6808.224653193412,8416.842768839404,16017.285872451152,6642.344392655118,21949.757035557846,21517.8316957213,17798.56217311443,22817.157285566493,10940.152237382485,7978.632935150861,5166.575377489392,17749.864588116576,8358.680895138734,9609.25231791165,10221.637986879276,8432.971347764054,12335.7275834594,12405.276249062455,11082.128304238433,9959.559209107476,9195.708493221066,8548.926052689345,23409.20744713302,9023.624999547195,18748.493694275025,18390.431085827095,8493.903446825585,11102.871309450227,11719.598069216909,15977.509075352633,8630.526822226317,11624.855648252264,9938.576679717658,15606.043822667043,15949.630016842299,19319.68430243465,18844.22680787109,9987.329062400493,8662.398395737793,19396.065517618747,8720.259631880856,6241.3756953332095,6706.895146039703,6123.844634889755,8655.366255519593,10394.597932600833,18332.472578379315,6885.161817434962,8574.351248604886,9728.386965476997,8193.495041320917,9651.393533447705,7935.651898265621,11124.225587182424,10282.966461401777,7911.56781587488],"2":[4888.520271301456,8073.422091322526,4444.636870967386,6053.446896913319,8002.713006234392,14127.64489334193,10488.733046615931,14478.186688224227,18450.543523592514,5282.263157576329,18296.015265887887,8876.202761622053,16242.563768878235,6037.795981698184,8862.08166999274,12296.83404331218,12334.197026429465,16191.521936237867,12484.365824495306,11997.994600533159,6797.42581175224,8391.732799004843,16050.89756996775,6429.632321667065,21909.065031109403,21073.79130369541,17818.716971464302,22450.524215200447,10828.220407341261,8056.055053108366,5211.634630526546,17685.31728538023,8316.136766622332,9380.105135492924,10123.548493931696,8557.885533566412,12251.802171432644,12353.341005008271,11027.51398521914,10028.209599789143,9260.038050411174,8486.789912224873,23340.77472088091,8933.91419371337,18664.694734324752,18190.256442652917,8478.286483328673,11117.803188205145,11839.170892618591,15689.165420108291,8830.329546835297,11547.402828358623,9902.115227903781,15442.888803861482,16171.104308241456,19272.072994612212,18752.823330514373,10043.307452332587,8619.577453593773,19618.341428942873,8801.234363284264,6112.732779617008,6643.138410401187,6080.277563983229,8773.331344167796,10346.245577624433,18352.754229899805,7021.1070030491555,8526.513638597147,9665.62456501098,8178.407337195002,9694.363987537956,8001.692880373395,11183.006941952159,10301.094275626203,7953.277426674595],