{"0":{"(15,19)":19103.599999999984,"(20,21)":6332.2000000000035,"(22,20)":7031.600000000003,"(23,22)":9628.799999999992,"(10,11)":17740.800000000003,"(8,9)":6899.800000000004,"(13,12)":12497.399999999996,"(24,21)":10263.599999999993,"(3,1)":8146.800000000003,"(19,17)":9941.200000000015,"(4,5)":18094.199999999983,"(17,16)":11674.19999999999,"(20,22)":7030.7999999999965,"(22,21)":8619.800000000001,"(18,16)":15488.800000000001,"(6,5)":8801.599999999991,"(16,17)":11682.599999999999,"(22,15)":18382.600000000024,"(1,2)":4541.599999999999,"(22,23)":9678.40000000001,"(19,20)":8686.000000000007,"(9,8)":6852.800000000003,"(11,12)":8372.400000000001,"(3,4)":14121.400000000007,"(8,16)":8389.400000000003,"(2,6)":5983.600000000005,"(11,4)":5339.199999999998,"(17,10)":8110.799999999999,"(4,11)":5245.799999999995,"(5,4)":18134.399999999994,"(2,1)":4559.800000000001,"(5,9)":15833.800000000005,"(7,8)":12137.199999999993,"(21,24)":10308.000000000005,"(19,15)":19139.200000000026,"(10,9)":21860.599999999977,"(24,23)":7883.000000000003,"(11,14)":9785.999999999998,"(14,15)":9050.600000000002,"(10,17)":8118.600000000005,"(20,18)":19075.200000000004,"(14,23)":8398.800000000005,"(13,24)":11124.199999999995,"(21,20)":6270.399999999997,"(6,8)":12510.8,"(10,16)":11048.599999999999,"(12,13)":12406.000000000002,"(24,13)":11115.600000000004,"(1,3)":8164.999999999998,"(21,22)":8637.200000000004,"(12,11)":8415.599999999997,"(9,10)":21780.799999999977,"(14,11)":9827.199999999999,"(15,14)":9089.20000000001,"(10,15)":23157.2,"(20,19)":8705.4,"(16,10)":11081.199999999995,"(17,19)":9957.399999999989,"(15,10)":23221.200000000004,"(16,8)":8405.600000000002,"(4,3)":14154.999999999995,"(5,6)":8788.200000000004,"(23,24)":7930.0,"(8,6)":12542.400000000003,"(12,3)":10135.200000000004,"(18,7)":15916.199999999995,"(11,10)":17631.799999999992,"(15,22)":18415.60000000001,"(6,2)":6001.800000000004,"(8,7)":12074.800000000001,"(23,14)":8401.399999999994,"(18,20)":19055.60000000002,"(16,18)":15431.600000000011,"(3,12)":10187.000000000002,"(7,18)":15853.800000000012,"(9,5)":15860.599999999999},"4":{"(15,19)":19104.67118368627,"(20,21)":6331.458452433782,"(22,20)":7030.710934450756,"(23,22)":9644.187225110998,"(10,11)":17754.09477807905,"(8,9)":6895.629021869483,"(13,12)":12489.467387007162,"(24,21)":10261.42767808502,"(3,1)":8128.422532996507,"(19,17)":9940.369368308842,"(4,5)":18108.328383336946,"(17,16)":11661.971584657442,"(20,22)":7025.916234690212,"(22,21)":8622.498968576521,"(18,16)":15491.485796001647,"(6,5)":8806.176931040534,"(16,17)":11678.6623280862,"(22,15)":18390.614709112557,"(1,2)":4533.2729608968975,"(22,23)":9666.840798063615,"(19,20)":8681.439405417277,"(9,8)":6844.418765313496,"(11,12)":8376.97290731748,"(3,4)":14123.431935054563,"(8,16)":8384.301469114227,"(2,6)":5973.937247214586,"(11,4)":5340.436738237544,"(17,10)":8126.353716450189,"(4,11)":5242.760615458465,"(5,4)":18125.39574793615,"(2,1)":4553.782099101603,"(5,9)":15842.695032613836,"(7,8)":12135.880614509339,"(21,24)":10318.28674640594,"(19,15)":19135.018538469205,"(10,9)":21845.020339429197,"(24,23)":7886.635109643759,"(11,14)":9787.612440350676,"(14,15)":9049.364173387206,"(10,17)":8116.829504275126,"(20,18)":19091.603542798868,"(14,23)":8400.873483646868,"(13,24)":11124.793288976141,"(21,20)":6270.69998809059,"(6,8)":12507.85470715884,"(10,16)":11043.22329105729,"(12,13)":12399.777185575129,"(24,13)":11116.596549478976,"(1,3)":8157.971744167694,"(21,22)":8628.91381760247,"(12,11)":8421.491342842086,"(9,10)":21791.0861445991,"(14,11)":9824.402826389456,"(15,14)":9083.041366316149,"(10,15)":23145.456639171123,"(20,19)":8703.405891759958,"(16,10)":11074.601185664558,"(17,19)":9950.049463125062,"(15,10)":23224.273023103302,"(16,8)":8405.268167972696,"(4,3)":14148.829698157382,"(5,6)":8800.41677786662,"(23,24)":7919.9944836365285,"(8,6)":12539.839158022585,"(12,3)":10123.551441105423,"(18,7)":15920.74120124926,"(11,10)":17624.80289019384,"(15,22)":18409.232173854707,"(6,2)":5998.296962736101,"(8,7)":12076.642996272,"(23,14)":8387.591031414358,"(18,20)":19069.91818387084,"(16,18)":15423.647084763339,"(3,12)":10179.678261204986,"(7,18)":15876.601177243694,"(9,5)":15852.482184880564},"2":{"(15,19)":19023.78017472667,"(20,21)":6283.9560699877,"(22,20)":7038.818410324959,"(23,22)":9663.264910790833,"(10,11)":17750.805321311138,"(8,9)":6866.470146125969,"(13,12)":12378.379877679447,"(24,21)":10270.261788384189,"(3,1)":7927.172825729844,"(19,17)":9969.373333486063,"(4,5)":18172.550745749646,"(17,16)":11641.731009428617,"(20,22)":6940.2087561739645,"(22,21)":8601.606868135,"(18,16)":15598.882106185829,"(6,5)":8866.460174607153,"(16,17)":11739.68921356161,"(22,15)":18373.154883237967,"(1,2)":4496.980529566413,"(22,23)":9653.341600436484,"(19,20)":8663.136404577857,"(9,8)":6749.57460842506,"(11,12)":8333.659486162824,"(3,4)":14045.62334230457,"(8,16)":8388.673087562507,"(2,6)":6010.212919108798,"(11,4)":5302.638461753405,"(17,10)":8277.309742683885,"(4,11)":5235.947907911784,"(5,4)":18053.377661598133,"(2,1)":4419.930638269336,"(5,9)":15981.548423065015,"(7,8)":12117.083821153523,"(21,24)":10311.237340639533,"(19,15)":19051.347034890598,"(10,9)":21557.914381553022,"(24,23)":7916.73966933056,"(11,14)":9665.118797746407,"(14,15)":9105.689005934399,"(10,17)":8104.854907657619,"(20,18)":19169.687691166644,"(14,23)":8427.422266550693,"(13,24)":11109.410675443409,"(21,20)":6217.554430418337,"(6,8)":12419.853007108803,"(10,16)":10994.862481401826,"(12,13)":12323.775801836262,"(24,13)":11108.144043972503,"(1,3)":8039.0335794415805,"(21,22)":8679.415594154663,"(12,11)":8467.996508677108,"(9,10)":21822.209396846985,"(14,11)":9863.962472260619,"(15,14)":9050.926241283587,"(10,15)":22964.06229887455,"(20,19)":8740.581379196481,"(16,10)":11085.134828362148,"(17,19)":9946.91475037658,"(15,10)":23201.382931355787,"(16,8)":8412.000884292556,"(4,3)":14115.654737579205,"(5,6)":8866.799172393563,"(23,24)":7941.482197364387,"(8,6)":12461.197444097332,"(12,3)":10002.976250205034,"(18,7)":15745.8392149295,"(11,10)":17647.71847403404,"(15,22)":18333.755843237774,"(6,2)":6013.168522407459,"(8,7)":12044.742153168027,"(23,14)":8339.123026850237,"(18,20)":19123.086267863306,"(16,18)":15412.067564197461,"(3,12)":10209.760912220954,"(7,18)":15988.553771800645,"(9,5)":15830.897468494231},"3":{"(15,19)":19090.64101614889,"(20,21)":6326.265857005581,"(22,20)":7034.157739014433,"(23,22)":9636.048991629998,"(10,11)":17747.390789084428,"(8,9)":6890.113476495796,"(13,12)":12473.260775807852,"(24,21)":10270.701480259411,"(3,1)":8086.002692782039,"(19,17)":9943.852333236644,"(4,5)":18115.239987831414,"(17,16)":11660.347130414,"(20,22)":7014.74439651297,"(22,21)":8612.360215201083,"(18,16)":15504.47442152125,"(6,5)":8824.79747667194,"(16,17)":11686.670403517315,"(22,15)":18385.167665393943,"(1,2)":4517.376280045129,"(22,23)":9665.571301819817,"(19,20)":8676.961639511625,"(9,8)":6832.950881879415,"(11,12)":8371.046026883287,"(3,4)":14119.016710969767,"(8,16)":8391.939493991282,"(2,6)":5980.484880352059,"(11,4)":5337.148661716099,"(17,10)":8153.315565017048,"(4,11)":5247.152045072378,"(5,4)":18114.38770862183,"(2,1)":4518.864179112532,"(5,9)":15872.101003115073,"(7,8)":12129.974000321188,"(21,24)":10312.389330272053,"(19,15)":19116.249085956988,"(10,9)":21795.16059650221,"(24,23)":7882.849500621377,"(11,14)":9760.422632210619,"(14,15)":9055.492894554054,"(10,17)":8117.083282422408,"(20,18)":19109.500938826357,"(14,23)":8410.280202240847,"(13,24)":11121.23315645966,"(21,20)":6262.953856100494,"(6,8)":12482.15757133638,"(10,16)":11037.33875591376,"(12,13)":12388.49716175619,"(24,13)":11115.109354284736,"(1,3)":8126.473633895796,"(21,22)":8644.815895019692,"(12,11)":8430.869554224675,"(9,10)":21793.284331036135,"(14,11)":9839.580821083076,"(15,14)":9090.947634656133,"(10,15)":23126.91959467864,"(20,19)":8707.318585105764,"(16,10)":11079.584249419635,"(17,19)":9944.736060272702,"(15,10)":23214.246752156756,"(16,8)":8404.421956453034,"(4,3)":14154.093660087246,