{"0":{"(15,19)":19103.599999999984,"(20,21)":6332.2000000000035,"(22,20)":7031.600000000003,"(23,22)":9628.799999999992,"(10,11)":17740.800000000003,"(8,9)":6899.800000000004,"(13,12)":12497.399999999996,"(24,21)":10263.599999999993,"(3,1)":8146.800000000003,"(19,17)":9941.200000000015,"(4,5)":18094.199999999983,"(17,16)":11674.19999999999,"(20,22)":7030.7999999999965,"(22,21)":8619.800000000001,"(18,16)":15488.800000000001,"(6,5)":8801.599999999991,"(16,17)":11682.599999999999,"(22,15)":18382.600000000024,"(1,2)":4541.599999999999,"(22,23)":9678.40000000001,"(19,20)":8686.000000000007,"(9,8)":6852.800000000003,"(11,12)":8372.400000000001,"(3,4)":14121.400000000007,"(8,16)":8389.400000000003,"(2,6)":5983.600000000005,"(11,4)":5339.199999999998,"(17,10)":8110.799999999999,"(4,11)":5245.799999999995,"(5,4)":18134.399999999994,"(2,1)":4559.800000000001,"(5,9)":15833.800000000005,"(7,8)":12137.199999999993,"(21,24)":10308.000000000005,"(19,15)":19139.200000000026,"(10,9)":21860.599999999977,"(24,23)":7883.000000000003,"(11,14)":9785.999999999998,"(14,15)":9050.600000000002,"(10,17)":8118.600000000005,"(20,18)":19075.200000000004,"(14,23)":8398.800000000005,"(13,24)":11124.199999999995,"(21,20)":6270.399999999997,"(6,8)":12510.8,"(10,16)":11048.599999999999,"(12,13)":12406.000000000002,"(24,13)":11115.600000000004,"(1,3)":8164.999999999998,"(21,22)":8637.200000000004,"(12,11)":8415.599999999997,"(9,10)":21780.799999999977,"(14,11)":9827.199999999999,"(15,14)":9089.20000000001,"(10,15)":23157.2,"(20,19)":8705.4,"(16,10)":11081.199999999995,"(17,19)":9957.399999999989,"(15,10)":23221.200000000004,"(16,8)":8405.600000000002,"(4,3)":14154.999999999995,"(5,6)":8788.200000000004,"(23,24)":7930.0,"(8,6)":12542.400000000003,"(12,3)":10135.200000000004,"(18,7)":15916.199999999995,"(11,10)":17631.799999999992,"(15,22)":18415.60000000001,"(6,2)":6001.800000000004,"(8,7)":12074.800000000001,"(23,14)":8401.399999999994,"(18,20)":19055.60000000002,"(16,18)":15431.600000000011,"(3,12)":10187.000000000002,"(7,18)":15853.800000000012,"(9,5)":15860.599999999999},"2":{"(15,19)":18596.132094661236,"(20,21)":6289.60863814438,"(22,20)":6891.882207728673,"(23,22)":9630.370773902816,"(10,11)":18169.981820553232,"(8,9)":7193.21244456615,"(13,12)":13620.945109154633,"(24,21)":10270.788486749294,"(3,1)":9529.931481801095,"(19,17)":10005.594789776756,"(4,5)":17922.523819302,"(17,16)":11732.915388344589,"(20,22)":6720.355755384462,"(22,21)":8657.538541766418,"(18,16)":15893.254643513472,"(6,5)":8892.95508163822,"(16,17)":11613.785736760447,"(22,15)":18425.214409720335,"(1,2)":5263.262005881815,"(22,23)":9905.043844501399,"(19,20)":8774.151690509769,"(9,8)":6932.30387554305,"(11,12)":8909.102792091644,"(3,4)":14498.677139903573,"(8,16)":8357.491104350414,"(2,6)":5960.395103049338,"(11,4)":5520.2178250106135,"(17,10)":8645.95122307311,"(4,11)":5554.447950529296,"(5,4)":19426.514418174498,"(2,1)":4871.347870313022,"(5,9)":15524.387880583743,"(7,8)":12984.76335225212,"(21,24)":10582.836458137544,"(19,15)":19049.240850433074,"(10,9)":23115.84208380357,"(24,23)":7863.84220225901,"(11,14)":9821.211590827994,"(14,15)":9088.002369984517,"(10,17)":7920.639803328466,"(20,18)":19484.068997591352,"(14,23)":8511.86108218867,"(13,24)":11064.816997081187,"(21,20)":6378.482639838551,"(6,8)":12445.932841681573,"(10,16)":11087.288477896882,"(12,13)":12843.051610791661,"(24,13)":11717.239825755742,"(1,3)":8322.537994872762,"(21,22)":8601.78374069613,"(12,11)":8281.799469740696,"(9,10)":21635.914105518514,"(14,11)":10165.072789778653,"(15,14)":9330.998610377397,"(10,15)":23239.39017376615,"(20,19)":8603.735159341957,"(16,10)":11261.316773628629,"(17,19)":9912.418610026836,"(15,10)":24225.297366291154,"(16,8)":8701.631362383821,"(4,3)":15248.11607309691,"(5,6)":8850.682201223472,"(23,24)":8094.677972630627,"(8,6)":13158.914728531645,"(12,3)":11529.043118391632,"(18,7)":16191.386062447948,"(11,10)":17715.1963023894,"(15,22)":18518.472191290475,"(6,2)":6251.51358426775,"(8,7)":11899.706413353162,"(23,14)":8370.916207762844,"(18,20)":18406.28983584693,"(16,18)":15967.201752637573,"(3,12)":10357.86826985075,"(7,18)":14854.539881588373,"(9,5)":17296.613223453096},"3":{"(15,19)":20503.991319486577,"(20,21)":5741.437665380859,"(22,20)":6873.520756150131,"(23,22)":10239.598149760799,"(10,11)":18367.540820005255,"(8,9)":4899.129188726373,"(13,12)":13348.393128326747,"(24,21)":10919.706958321618,"(3,1)":7709.209927681914,"(19,17)":11115.359147061237,"(4,5)":16181.519302939885,"(17,16)":11584.949017782505,"(20,22)":6785.002422864192,"(22,21)":9776.291560410236,"(18,16)":13268.015688709176,"(6,5)":9871.26908088681,"(16,17)":11437.535673409082,"(22,15)":19555.18741005566,"(1,2)":4213.984369245935,"(22,23)":10485.145781354795,"(19,20)":9227.697491679808,"(9,8)":4743.838040323882,"(11,12)":10117.400425509002,"(3,4)":12759.468507701502,"(8,16)":7786.447422715218,"(2,6)":5476.123633107914,"(11,4)":5229.180844178475,"(17,10)":8259.0674900023,"(4,11)":5453.075938129128,"(5,4)":17676.951695461725,"(2,1)":4379.905074239695,"(5,9)":13067.109559962384,"(7,8)":12142.015563122824,"(21,24)":11188.811825144032,"(19,15)":20852.869317898218,"(10,9)":23315.190886944118,"(24,23)":7759.118308596088,"(11,14)":10597.459511087522,"(14,15)":9315.493487102756,"(10,17)":7527.6113038208005,"(20,18)":18058.545850965136,"(14,23)":8495.905599930778,"(13,24)":11615.534450170815,"(21,20)":5876.56722268119,"(6,8)":12810.799908353478,"(10,16)":11913.947590700473,"(12,13)":12595.346241638588,"(24,13)":12243.110667170555,"(1,3)":7059.651281316132,"(21,22)":9717.224308299634,"(12,11)":9824.862157263162,"(9,10)":21394.866658343817,"(14,11)":10815.259352722276,"(15,14)":9479.6503020753,"(10,15)":23264.334885241293,"(20,19)":8987.478662377956,"(16,10)":12040.428930006805,"(17,19)":10987.754508085194,"(15,10)":24333.671852848936,"(16,8)":7838.622047080597,"(4,3)":13310.684266112208,"(5,6)":10172.333236517326,"(23,24)":8008.05057185872,"(8,6)":13738.279599720812,"(12,3)":9316.35344467429,"(18,7)":15975.902273712278,"(11,10)":18311.12396706257,"(15,22)":19539.6240846033,"(6,2)":6325.07695488888,"(8,7)":10656.112606659179,"(23,14)":8307.738793609396,"(18,20)":16947.716954538784,"(16,18)":13709.759080715996,"(3,12)":8504.790261913327,"(7,18)":14238.210075288009,"(9,5)":15174.113732526343},"1":{"(15,19)":18731.129184929552,"(20,21)":6101.679557273204,"(22,20)":7054.13313302551,"(23,22)":9704.948776968635,"(10,11)":17760.15783908449,"(8,9)":6719.891134175007,"(13,12)":12069.086775320171,"(24,21)":10313.06855971646,"(3,1)":7664.207068287936,"(19,17)":10038.466031159904,"(4,5)":18520.126563941845,"(17,16)":11519.955135130562,"(20,22)":6669.5987846343905,"(22,21)":8507.04580492608,"(18,16)":16159.390414630207,"(6,5)":8850.97148625202,"(16,17)":11871.108977634722,"(22,15)":18343.532717951035,"(1,2)":4756.609943745856,"(22,23)":9619.854923806695,"(19,20)":8585.965380063933,"(9,8)":6365.714120342866,"(11,12)":8185.590475365658,"(3,4)":14025.377902643897,"(8,16)":8392.491448150511,"(2,6)":6074.006002474212,"(11,4)":5214.301071058333,"(17,10)":8783.14574751134,"(4,11)":5225.722025055258,"(5,4)":17976.41071099311,"(2,1)":4348.248867852692,"(5,9)":16357.389573836372,"(7,8)":12148.262027550845,"(21,24)":10291.433357585878,"(19,15)":18736.792950425588,"(10,9)":20657.302066342618,"(24,23)":7957.847083012421,"(11,14)":9317.134678943272,"(14,15)":9279.337533302361,"(10,17)":8093.131067195897,"(20,18)":19580.50484713701,"(14,23)":8462.320593629773,"(13,24)":11033.43549513914,"(21,20)":6035.205439576773,"(6,8)":12280.014436580834,"(10,16)":10795.22404057302,"(12,13)":12128.585641733145,"(24,13)":11051.49158556861,"(1,3)":8016.358133009314,"(21,22)":8805.690674344272,"(12,11)":8610.516926301303,"(9,10)":21952.511921888137,"(14,11)":9971.889583637729,"(15,14)":8866.444803291464,"(10,15)":22361.3868784381,"(20,19)":8832.332761254338,"(16,10)":11083.96757137929,"(17,19)":9908.508958795866,"(15,10)":23143.436494475663,"(16,8)":8424.912598722385,"(4,3)":14265.826933720418,