{"0":[4541.599999999999,8164.999999999998,4559.800000000001,5983.600000000005,8146.800000000003,14121.400000000007,10187.000000000002,14154.999999999995,18094.199999999983,5245.799999999995,18134.399999999994,8788.200000000004,15833.800000000005,6001.800000000004,8801.599999999991,12510.8,12137.199999999993,15853.800000000012,12542.400000000003,12074.800000000001,6899.800000000004,8389.400000000003,15860.599999999999,6852.800000000003,21780.799999999977,21860.599999999977,17740.800000000003,23157.2,11048.599999999999,8118.600000000005,5339.199999999998,17631.799999999992,8372.400000000001,9785.999999999998,10135.200000000004,8415.599999999997,12406.000000000002,12497.399999999996,11124.199999999995,9827.199999999999,9050.600000000002,8398.800000000005,23221.200000000004,9089.20000000001,19103.599999999984,18415.60000000001,8405.600000000002,11081.199999999995,11682.599999999999,15431.600000000011,8110.799999999999,11674.19999999999,9957.399999999989,15916.199999999995,15488.800000000001,19055.60000000002,19139.200000000026,9941.200000000015,8686.000000000007,19075.200000000004,8705.4,6332.2000000000035,7030.7999999999965,6270.399999999997,8637.200000000004,10308.000000000005,18382.600000000024,7031.600000000003,8619.800000000001,9678.40000000001,8401.399999999994,9628.799999999992,7930.0,11115.600000000004,10263.599999999993,7883.000000000003],"4":[4470.11703209861,8109.608865014387,4540.154849843479,5973.612157898845,8324.102683149855,14133.140214190538,10082.303309268726,14189.560435432753,17910.76356920548,5304.519981935337,18310.441800242246,8849.547901132892,15677.399988775393,6057.538053580125,8882.324681605509,12512.506406227007,12222.003773074248,15537.335818172085,12643.821530417606,12025.795014333415,6991.415630540841,8390.723404621805,16116.908423560408,6992.0501426135115,21729.08624388995,22335.594245163917,17788.87153632181,23361.743269228187,11118.36702717356,8087.369717333282,5353.704282068469,17656.117810492837,8513.362205244208,9904.948565092622,10360.66701817765,8358.826314828428,12496.312872192662,12712.382025496792,11153.288242551851,9838.945690875227,9002.872788740517,8404.572675846599,23373.10400474818,9177.476239090727,19128.06228803878,18501.767625526478,8450.4540410513,11099.289777931534,11631.206711191397,15426.480189712427,8037.536705720932,11720.04612952786,9960.141684065517,16069.119451024997,15322.361567619417,18853.743782114554,19222.18235335568,9935.833074699876,8722.538579860566,18986.272044041376,8667.431245882171,6390.015943296583,7067.059113814472,6351.1865916624265,8585.71206582605,10354.56033277969,18395.708097221832,6997.175729101502,8649.992306972144,9727.02328693658,8449.819980799704,9610.80550738577,7958.0527950132755,11227.114243919295,10257.327358417107,7877.607537181278],"2":[4529.958659322275,8129.700724261614,4581.921612756353,5967.347863732692,8501.693983569852,14172.913206870438,10067.582994227094,14283.645732944748,17871.023564746036,5323.687007557454,18455.363547746536,8853.517367006212,15609.167488078,6083.599784823817,8886.427342893163,12525.369645807365,12319.483904923583,15425.73795970288,12717.259917310272,12023.46492498593,7038.309697606446,8373.46256735728,16273.059164940121,7023.5280278325545,21700.87242299177,22536.929401463145,17825.916862893253,23424.861869431756,11139.925832459156,8076.369044895529,5368.7819424995205,17655.966237752426,8591.995123099881,9930.374354669872,10528.338364501436,8334.611994710798,12560.040291157753,12862.168132520645,11152.62782093957,9858.863807913267,8979.246784016672,8413.387927011256,23481.784796570402,9222.166047606845,19105.42419485976,18514.78884858825,8468.450569309165,11112.989781144248,11604.80902249251,15479.881854106634,8035.113599750412,11737.076185379972,9960.417866790052,16166.043734035313,15333.723500055296,18766.895106493044,19245.39963819604,9936.82276081363,8740.267557024783,18993.66853449406,8653.24314451113,6405.423285565795,7064.456450034575,6380.432333697247,8576.864151919877,10388.495292403939,18411.341855961764,6989.545770562118,8664.453766484563,9735.985552059466,8458.984639461096,9609.685460319302,7964.3681540260795,11294.848214293479,10258.016617244104,7862.0078955181625],"3":[4470.11703209861,8109.608865014387,4540.154849843479,5973.612157898845,8324.102683149855,14133.140214190538,10082.303309268726,14189.560435432753,17910.76356920548,5304.519981935337,18310.441800242246,8849.547901132892,15677.399988775393,6057.538053580125,8882.324681605509,12512.506406227007,12222.003773074248,15537.335818172085,12643.821530417606,12025.795014333415,6991.415630540841,8390.723404621805,16116.908423560408,6992.0501426135115,21729.08624388995,22335.594245163917,17788.87153632181,23361.743269228187,11118.36702717356,8087.369717333282,5353.704282068469,17656.117810492837,8513.362205244208,9904.948565092622,10360.66701817765,8358.826314828428,12496.312872192662,12712.382025496792,11153.288242551851,9838.945690875227,9002.872788740517,8404.572675846599,23373.10400474818,9177.476239090727,19128.06228803878,18501.767625526478,8450.4540410513,11099.289777931534,11631.206711191397,15426.480189712427,8037.536705720932,11720.04612952786,9960.141684065517,16069.119451024997,15322.361567619417,18853.743782114554,19222.18235335568,9935.833074699876,8722.538579860566,18986.272044041376,8667.431245882171,6390.015943296583,7067.059113814472,6351.1865916624265,8585.71206582605,10354.56033277969,18395.708097221832,6997.175729101502,8649.992306972144,9727.02328693658,8449.819980799704,9610.80550738577,7958.0527950132755,11227.114243919295,10257.327358417107,7877.607537181278],"1":[4756.609943745856,8016.358133009314,4348.248867852692,6074.006002474212,7664.207068287936,14025.377902643897,10489.989742734744,14265.826933720418,18520.126563941845,5225.722025055258,17976.41071099311,8871.002934759099,16357.389573836372,5987.107670222121,8850.97148625202,12280.014436580834,12148.262027550845,16474.3963993828,12328.663815712694,12029.863643141407,6719.891134175007,8392.491448150511,15705.512895684875,6365.714120342866,21952.511921888137,20657.302066342618,17760.15783908449,22361.3868784381,10795.22404057302,8093.131067195897,5214.301071058333,17666.770404800696,8185.590475365658,9317.134678943272,9796.811827046362,8610.516926301303,12128.585641733145,12069.086775320171,11033.43549513914,9971.889583637729,9279.337533302361,8462.320593629773,23143.436494475663,8866.444803291464,18731.129184929552,18142.303905293324,8424.912598722385,11083.96757137929,11871.108977634722,15586.334518404536,8783.14574751134,11519.955135130562,9908.508958795866,15325.118452004437,16159.390414630207,19441.978125934933,18736.792950425588,10038.466031159904,8585.965380063933,19580.50484713701,8832.332761254338,6101.679557273204,6669.5987846343905,6035.205439576773,8805.690674344272,10291.433357585878,18343.532717951035,7054.13313302551,8507.04580492608,9619.854923806695,8154.570350416883,9704.948776968635,7964.838961918344,11051.49158556861,10313.06855971646,7957.847083012421]}