{"0":{"(15,19)":19103.599999999984,"(20,21)":6332.2000000000035,"(22,20)":7031.600000000003,"(23,22)":9628.799999999992,"(10,11)":17740.800000000003,"(8,9)":6899.800000000004,"(13,12)":12497.399999999996,"(24,21)":10263.599999999993,"(3,1)":8146.800000000003,"(19,17)":9941.200000000015,"(4,5)":18094.199999999983,"(17,16)":11674.19999999999,"(20,22)":7030.7999999999965,"(22,21)":8619.800000000001,"(18,16)":15488.800000000001,"(6,5)":8801.599999999991,"(16,17)":11682.599999999999,"(22,15)":18382.600000000024,"(1,2)":4541.599999999999,"(22,23)":9678.40000000001,"(19,20)":8686.000000000007,"(9,8)":6852.800000000003,"(11,12)":8372.400000000001,"(3,4)":14121.400000000007,"(8,16)":8389.400000000003,"(2,6)":5983.600000000005,"(11,4)":5339.199999999998,"(17,10)":8110.799999999999,"(4,11)":5245.799999999995,"(5,4)":18134.399999999994,"(2,1)":4559.800000000001,"(5,9)":15833.800000000005,"(7,8)":12137.199999999993,"(21,24)":10308.000000000005,"(19,15)":19139.200000000026,"(10,9)":21860.599999999977,"(24,23)":7883.000000000003,"(11,14)":9785.999999999998,"(14,15)":9050.600000000002,"(10,17)":8118.600000000005,"(20,18)":19075.200000000004,"(14,23)":8398.800000000005,"(13,24)":11124.199999999995,"(21,20)":6270.399999999997,"(6,8)":12510.8,"(10,16)":11048.599999999999,"(12,13)":12406.000000000002,"(24,13)":11115.600000000004,"(1,3)":8164.999999999998,"(21,22)":8637.200000000004,"(12,11)":8415.599999999997,"(9,10)":21780.799999999977,"(14,11)":9827.199999999999,"(15,14)":9089.20000000001,"(10,15)":23157.2,"(20,19)":8705.4,"(16,10)":11081.199999999995,"(17,19)":9957.399999999989,"(15,10)":23221.200000000004,"(16,8)":8405.600000000002,"(4,3)":14154.999999999995,"(5,6)":8788.200000000004,"(23,24)":7930.0,"(8,6)":12542.400000000003,"(12,3)":10135.200000000004,"(18,7)":15916.199999999995,"(11,10)":17631.799999999992,"(15,22)":18415.60000000001,"(6,2)":6001.800000000004,"(8,7)":12074.800000000001,"(23,14)":8401.399999999994,"(18,20)":19055.60000000002,"(16,18)":15431.600000000011,"(3,12)":10187.000000000002,"(7,18)":15853.800000000012,"(9,5)":15860.599999999999},"2":{"(15,19)":18729.8421092179,"(20,21)":6099.876427193641,"(22,20)":7053.888047020576,"(23,22)":9712.7115839935,"(10,11)":17754.34159691285,"(8,9)":6713.7390915112655,"(13,12)":12072.085398822579,"(24,21)":10305.579070396663,"(3,1)":7656.059219469675,"(19,17)":10034.113089014043,"(4,5)":18527.049216994004,"(17,16)":11517.036094293784,"(20,22)":6669.382652436411,"(22,21)":8519.504265379197,"(18,16)":16157.088602201084,"(6,5)":8855.232958643677,"(16,17)":11868.236090977894,"(22,15)":18340.509823530905,"(1,2)":4746.848760609494,"(22,23)":9606.677688323372,"(19,20)":8591.987671377612,"(9,8)":6362.441952187911,"(11,12)":8183.685121346605,"(3,4)":14033.005930619438,"(8,16)":8390.103801867263,"(2,6)":6066.737030526719,"(11,4)":5214.86388773783,"(17,10)":8783.447787450896,"(4,11)":5229.122433016005,"(5,4)":17980.586291224696,"(2,1)":4349.463538785378,"(5,9)":16357.798494758146,"(7,8)":12147.562542731712,"(21,24)":10302.091499026186,"(19,15)":18737.265338568246,"(10,9)":20665.35067406511,"(24,23)":7963.343861447981,"(11,14)":9319.598327301619,"(14,15)":9269.506606848274,"(10,17)":8092.8345632410665,"(20,18)":19580.504669045662,"(14,23)":8470.333814082554,"(13,24)":11031.553077579914,"(21,20)":6034.662469041867,"(6,8)":12279.348309023795,"(10,16)":10801.654198204207,"(12,13)":12128.760399725674,"(24,13)":11052.250406324803,"(1,3)":8017.274457181327,"(21,22)":8799.124976743431,"(12,11)":8611.859222004281,"(9,10)":21953.946496816363,"(14,11)":9982.260504278322,"(15,14)":8870.561493791793,"(10,15)":22360.33059056897,"(20,19)":8838.398203421984,"(16,10)":11087.927346578283,"(17,19)":9904.637878069065,"(15,10)":23133.808790073737,"(16,8)":8425.350839667244,"(4,3)":14266.16270597768,"(5,6)":8881.045778329553,"(23,24)":7954.600366517736,"(8,6)":12334.5099609637,"(12,3)":9799.114369669267,"(18,7)":15318.412839087214,"(11,10)":17675.64459666404,"(15,22)":18136.844160375014,"(6,2)":5991.649748962245,"(8,7)":12027.428247828375,"(23,14)":8157.255810603505,"(18,20)":19439.888841891883,"(16,18)":15584.307979658744,"(3,12)":10492.843443975868,"(7,18)":16464.539160782046,"(9,5)":15709.555040710435},"3":{"(15,19)":18725.345110340277,"(20,21)":6101.8955943791825,"(22,20)":7053.888047020576,"(23,22)":9707.71082814464,"(10,11)":17760.6932888617,"(8,9)":6715.989115720573,"(13,12)":12072.506129904557,"(24,21)":10312.012592807752,"(3,1)":7657.854863790641,"(19,17)":10037.878661060991,"(4,5)":18536.827644628152,"(17,16)":11519.393100023974,"(20,22)":6669.382652436411,"(22,21)":8510.554421167812,"(18,16)":16143.471335857043,"(6,5)":8857.829241949832,"(16,17)":11871.629925386247,"(22,15)":18343.675422925546,"(1,2)":4748.644404930471,"(22,23)":9611.834595384202,"(19,20)":8585.43941259849,"(9,8)":6361.080918769227,"(11,12)":8183.311949074807,"(3,4)":14042.382973277652,"(8,16)":8400.849077863582,"(2,6)":6064.739365445856,"(11,4)":5216.137528377303,"(17,10)":8783.447787450896,"(4,11)":5228.563002931378,"(5,4)":17985.39527364747,"(2,1)":4346.964545529981,"(5,9)":16359.936753024975,"(7,8)":12151.012510401204,"(21,24)":10296.31284884187,"(19,15)":18739.354233289367,"(10,9)":20661.799698477185,"(24,23)":7955.999899182235,"(11,14)":9327.483648655874,"(14,15)":9279.906528253354,"(10,17)":8092.8345632410665,"(20,18)":19574.503143107177,"(14,23)":8469.488752909023,"(13,24)":11030.642637725248,"(21,20)":6034.8212472646,"(6,8)":12283.838786468747,"(10,16)":10802.862974832817,"(12,13)":12127.967497992775,"(24,13)":11052.553599285018,"(1,3)":8014.77546392593,"(21,22)":8804.247694090249,"(12,11)":8605.268670483676,"(9,10)":21958.87747424999,"(14,11)":9973.383159977522,"(15,14)":8867.46689204238,"(10,15)":22349.01748841454,"(20,19)":8837.399009563429,"(16,10)":11081.471970411601,"(17,19)":9909.440278794178,"(15,10)":23146.49100332099,"(16,8)":8424.248186257792,"(4,3)":14272.40337414857,"(5,6)":8883.740611453532,"(23,24)":7960.682209662258,"(8,6)":12334.607251014462,"(12,3)":9806.49383881111,"(18,7)":15324.103101311046,"(11,10)":17657.183172984936,"(15,22)":18136.09486112117,"(6,2)":5985.35744630501,"(8,7)":12019.81241585832,"(23,14)":8153.142606929405,"(18,20)":19441.29676983675,"(16,18)":15589.165966837641,"(3,12)":10492.791901054017,"(7,18)":16459.163623366265,"(9,5)":15706.82240358368},"1":{"(15,19)":18731.129184929552,"(20,21)":6101.679557273204,"(22,20)":7054.13313302551,"(23,22)":9704.948776968635,"(10,11)":17760.15783908449,"(8,9)":6719.891134175007,"(13,12)":12069.086775320171,"(24,21)":10313.06855971646,"(3,1)":7664.207068287936,"(19,17)":10038.466031159904,"(4,5)":18520.126563941845,"(17,16)":11519.955135130562,"(20,22)":6669.5987846343905,"(22,21)":8507.04580492608,"(18,16)":16159.390414630207,"(6,5)":8850.97148625202,"(16,17)":11871.108977634722,"(22,15)":18343.532717951035,"(1,2)":4756.609943745856,"(22,23)":9619.854923806695,"(19,20)":8585.965380063933,"(9,8)":6365.714120342866,"(11,12)":8185.590475365658,"(3,4)":14025.377902643897,"(8,16)":8392.491448150511,"(2,6)":6074.006002474212,"(11,4)":5214.301071058333,"(17,10)":8783.14574751134,"(4,11)":5225.722025055258,"(5,4)":17976.41071099311,"(2,1)":4348.248867852692,"(5,9)":16357.389573836372,"(7,8)":12148.262027550845,"(21,24)":10291.433357585878,"(19,15)":18736.792950425588,"(10,9)":20657.302066342618,"(24,23)":7957.847083012421,"(11,14)":9317.134678943272,"(14,15)":9279.337533302361,"(10,17)":8093.131067195897,"(20,18)":19580.50484713701,"(14,23)":8462.320593629773,"(13,24)":11033.43549513914,"(21,20)":6035.205439576773,"(6,8)":12280.014436580834,"(10,16)":10795.22404057302,"(12,13)":12128.585641733145,"(24,13)":11051.49158556861,"(1,3)":8016.358133009314,"(21,22)":8805.690674344272,"(12,11)":8610.516926301303,"(9,10)":21952.511921888137,"(14,11)":9971.889583637729,"(15,14)":8866.444803291464,"(10,15)":22361.3868784381,"(20,19)":8832.332761254338,"(16,10)":11083.96757137929,"(17,19)":9908.508958795866,"(15,10)":23143.436494475663,"(16,8)":8424.912598722385,"(4,3)":14265.826933720418,