{"0":{"(15,19)":19103.599999999984,"(20,21)":6332.2000000000035,"(22,20)":7031.600000000003,"(23,22)":9628.799999999992,"(10,11)":17740.800000000003,"(8,9)":6899.800000000004,"(13,12)":12497.399999999996,"(24,21)":10263.599999999993,"(3,1)":8146.800000000003,"(19,17)":9941.200000000015,"(4,5)":18094.199999999983,"(17,16)":11674.19999999999,"(20,22)":7030.7999999999965,"(22,21)":8619.800000000001,"(18,16)":15488.800000000001,"(6,5)":8801.599999999991,"(16,17)":11682.599999999999,"(22,15)":18382.600000000024,"(1,2)":4541.599999999999,"(22,23)":9678.40000000001,"(19,20)":8686.000000000007,"(9,8)":6852.800000000003,"(11,12)":8372.400000000001,"(3,4)":14121.400000000007,"(8,16)":8389.400000000003,"(2,6)":5983.600000000005,"(11,4)":5339.199999999998,"(17,10)":8110.799999999999,"(4,11)":5245.799999999995,"(5,4)":18134.399999999994,"(2,1)":4559.800000000001,"(5,9)":15833.800000000005,"(7,8)":12137.199999999993,"(21,24)":10308.000000000005,"(19,15)":19139.200000000026,"(10,9)":21860.599999999977,"(24,23)":7883.000000000003,"(11,14)":9785.999999999998,"(14,15)":9050.600000000002,"(10,17)":8118.600000000005,"(20,18)":19075.200000000004,"(14,23)":8398.800000000005,"(13,24)":11124.199999999995,"(21,20)":6270.399999999997,"(6,8)":12510.8,"(10,16)":11048.599999999999,"(12,13)":12406.000000000002,"(24,13)":11115.600000000004,"(1,3)":8164.999999999998,"(21,22)":8637.200000000004,"(12,11)":8415.599999999997,"(9,10)":21780.799999999977,"(14,11)":9827.199999999999,"(15,14)":9089.20000000001,"(10,15)":23157.2,"(20,19)":8705.4,"(16,10)":11081.199999999995,"(17,19)":9957.399999999989,"(15,10)":23221.200000000004,"(16,8)":8405.600000000002,"(4,3)":14154.999999999995,"(5,6)":8788.200000000004,"(23,24)":7930.0,"(8,6)":12542.400000000003,"(12,3)":10135.200000000004,"(18,7)":15916.199999999995,"(11,10)":17631.799999999992,"(15,22)":18415.60000000001,"(6,2)":6001.800000000004,"(8,7)":12074.800000000001,"(23,14)":8401.399999999994,"(18,20)":19055.60000000002,"(16,18)":15431.600000000011,"(3,12)":10187.000000000002,"(7,18)":15853.800000000012,"(9,5)":15860.599999999999},"4":{"(15,19)":18684.951609269017,"(20,21)":6112.333884474404,"(22,20)":7032.119221476581,"(23,22)":9707.006414577385,"(10,11)":17779.910239639175,"(8,9)":6762.783439108019,"(13,12)":12207.368620042003,"(24,21)":10295.91804123295,"(3,1)":7832.043859081458,"(19,17)":10038.361908156145,"(4,5)":18458.785073446375,"(17,16)":11540.233309214165,"(20,22)":6655.192066312216,"(22,21)":8527.143146752815,"(18,16)":16128.486124271201,"(6,5)":8851.435753385673,"(16,17)":11849.911186160753,"(22,15)":18344.28527044274,"(1,2)":4819.927847653726,"(22,23)":9635.858767223093,"(19,20)":8601.44012138138,"(9,8)":6399.356790497336,"(11,12)":8244.83335626592,"(3,4)":14059.987664972712,"(8,16)":8390.873676247491,"(2,6)":6061.837993613396,"(11,4)":5208.009487383417,"(17,10)":8804.390270192522,"(4,11)":5253.608448408185,"(5,4)":18122.532679036784,"(2,1)":4388.952545138875,"(5,9)":16279.39127527117,"(7,8)":12229.506938722416,"(21,24)":10329.309824380132,"(19,15)":18742.122838786425,"(10,9)":20866.973511597444,"(24,23)":7959.537858198477,"(11,14)":9355.346555045744,"(14,15)":9267.305200142366,"(10,17)":8071.800699939038,"(20,18)":19569.44213680725,"(14,23)":8481.401475764673,"(13,24)":11024.87050850157,"(21,20)":6055.808861604408,"(6,8)":12286.88163298139,"(10,16)":10811.614715187718,"(12,13)":12181.805590439666,"(24,13)":11112.014759473795,"(1,3)":8032.197472301835,"(21,22)":8778.27982765224,"(12,11)":8578.61307771514,"(9,10)":21909.74498975702,"(14,11)":9996.296902266726,"(15,14)":8902.375934521997,"(10,15)":22409.17306873394,"(20,19)":8820.749703400834,"(16,10)":11097.680431951036,"(17,19)":9907.662907141897,"(15,10)":23245.21586889675,"(16,8)":8456.657163371025,"(4,3)":14355.369209457123,"(5,6)":8879.052884032079,"(23,24)":7972.153740311548,"(8,6)":12394.393330282011,"(12,3)":9954.002192159474,"(18,7)":15363.21204395967,"(11,10)":17672.855295006262,"(15,22)":18170.13941244248,"(6,2)":6006.576307578553,"(8,7)":12007.894145398905,"(23,14)":8166.943980021949,"(18,20)":19351.354479583628,"(16,18)":15628.593836395354,"(3,12)":10470.469806258301,"(7,18)":16305.496116173836,"(9,5)":15884.568432479009},"2":{"(15,19)":18691.205039949666,"(20,21)":6107.506262582112,"(22,20)":7034.169439517784,"(23,22)":9701.423419481918,"(10,11)":17778.480961405166,"(8,9)":6765.644455044674,"(13,12)":12213.189809214133,"(24,21)":10302.755075986897,"(3,1)":7827.493131103815,"(19,17)":10035.100138157291,"(4,5)":18490.966338345308,"(17,16)":11529.41429092555,"(20,22)":6655.062847140741,"(22,21)":8522.116815433663,"(18,16)":16155.60406232267,"(6,5)":8849.517017842474,"(16,17)":11852.694698698564,"(22,15)":18345.199910004467,"(1,2)":4816.642610203424,"(22,23)":9631.515260569082,"(19,20)":8601.535086559405,"(9,8)":6401.694596077224,"(11,12)":8249.733306744907,"(3,4)":14081.324871989227,"(8,16)":8399.328421605895,"(2,6)":6060.34527127643,"(11,4)":5214.665270851065,"(17,10)":8802.476303642821,"(4,11)":5261.599072064064,"(5,4)":18139.832562048145,"(2,1)":4398.4892944172125,"(5,9)":16303.327502915992,"(7,8)":12241.831483941687,"(21,24)":10323.998258803937,"(19,15)":18743.154236813833,"(10,9)":20870.60395801298,"(24,23)":7960.314111983623,"(11,14)":9340.75697041027,"(14,15)":9264.666481744782,"(10,17)":8074.1548140867,"(20,18)":19601.82354286415,"(14,23)":8480.666497516966,"(13,24)":11029.523244811871,"(21,20)":6054.346273124344,"(6,8)":12284.193455132692,"(10,16)":10819.055675626872,"(12,13)":12189.653864242466,"(24,13)":11118.926006180225,"(1,3)":8047.504366890779,"(21,22)":8789.12163571782,"(12,11)":8587.057590279936,"(9,10)":21931.16363624489,"(14,11)":10002.804184806671,"(15,14)":8911.177108132508,"(10,15)":22406.023618844134,"(20,19)":8815.171169342895,"(16,10)":11100.3084327179,"(17,19)":9905.154894363615,"(15,10)":23240.558814073356,"(16,8)":8452.367312068342,"(4,3)":14369.557269047145,"(5,6)":8876.598376803197,"(23,24)":7981.119467824875,"(8,6)":12400.339238656139,"(12,3)":9963.47276659809,"(18,7)":15382.282082486723,"(11,10)":17684.963444602712,"(15,22)":18153.880301550194,"(6,2)":6017.107282719676,"(8,7)":12007.300026840898,"(23,14)":8166.410609593056,"(18,20)":19365.011882682727,"(16,18)":15640.618324842948,"(3,12)":10494.165665491346,"(7,18)":16324.821185033983,"(9,5)":15889.414059583125},"3":{"(15,19)":18693.795602649334,"(20,21)":6104.941780983044,"(22,20)":7033.629263650365,"(23,22)":9702.51246068223,"(10,11)":17785.901106337045,"(8,9)":6761.988781649387,"(13,12)":12210.873806534286,"(24,21)":10306.230836521809,"(3,1)":7827.80979343544,"(19,17)":10036.942284815821,"(4,5)":18486.33023358059,"(17,16)":11532.39047299025,"(20,22)":6655.166910193198,"(22,21)":8526.679160851516,"(18,16)":16146.712661710504,"(6,5)":8852.031352930531,"(16,17)":11850.245806022602,"(22,15)":18345.00121895772,"(1,2)":4816.695246249813,"(22,23)":9632.665632679395,"(19,20)":8605.8319684347,"(9,8)":6405.8066979307105,"(11,12)":8254.321086250797,"(3,4)":14077.688632809219,"(8,16)":8399.17039352774,"(2,6)":6059.089815135767,"(11,4)":5214.237637111171,"(17,10)":8801.760435033513,"(4,11)":5261.811069767478,"(5,4)":18138.788646552235,"(2,1)":4393.455576692308,"(5,9)":16304.640152162941,"(7,8)":12248.870666178671,"(21,24)":10324.381983018477,"(19,15)":18748.35326235702,"(10,9)":20872.26069266123,"(24,23)":7957.261489045709,"(11,14)":9350.02018254403,"(14,15)":9266.995473675172,"(10,17)":8073.532812594391,"(20,18)":19594.03051500583,"(14,23)":8481.965039311277,"(13,24)":11029.991547306496,"(21,20)":6058.368647151167,"(6,8)":12278.811325595996,"(10,16)":10814.86534190772,"(12,13)":12188.320353093706,"(24,13)":11118.227390531425,"(1,3)":8042.139629445273,"(21,22)":8789.589998168816,"(12,11)":8587.871717327003,"(9,10)":21929.80877423455,"(14,11)":10001.581525461932,"(15,14)":8907.030094927795,"(10,15)":22403.667305216237,"(20,19)":8826.210879100281,"(16,10)":11103.755630116684,"(17,19)":9902.472220366002,"(15,10)":23243.798586917354,"(16,8)":8439.620646644713,"(4,3)":14368.053633454028,