{"0":[4541.599999999999,8164.999999999998,4559.800000000001,5983.600000000005,8146.800000000003,14121.400000000007,10187.000000000002,14154.999999999995,18094.199999999983,5245.799999999995,18134.399999999994,8788.200000000004,15833.800000000005,6001.800000000004,8801.599999999991,12510.8,12137.199999999993,15853.800000000012,12542.400000000003,12074.800000000001,6899.800000000004,8389.400000000003,15860.599999999999,6852.800000000003,21780.799999999977,21860.599999999977,17740.800000000003,23157.2,11048.599999999999,8118.600000000005,5339.199999999998,17631.799999999992,8372.400000000001,9785.999999999998,10135.200000000004,8415.599999999997,12406.000000000002,12497.399999999996,11124.199999999995,9827.199999999999,9050.600000000002,8398.800000000005,23221.200000000004,9089.20000000001,19103.599999999984,18415.60000000001,8405.600000000002,11081.199999999995,11682.599999999999,15431.600000000011,8110.799999999999,11674.19999999999,9957.399999999989,15916.199999999995,15488.800000000001,19055.60000000002,19139.200000000026,9941.200000000015,8686.000000000007,19075.200000000004,8705.4,6332.2000000000035,7030.7999999999965,6270.399999999997,8637.200000000004,10308.000000000005,18382.600000000024,7031.600000000003,8619.800000000001,9678.40000000001,8401.399999999994,9628.799999999992,7930.0,11115.600000000004,10263.599999999993,7883.000000000003],"4":[4872.33633404506,8055.146842549256,4431.37857781737,6051.723033276269,7992.646287908456,14116.916490650105,10447.440989170333,14427.147348542363,18407.0036875858,5297.629047983055,18251.768553646772,8869.465846370424,16223.923117711034,6033.349579996736,8854.797570007893,12285.108128135034,12325.96555895843,16173.075010079352,12470.515053910387,12007.642784399559,6799.897929216426,8384.08079283242,16036.243018054252,6452.737577085459,21896.631523782547,21086.323017104576,17823.926988035542,22463.004381133447,10833.64327597452,8049.445356166434,5203.333427528237,17684.004068433158,8329.009115395298,9391.06042883448,10130.196907460904,8543.158477074026,12244.38051995237,12350.655426447147,11025.315321787042,10015.752139622546,9259.762466796743,8488.538508968013,23349.891563180103,8940.163277607346,18660.243403605495,18203.082979615123,8478.064612533393,11117.41014500894,11833.700003590957,15705.41094270864,8821.527310098303,11548.294858036317,9904.676232524505,15436.752905516154,16171.728733422182,19264.459446052646,18752.942897520137,10037.041529755616,8622.152995228767,19598.51846829105,8797.075846060352,6116.574250519097,6643.856620635766,6083.1560446724225,8772.822921333733,10357.18971011606,18358.87989195974,7011.7044524675475,8540.619871443161,9660.303618628968,8170.207395796197,9694.272860454346,7987.868373587282,11176.57956098906,10305.89965700697,7946.67932840361],"2":[4886.717867211341,8070.236331355498,4441.313255320815,6051.825733238743,7999.823980714224,14133.911665836416,10487.319176121446,14479.102012806496,18457.625412139994,5282.117567668912,18296.392113864586,8867.370307481098,16259.276288953439,6034.789032166054,8856.07481329132,12285.868496269652,12329.904147874297,16195.74758472364,12474.887403197974,11996.03219015905,6803.683103237428,8395.691302139257,16057.808706584827,6441.691903072221,21912.609084801086,21072.913713966,17816.99777585814,22452.115451747963,10825.882876729996,8056.112433096942,5211.527101800393,17671.193231102254,8316.67169454041,9376.688468836153,10127.395766303878,8552.630005419169,12250.523996969267,12351.615420350452,11027.729214342753,10019.491035315972,9261.057236719691,8481.477975232187,23354.27776450122,8931.174153805936,18661.85306637894,18193.2944771805,8479.785719644886,11114.655270227193,11839.6153312938,15688.680933311502,8830.959858957924,11546.288916724776,9903.603393523312,15443.15475493056,16168.964150846461,19276.296935599545,18755.16509874885,10043.836494283678,8618.043861306389,19617.96860148462,8804.325735357696,6115.178475374787,6642.81961344832,6082.593291926472,8778.47309368282,10356.272023351297,18358.97194992591,7021.189928439479,8534.279132582387,9660.64207633565,8169.976550678818,9695.493898171873,7991.832548586336,11182.999313674898,10308.240323307762,7946.603181063772],"3":[4876.309308111627,8059.117446003362,4434.331401975768,6050.878102540634,7994.950451565583,14117.95201888106,10463.028036695638,14445.840278423693,18412.15967369287,5297.920956341607,18269.691667163872,8865.976930226248,16226.917621072904,6032.816813931196,8855.526513075683,12283.14756111106,12326.064065363973,16173.560320227276,12472.823927356694,12003.241168240567,6799.251322749207,8379.404037287924,16046.817352835944,6443.177013557825,21901.265020719235,21089.439420769064,17813.340475280464,22463.959846245212,10841.603599992786,8050.828605932291,5204.812834319947,17692.249159751795,8318.332039778523,9384.410839759874,10126.545522042114,8550.280229674949,12244.71633335787,12352.542841606271,11024.011501700137,10016.463099464288,9255.65422270138,8491.69147634352,23349.056266543612,8938.176221533931,18660.270030610835,18195.53241046753,8479.154549017616,11117.033549381775,11828.631109575399,15705.349946307126,8823.602641478985,11551.983021356027,9898.194204379924,15434.594738841126,16162.670128137119,19270.43744912139,18752.79282816082,10044.00799628839,8617.183467339817,19595.14295290931,8806.453755805798,6115.696550626409,6643.447242828033,6081.80655557704,8765.34990309568,10356.01122854062,18353.558666790228,7013.966284661245,8538.085805308492,9661.87208127051,8174.246550841611,9703.824783705193,7990.121629727263,11178.66034677985,10296.880036344033,7955.021000822049],"5":[4872.33633404506,8055.146842549256,4431.37857781737,6051.723033276269,7992.646287908456,14116.916490650105,10447.440989170333,14427.147348542363,18407.0036875858,5297.629047983055,18251.768553646772,8869.465846370424,16223.923117711034,6033.349579996736,8854.797570007893,12285.108128135034,12325.96555895843,16173.075010079352,12470.515053910387,12007.642784399559,6799.897929216426,8384.08079283242,16036.243018054252,6452.737577085459,21896.631523782547,21086.323017104576,17823.926988035542,22463.004381133447,10833.64327597452,8049.445356166434,5203.333427528237,17684.004068433158,8329.009115395298,9391.06042883448,10130.196907460904,8543.158477074026,12244.38051995237,12350.655426447147,11025.315321787042,10015.752139622546,9259.762466796743,8488.538508968013,23349.891563180103,8940.163277607346,18660.243403605495,18203.082979615123,8478.064612533393,11117.41014500894,11833.700003590957,15705.41094270864,8821.527310098303,11548.294858036317,9904.676232524505,15436.752905516154,16171.728733422182,19264.459446052646,18752.942897520137,10037.041529755616,8622.152995228767,19598.51846829105,8797.075846060352,6116.574250519097,6643.856620635766,6083.1560446724225,8772.822921333733,10357.18971011606,18358.87989195974,7011.7044524675475,8540.619871443161,9660.303618628968,8170.207395796197,9694.272860454346,7987.868373587282,11176.57956098906,10305.89965700697,7946.67932840361],