{"0":{"(15,19)":19103.599999999984,"(20,21)":6332.2000000000035,"(22,20)":7031.600000000003,"(23,22)":9628.799999999992,"(10,11)":17740.800000000003,"(8,9)":6899.800000000004,"(13,12)":12497.399999999996,"(24,21)":10263.599999999993,"(3,1)":8146.800000000003,"(19,17)":9941.200000000015,"(4,5)":18094.199999999983,"(17,16)":11674.19999999999,"(20,22)":7030.7999999999965,"(22,21)":8619.800000000001,"(18,16)":15488.800000000001,"(6,5)":8801.599999999991,"(16,17)":11682.599999999999,"(22,15)":18382.600000000024,"(1,2)":4541.599999999999,"(22,23)":9678.40000000001,"(19,20)":8686.000000000007,"(9,8)":6852.800000000003,"(11,12)":8372.400000000001,"(3,4)":14121.400000000007,"(8,16)":8389.400000000003,"(2,6)":5983.600000000005,"(11,4)":5339.199999999998,"(17,10)":8110.799999999999,"(4,11)":5245.799999999995,"(5,4)":18134.399999999994,"(2,1)":4559.800000000001,"(5,9)":15833.800000000005,"(7,8)":12137.199999999993,"(21,24)":10308.000000000005,"(19,15)":19139.200000000026,"(10,9)":21860.599999999977,"(24,23)":7883.000000000003,"(11,14)":9785.999999999998,"(14,15)":9050.600000000002,"(10,17)":8118.600000000005,"(20,18)":19075.200000000004,"(14,23)":8398.800000000005,"(13,24)":11124.199999999995,"(21,20)":6270.399999999997,"(6,8)":12510.8,"(10,16)":11048.599999999999,"(12,13)":12406.000000000002,"(24,13)":11115.600000000004,"(1,3)":8164.999999999998,"(21,22)":8637.200000000004,"(12,11)":8415.599999999997,"(9,10)":21780.799999999977,"(14,11)":9827.199999999999,"(15,14)":9089.20000000001,"(10,15)":23157.2,"(20,19)":8705.4,"(16,10)":11081.199999999995,"(17,19)":9957.399999999989,"(15,10)":23221.200000000004,"(16,8)":8405.600000000002,"(4,3)":14154.999999999995,"(5,6)":8788.200000000004,"(23,24)":7930.0,"(8,6)":12542.400000000003,"(12,3)":10135.200000000004,"(18,7)":15916.199999999995,"(11,10)":17631.799999999992,"(15,22)":18415.60000000001,"(6,2)":6001.800000000004,"(8,7)":12074.800000000001,"(23,14)":8401.399999999994,"(18,20)":19055.60000000002,"(16,18)":15431.600000000011,"(3,12)":10187.000000000002,"(7,18)":15853.800000000012,"(9,5)":15860.599999999999},"2":{"(15,19)":18724.56679092696,"(20,21)":6101.625940155911,"(22,20)":7052.1724449860885,"(23,22)":9706.523090465973,"(10,11)":17753.499167070404,"(8,9)":6728.52369473768,"(13,12)":12087.614199017742,"(24,21)":10311.326003533235,"(3,1)":7678.699112951867,"(19,17)":10041.739024147151,"(4,5)":18531.76293048456,"(17,16)":11522.42641338369,"(20,22)":6667.869727050537,"(22,21)":8514.449639481145,"(18,16)":16140.963737878044,"(6,5)":8853.521649967335,"(16,17)":11867.157206271488,"(22,15)":18342.872963402653,"(1,2)":4758.195313864997,"(22,23)":9612.172273770897,"(19,20)":8589.423062198894,"(9,8)":6361.206556096673,"(11,12)":8192.325000607052,"(3,4)":14046.925135265823,"(8,16)":8400.869506137074,"(2,6)":6065.71545369211,"(11,4)":5214.535737802259,"(17,10)":8785.562067027771,"(4,11)":5232.8314553584405,"(5,4)":18005.624594125376,"(2,1)":4349.499682870518,"(5,9)":16350.823858185087,"(7,8)":12166.227144804432,"(21,24)":10300.807182107534,"(19,15)":18740.987107471025,"(10,9)":20682.583603748328,"(24,23)":7956.984500645398,"(11,14)":9320.333214536613,"(14,15)":9274.075908951672,"(10,17)":8090.759035557252,"(20,18)":19572.34762643091,"(14,23)":8471.3787106018,"(13,24)":11031.71270318894,"(21,20)":6038.586938778582,"(6,8)":12288.637749523787,"(10,16)":10799.583712058322,"(12,13)":12134.301590213601,"(24,13)":11061.119251279832,"(1,3)":8015.222173941749,"(21,22)":8801.612069881885,"(12,11)":8600.691878647815,"(9,10)":21955.687105057783,"(14,11)":9981.695516162628,"(15,14)":8882.135173231289,"(10,15)":22367.57015340651,"(20,19)":8839.608773490418,"(16,10)":11083.018563537147,"(17,19)":9908.844560079442,"(15,10)":23150.80566762168,"(16,8)":8422.698264485507,"(4,3)":14284.41618644088,"(5,6)":8885.623181511852,"(23,24)":7962.378605375879,"(8,6)":12335.42480985917,"(12,3)":9825.617136161118,"(18,7)":15335.04487325101,"(11,10)":17662.617686378042,"(15,22)":18139.70189787795,"(6,2)":5985.164139287241,"(8,7)":12018.523366777288,"(23,14)":8154.98454527812,"(18,20)":19427.227340922906,"(16,18)":15595.647424093391,"(3,12)":10490.442998986264,"(7,18)":16443.691705494202,"(9,5)":15733.386185624771},"3":{"(15,19)":18724.56679092696,"(20,21)":6101.625940155911,"(22,20)":7052.1724449860885,"(23,22)":9706.523090465973,"(10,11)":17753.499167070404,"(8,9)":6728.52369473768,"(13,12)":12087.614199017742,"(24,21)":10311.326003533235,"(3,1)":7678.699112951867,"(19,17)":10041.739024147151,"(4,5)":18531.76293048456,"(17,16)":11522.42641338369,"(20,22)":6667.869727050537,"(22,21)":8514.449639481145,"(18,16)":16140.963737878044,"(6,5)":8853.521649967335,"(16,17)":11867.157206271488,"(22,15)":18342.872963402653,"(1,2)":4758.195313864997,"(22,23)":9612.172273770897,"(19,20)":8589.423062198894,"(9,8)":6361.206556096673,"(11,12)":8192.325000607052,"(3,4)":14046.925135265823,"(8,16)":8400.869506137074,"(2,6)":6065.71545369211,"(11,4)":5214.535737802259,"(17,10)":8785.562067027771,"(4,11)":5232.8314553584405,"(5,4)":18005.624594125376,"(2,1)":4349.499682870518,"(5,9)":16350.823858185087,"(7,8)":12166.227144804432,"(21,24)":10300.807182107534,"(19,15)":18740.987107471025,"(10,9)":20682.583603748328,"(24,23)":7956.984500645398,"(11,14)":9320.333214536613,"(14,15)":9274.075908951672,"(10,17)":8090.759035557252,"(20,18)":19572.34762643091,"(14,23)":8471.3787106018,"(13,24)":11031.71270318894,"(21,20)":6038.586938778582,"(6,8)":12288.637749523787,"(10,16)":10799.583712058322,"(12,13)":12134.301590213601,"(24,13)":11061.119251279832,"(1,3)":8015.222173941749,"(21,22)":8801.612069881885,"(12,11)":8600.691878647815,"(9,10)":21955.687105057783,"(14,11)":9981.695516162628,"(15,14)":8882.135173231289,"(10,15)":22367.57015340651,"(20,19)":8839.608773490418,"(16,10)":11083.018563537147,"(17,19)":9908.844560079442,"(15,10)":23150.80566762168,"(16,8)":8422.698264485507,"(4,3)":14284.41618644088,"(5,6)":8885.623181511852,"(23,24)":7962.378605375879,"(8,6)":12335.42480985917,"(12,3)":9825.617136161118,"(18,7)":15335.04487325101,"(11,10)":17662.617686378042,"(15,22)":18139.70189787795,"(6,2)":5985.164139287241,"(8,7)":12018.523366777288,"(23,14)":8154.98454527812,"(18,20)":19427.227340922906,"(16,18)":15595.647424093391,"(3,12)":10490.442998986264,"(7,18)":16443.691705494202,"(9,5)":15733.386185624771},"1":{"(15,19)":18731.129184929552,"(20,21)":6101.679557273204,"(22,20)":7054.13313302551,"(23,22)":9704.948776968635,"(10,11)":17760.15783908449,"(8,9)":6719.891134175007,"(13,12)":12069.086775320171,"(24,21)":10313.06855971646,"(3,1)":7664.207068287936,"(19,17)":10038.466031159904,"(4,5)":18520.126563941845,"(17,16)":11519.955135130562,"(20,22)":6669.5987846343905,"(22,21)":8507.04580492608,"(18,16)":16159.390414630207,"(6,5)":8850.97148625202,"(16,17)":11871.108977634722,"(22,15)":18343.532717951035,"(1,2)":4756.609943745856,"(22,23)":9619.854923806695,"(19,20)":8585.965380063933,"(9,8)":6365.714120342866,"(11,12)":8185.590475365658,"(3,4)":14025.377902643897,"(8,16)":8392.491448150511,"(2,6)":6074.006002474212,"(11,4)":5214.301071058333,"(17,10)":8783.14574751134,"(4,11)":5225.722025055258,"(5,4)":17976.41071099311,"(2,1)":4348.248867852692,"(5,9)":16357.389573836372,"(7,8)":12148.262027550845,"(21,24)":10291.433357585878,"(19,15)":18736.792950425588,"(10,9)":20657.302066342618,"(24,23)":7957.847083012421,"(11,14)":9317.134678943272,"(14,15)":9279.337533302361,"(10,17)":8093.131067195897,"(20,18)":19580.50484713701,"(14,23)":8462.320593629773,"(13,24)":11033.43549513914,"(21,20)":6035.205439576773,"(6,8)":12280.014436580834,"(10,16)":10795.22404057302,"(12,13)":12128.585641733145,"(24,13)":11051.49158556861,"(1,3)":8016.358133009314,"(21,22)":8805.690674344272,"(12,11)":8610.516926301303,"(9,10)":21952.511921888137,"(14,11)":9971.889583637729,"(15,14)":8866.444803291464,"(10,15)":22361.3868784381,"(20,19)":8832.332761254338,"(16,10)":11083.96757137929,"(17,19)":9908.508958795866,"(15,10)":23143.436494475663,"(16,8)":8424.912598722385,"(4,3)":14265.826933720418,