{"0":[4541.599999999999,8164.999999999998,4559.800000000001,5983.600000000005,8146.800000000003,14121.400000000007,10187.000000000002,14154.999999999995,18094.199999999983,5245.799999999995,18134.399999999994,8788.200000000004,15833.800000000005,6001.800000000004,8801.599999999991,12510.8,12137.199999999993,15853.800000000012,12542.400000000003,12074.800000000001,6899.800000000004,8389.400000000003,15860.599999999999,6852.800000000003,21780.799999999977,21860.599999999977,17740.800000000003,23157.2,11048.599999999999,8118.600000000005,5339.199999999998,17631.799999999992,8372.400000000001,9785.999999999998,10135.200000000004,8415.599999999997,12406.000000000002,12497.399999999996,11124.199999999995,9827.199999999999,9050.600000000002,8398.800000000005,23221.200000000004,9089.20000000001,19103.599999999984,18415.60000000001,8405.600000000002,11081.199999999995,11682.599999999999,15431.600000000011,8110.799999999999,11674.19999999999,9957.399999999989,15916.199999999995,15488.800000000001,19055.60000000002,19139.200000000026,9941.200000000015,8686.000000000007,19075.200000000004,8705.4,6332.2000000000035,7030.7999999999965,6270.399999999997,8637.200000000004,10308.000000000005,18382.600000000024,7031.600000000003,8619.800000000001,9678.40000000001,8401.399999999994,9628.799999999992,7930.0,11115.600000000004,10263.599999999993,7883.000000000003],"2":[4746.848760609494,8017.274457181327,4349.463538785378,6066.737030526719,7656.059219469675,14033.005930619438,10492.843443975868,14266.16270597768,18527.049216994004,5229.122433016005,17980.586291224696,8881.045778329553,16357.798494758146,5991.649748962245,8855.232958643677,12279.348309023795,12147.562542731712,16464.539160782046,12334.5099609637,12027.428247828375,6713.7390915112655,8390.103801867263,15709.555040710435,6362.441952187911,21953.946496816363,20665.35067406511,17754.34159691285,22360.33059056897,10801.654198204207,8092.8345632410665,5214.86388773783,17675.64459666404,8183.685121346605,9319.598327301619,9799.114369669267,8611.859222004281,12128.760399725674,12072.085398822579,11031.553077579914,9982.260504278322,9269.506606848274,8470.333814082554,23133.808790073737,8870.561493791793,18729.8421092179,18136.844160375014,8425.350839667244,11087.927346578283,11868.236090977894,15584.307979658744,8783.447787450896,11517.036094293784,9904.637878069065,15318.412839087214,16157.088602201084,19439.888841891883,18737.265338568246,10034.113089014043,8591.987671377612,19580.504669045662,8838.398203421984,6099.876427193641,6669.382652436411,6034.662469041867,8799.124976743431,10302.091499026186,18340.509823530905,7053.888047020576,8519.504265379197,9606.677688323372,8157.255810603505,9712.7115839935,7954.600366517736,11052.250406324803,10305.579070396663,7963.343861447981],"3":[4748.644404930471,8014.77546392593,4346.964545529981,6064.739365445856,7657.854863790641,14042.382973277652,10492.791901054017,14272.40337414857,18536.827644628152,5228.563002931378,17985.39527364747,8883.740611453532,16359.936753024975,5985.35744630501,8857.829241949832,12283.838786468747,12151.012510401204,16459.163623366265,12334.607251014462,12019.81241585832,6715.989115720573,8400.849077863582,15706.82240358368,6361.080918769227,21958.87747424999,20661.799698477185,17760.6932888617,22349.01748841454,10802.862974832817,8092.8345632410665,5216.137528377303,17657.183172984936,8183.311949074807,9327.483648655874,9806.49383881111,8605.268670483676,12127.967497992775,12072.506129904557,11030.642637725248,9973.383159977522,9279.906528253354,8469.488752909023,23146.49100332099,8867.46689204238,18725.345110340277,18136.09486112117,8424.248186257792,11081.471970411601,11871.629925386247,15589.165966837641,8783.447787450896,11519.393100023974,9909.440278794178,15324.103101311046,16143.471335857043,19441.29676983675,18739.354233289367,10037.878661060991,8585.43941259849,19574.503143107177,8837.399009563429,6101.8955943791825,6669.382652436411,6034.8212472646,8804.247694090249,10296.31284884187,18343.675422925546,7053.888047020576,8510.554421167812,9611.834595384202,8153.142606929405,9707.71082814464,7960.682209662258,11052.553599285018,10312.012592807752,7955.999899182235],"1":[4756.609943745856,8016.358133009314,4348.248867852692,6074.006002474212,7664.207068287936,14025.377902643897,10489.989742734744,14265.826933720418,18520.126563941845,5225.722025055258,17976.41071099311,8871.002934759099,16357.389573836372,5987.107670222121,8850.97148625202,12280.014436580834,12148.262027550845,16474.3963993828,12328.663815712694,12029.863643141407,6719.891134175007,8392.491448150511,15705.512895684875,6365.714120342866,21952.511921888137,20657.302066342618,17760.15783908449,22361.3868784381,10795.22404057302,8093.131067195897,5214.301071058333,17666.770404800696,8185.590475365658,9317.134678943272,9796.811827046362,8610.516926301303,12128.585641733145,12069.086775320171,11033.43549513914,9971.889583637729,9279.337533302361,8462.320593629773,23143.436494475663,8866.444803291464,18731.129184929552,18142.303905293324,8424.912598722385,11083.96757137929,11871.108977634722,15586.334518404536,8783.14574751134,11519.955135130562,9908.508958795866,15325.118452004437,16159.390414630207,19441.978125934933,18736.792950425588,10038.466031159904,8585.965380063933,19580.50484713701,8832.332761254338,6101.679557273204,6669.5987846343905,6035.205439576773,8805.690674344272,10291.433357585878,18343.532717951035,7054.13313302551,8507.04580492608,9619.854923806695,8154.570350416883,9704.948776968635,7964.838961918344,11051.49158556861,10313.06855971646,7957.847083012421]}