{"0":{"(15,19)":19103.599999999984,"(20,21)":6332.2000000000035,"(22,20)":7031.600000000003,"(23,22)":9628.799999999992,"(10,11)":17740.800000000003,"(8,9)":6899.800000000004,"(13,12)":12497.399999999996,"(24,21)":10263.599999999993,"(3,1)":8146.800000000003,"(19,17)":9941.200000000015,"(4,5)":18094.199999999983,"(17,16)":11674.19999999999,"(20,22)":7030.7999999999965,"(22,21)":8619.800000000001,"(18,16)":15488.800000000001,"(6,5)":8801.599999999991,"(16,17)":11682.599999999999,"(22,15)":18382.600000000024,"(1,2)":4541.599999999999,"(22,23)":9678.40000000001,"(19,20)":8686.000000000007,"(9,8)":6852.800000000003,"(11,12)":8372.400000000001,"(3,4)":14121.400000000007,"(8,16)":8389.400000000003,"(2,6)":5983.600000000005,"(11,4)":5339.199999999998,"(17,10)":8110.799999999999,"(4,11)":5245.799999999995,"(5,4)":18134.399999999994,"(2,1)":4559.800000000001,"(5,9)":15833.800000000005,"(7,8)":12137.199999999993,"(21,24)":10308.000000000005,"(19,15)":19139.200000000026,"(10,9)":21860.599999999977,"(24,23)":7883.000000000003,"(11,14)":9785.999999999998,"(14,15)":9050.600000000002,"(10,17)":8118.600000000005,"(20,18)":19075.200000000004,"(14,23)":8398.800000000005,"(13,24)":11124.199999999995,"(21,20)":6270.399999999997,"(6,8)":12510.8,"(10,16)":11048.599999999999,"(12,13)":12406.000000000002,"(24,13)":11115.600000000004,"(1,3)":8164.999999999998,"(21,22)":8637.200000000004,"(12,11)":8415.599999999997,"(9,10)":21780.799999999977,"(14,11)":9827.199999999999,"(15,14)":9089.20000000001,"(10,15)":23157.2,"(20,19)":8705.4,"(16,10)":11081.199999999995,"(17,19)":9957.399999999989,"(15,10)":23221.200000000004,"(16,8)":8405.600000000002,"(4,3)":14154.999999999995,"(5,6)":8788.200000000004,"(23,24)":7930.0,"(8,6)":12542.400000000003,"(12,3)":10135.200000000004,"(18,7)":15916.199999999995,"(11,10)":17631.799999999992,"(15,22)":18415.60000000001,"(6,2)":6001.800000000004,"(8,7)":12074.800000000001,"(23,14)":8401.399999999994,"(18,20)":19055.60000000002,"(16,18)":15431.600000000011,"(3,12)":10187.000000000002,"(7,18)":15853.800000000012,"(9,5)":15860.599999999999},"4":{"(15,19)":19103.45385098458,"(20,21)":6335.253785579826,"(22,20)":7030.64112377853,"(23,22)":9641.971859109197,"(10,11)":17740.464749006544,"(8,9)":6890.4637314371885,"(13,12)":12491.038735869732,"(24,21)":10255.89073663436,"(3,1)":8127.340020527833,"(19,17)":9940.280213925505,"(4,5)":18108.13214284394,"(17,16)":11664.013611652206,"(20,22)":7026.914508423786,"(22,21)":8613.208047425365,"(18,16)":15475.469607860588,"(6,5)":8806.042505024405,"(16,17)":11676.882851717817,"(22,15)":18386.005013150396,"(1,2)":4530.293542492134,"(22,23)":9662.143013033407,"(19,20)":8675.742817776769,"(9,8)":6846.626134766871,"(11,12)":8375.470659385346,"(3,4)":14124.587979982984,"(8,16)":8393.45624156407,"(2,6)":5969.691788569101,"(11,4)":5340.752389830951,"(17,10)":8124.452440862787,"(4,11)":5244.406514310881,"(5,4)":18131.886989528215,"(2,1)":4553.524893174937,"(5,9)":15842.493423728762,"(7,8)":12124.059369244795,"(21,24)":10310.826500592844,"(19,15)":19139.305992570804,"(10,9)":21856.20951330133,"(24,23)":7889.123187871437,"(11,14)":9784.41746091196,"(14,15)":9053.209067009317,"(10,17)":8116.872831769381,"(20,18)":19089.20025723381,"(14,23)":8409.91885351356,"(13,24)":11123.961584547113,"(21,20)":6271.760706635115,"(6,8)":12503.655419154524,"(10,16)":11049.70376258731,"(12,13)":12399.336150735435,"(24,13)":11117.289184333442,"(1,3)":8157.531419924808,"(21,22)":8623.692267151897,"(12,11)":8425.586598216341,"(9,10)":21789.392751344258,"(14,11)":9831.31627353482,"(15,14)":9106.500072409393,"(10,15)":23151.37675106952,"(20,19)":8705.406583524735,"(16,10)":11074.660036245097,"(17,19)":9947.48196776793,"(15,10)":23222.943424485537,"(16,8)":8410.523668389284,"(4,3)":14152.884987133568,"(5,6)":8797.676802379214,"(23,24)":7926.300514320771,"(8,6)":12539.618693699113,"(12,3)":10121.387345310828,"(18,7)":15917.402105191079,"(11,10)":17631.20829850441,"(15,22)":18397.569525493807,"(6,2)":5995.865382331059,"(8,7)":12063.632173453205,"(23,14)":8390.938872842062,"(18,20)":19078.93391322099,"(16,18)":15421.485256444468,"(3,12)":10180.79606778055,"(7,18)":15868.576714048952,"(9,5)":15856.70941885059},"2":{"(15,19)":19028.149735073064,"(20,21)":6284.383166251819,"(22,20)":7038.841248393158,"(23,22)":9659.487073163291,"(10,11)":17760.65956060939,"(8,9)":6865.683736476239,"(13,12)":12378.983564436428,"(24,21)":10270.557028823105,"(3,1)":7928.34430569566,"(19,17)":9969.74435151535,"(4,5)":18172.003164809186,"(17,16)":11644.077220919437,"(20,22)":6940.2272995446165,"(22,21)":8597.629830264263,"(18,16)":15602.657045965452,"(6,5)":8871.885684219571,"(16,17)":11739.363287889144,"(22,15)":18372.551120082702,"(1,2)":4498.304767764623,"(22,23)":9665.951210020865,"(19,20)":8667.324850934625,"(9,8)":6747.2535901925985,"(11,12)":8336.87487545788,"(3,4)":14044.951519252765,"(8,16)":8381.30055512919,"(2,6)":6011.334503208793,"(11,4)":5302.642308645247,"(17,10)":8277.284342848117,"(4,11)":5235.898480823124,"(5,4)":18051.682806699544,"(2,1)":4417.229458353843,"(5,9)":15980.843858520393,"(7,8)":12114.234083179297,"(21,24)":10307.669600452418,"(19,15)":19052.964251921603,"(10,9)":21551.131755165457,"(24,23)":7915.649074204174,"(11,14)":9673.604614908038,"(14,15)":9112.293875947811,"(10,17)":8104.8824548143075,"(20,18)":19167.04933709133,"(14,23)":8414.827177458412,"(13,24)":11108.604156554456,"(21,20)":6219.1648738434415,"(6,8)":12421.141345977816,"(10,16)":10989.84751482158,"(12,13)":12322.604066570875,"(24,13)":11109.130624808371,"(1,3)":8036.360414150742,"(21,22)":8678.083325281408,"(12,11)":8468.336354146573,"(9,10)":21823.723301319285,"(14,11)":9861.976079771473,"(15,14)":9036.266075719275,"(10,15)":22962.234110742273,"(20,19)":8744.847313327358,"(16,10)":11080.96727045684,"(17,19)":9944.57119028655,"(15,10)":23204.165979498444,"(16,8)":8416.751403894483,"(4,3)":14114.0512295165,"(5,6)":8866.677143436926,"(23,24)":7946.0684650309695,"(8,6)":12463.887185244337,"(12,3)":10003.243889151747,"(18,7)":15742.856752359214,"(11,10)":17644.102550329648,"(15,22)":18346.944031504165,"(6,2)":6010.1882532973395,"(8,7)":12051.166884497035,"(23,14)":8337.249132576664,"(18,20)":19119.42169973205,"(16,18)":15405.481601857837,"(3,12)":10205.366160670344,"(7,18)":15994.982392120384,"(9,5)":15823.441883846546},"3":{"(15,19)":19093.36956648124,"(20,21)":6326.0846205071275,"(22,20)":7031.857179509098,"(23,22)":9640.865189195076,"(10,11)":17756.55913920502,"(8,9)":6888.801657639801,"(13,12)":12474.896370068496,"(24,21)":10263.3145293853,"(3,1)":8094.773769883957,"(19,17)":9941.325557078537,"(4,5)":18112.646499518578,"(17,16)":11663.780146128145,"(20,22)":7018.611931548018,"(22,21)":8619.0727898636,"(18,16)":15503.278133498588,"(6,5)":8823.35026330619,"(16,17)":11689.43096559965,"(22,15)":18381.15933411172,"(1,2)":4518.389249755235,"(22,23)":9668.507602928074,"(19,20)":8675.434880125216,"(9,8)":6834.711112828902,"(11,12)":8371.213880729878,"(3,4)":14120.760290355229,"(8,16)":8382.054692903539,"(2,6)":5982.472617641276,"(11,4)":5339.624425872993,"(17,10)":8145.578405858674,"(4,11)":5246.381751845037,"(5,4)":18112.932550833724,"(2,1)":4523.880392223858,"(5,9)":15866.513237324698,"(7,8)":12126.884430219825,"(21,24)":10317.810333324449,"(19,15)":19130.242647638617,"(10,9)":21810.120196998625,"(24,23)":7889.616041292271,"(11,14)":9770.459413447577,"(14,15)":9050.990387876007,"(10,17)":8117.249287693808,"(20,18)":19099.385179759753,"(14,23)":8402.458595368433,"(13,24)":11123.734020231424,"(21,20)":6266.184572872227,"(6,8)":12489.925207643591,"(10,16)":11041.952646402508,"(12,13)":12389.368617195214,"(24,13)":11116.377416019073,"(1,3)":8130.742344639344,"(21,22)":8632.914601342232,"(12,11)":8421.801367673539,"(9,10)":21796.153013014937,"(14,11)":9837.883449301426,"(15,14)":9077.124391404659,"(10,15)":23126.321229462268,"(20,19)":8711.051372205822,"(16,10)":11074.734790541424,"(17,19)":9947.01987389398,"(15,10)":23220.60683109391,"(16,8)":8405.62788784061,"(4,3)":14150.179722666333,