{"0":[4541.599999999999,8164.999999999998,4559.800000000001,5983.600000000005,8146.800000000003,14121.400000000007,10187.000000000002,14154.999999999995,18094.199999999983,5245.799999999995,18134.399999999994,8788.200000000004,15833.800000000005,6001.800000000004,8801.599999999991,12510.8,12137.199999999993,15853.800000000012,12542.400000000003,12074.800000000001,6899.800000000004,8389.400000000003,15860.599999999999,6852.800000000003,21780.799999999977,21860.599999999977,17740.800000000003,23157.2,11048.599999999999,8118.600000000005,5339.199999999998,17631.799999999992,8372.400000000001,9785.999999999998,10135.200000000004,8415.599999999997,12406.000000000002,12497.399999999996,11124.199999999995,9827.199999999999,9050.600000000002,8398.800000000005,23221.200000000004,9089.20000000001,19103.599999999984,18415.60000000001,8405.600000000002,11081.199999999995,11682.599999999999,15431.600000000011,8110.799999999999,11674.19999999999,9957.399999999989,15916.199999999995,15488.800000000001,19055.60000000002,19139.200000000026,9941.200000000015,8686.000000000007,19075.200000000004,8705.4,6332.2000000000035,7030.7999999999965,6270.399999999997,8637.200000000004,10308.000000000005,18382.600000000024,7031.600000000003,8619.800000000001,9678.40000000001,8401.399999999994,9628.799999999992,7930.0,11115.600000000004,10263.599999999993,7883.000000000003],"4":[4671.526908916281,8101.27764409267,4475.323631447902,6012.581616859312,7982.7498734954925,14099.71480866892,10312.060462254734,14243.542208558883,18303.473841218714,5250.551475989876,18134.744359068238,8834.923335710395,16081.708613483284,6005.968447959255,8824.018127957786,12392.596238477261,12176.243515920565,16090.648095051254,12469.078828677375,12038.24681988253,6828.739878973138,8391.562224550857,15879.902787322582,6635.881804561214,21865.787871121065,21376.491010304184,17758.385436118162,22785.759962834218,10930.698921752186,8090.337154157413,5273.623915298087,17657.062442096354,8307.035831150399,9572.678790466192,10041.604408244786,8494.42444563299,12296.18860583483,12361.611326068523,11071.863074621775,9925.047708056098,9153.435423111858,8437.741945523558,23226.54348452798,8999.860252945007,18910.098163782135,18281.31456115122,8428.868058095915,11093.667446670992,11763.053470779305,15511.527966748421,8454.594824213613,11599.222651614142,9925.332004454249,15640.95515542413,15810.218029565647,19208.700394550448,18950.01125849442,9989.41066987758,8637.579020411355,19337.728522281108,8757.474439988255,6223.382011036764,6844.767919444797,6168.168196165286,8704.570325913324,10320.232176197105,18359.791403587413,7034.868800770819,8571.445902063178,9653.07317068313,8278.833724697697,9670.9749151055,7951.837275933181,11115.708254072124,10279.561631718747,7922.580027286874],"2":[4674.632390370186,8099.11698481721,4473.154261882729,6013.230752979469,7985.850995847677,14094.962781751763,10312.524727178929,14248.65504576594,18298.764000882067,5250.544748938649,18139.844927798928,8839.5991855181,16069.87560579201,6001.360521071767,8823.797860692443,12400.362817382633,12179.326315245939,16101.252934481787,12466.678270493165,12049.85926467912,6831.518150306845,8384.386698286444,15882.765907412437,6632.5429518577685,21857.24905292568,21376.525256805868,17758.025841170373,22784.552650972466,10929.25496694535,8090.348080887932,5273.640381681187,17657.67586306795,8305.579257074183,9568.293212048422,10037.471114327214,8495.997130717533,12295.16275795478,12359.02970473487,11074.457174886811,9918.661868994244,9162.398399780534,8433.018118506578,23230.425920539237,8999.69800559901,18906.18814634926,18286.305811588543,8426.158762897827,11094.788636632775,11762.202341637916,15519.357670822072,8454.613646168185,11595.27485095247,9922.46767307452,15642.979227420265,15828.206783092277,19213.51131635165,18947.77985908088,9983.468704915378,8640.329642128172,19344.13981192378,8758.835857650029,6224.125667227601,6844.765886296899,6169.091773524068,8707.598149072099,10312.013573858929,18359.081890609825,7034.887028853319,8562.471932563045,9661.397398252155,8281.202061947759,9661.602381091738,7961.096970964463,11116.757600110961,10283.51229573247,7921.221332199957],"3":[4671.526908916281,8101.27764409267,4475.323631447902,6012.581616859312,7982.7498734954925,14099.71480866892,10312.060462254734,14243.542208558883,18303.473841218714,5250.551475989876,18134.744359068238,8834.923335710395,16081.708613483284,6005.968447959255,8824.018127957786,12392.596238477261,12176.243515920565,16090.648095051254,12469.078828677375,12038.24681988253,6828.739878973138,8391.562224550857,15879.902787322582,6635.881804561214,21865.787871121065,21376.491010304184,17758.385436118162,22785.759962834218,10930.698921752186,8090.337154157413,5273.623915298087,17657.062442096354,8307.035831150399,9572.678790466192,10041.604408244786,8494.42444563299,12296.18860583483,12361.611326068523,11071.863074621775,9925.047708056098,9153.435423111858,8437.741945523558,23226.54348452798,8999.860252945007,18910.098163782135,18281.31456115122,8428.868058095915,11093.667446670992,11763.053470779305,15511.527966748421,8454.594824213613,11599.222651614142,9925.332004454249,15640.95515542413,15810.218029565647,19208.700394550448,18950.01125849442,9989.41066987758,8637.579020411355,19337.728522281108,8757.474439988255,6223.382011036764,6844.767919444797,6168.168196165286,8704.570325913324,10320.232176197105,18359.791403587413,7034.868800770819,8571.445902063178,9653.07317068313,8278.833724697697,9670.9749151055,7951.837275933181,11115.708254072124,10279.561631718747,7922.580027286874],"1":[4634.817218752263,8081.401090139328,4445.557681941745,6017.226779456554,7890.404556642578,14065.223637879433,10318.251955363205,14197.55776868686,18317.136897990127,5231.133941344035,18058.781429088212,8829.23781923322,16113.814606568096,5988.69861446657,8826.179171207963,12383.400097920869,12134.9158663375,16165.240813004193,12429.60286485114,12047.767742343909,6814.18100215793,8392.913718815047,15794.421648836524,6624.768473297205,21872.824341120035,21269.440772746748,17752.03294925634,22753.88968452004,10920.72919274047,8100.639593472031,5274.030622042298,17641.914638214697,8271.143849073324,9559.543444800182,9944.632381113777,8509.396593149791,12264.857714033935,12283.86718303084,11073.537681167263,9896.31394233577,9175.820711002129,8427.465049104976,23183.741015718373,8974.839256136675,18925.354740187064,18270.819450149935,8415.377461621107,11079.740202593139,11774.863180584787,15495.820438993,8449.827119299915,11587.71482274087,9927.688924714423,15618.550771103868,15814.812235667314,19262.092967808014,18943.755195928476,9985.276209974787,8632.759668503813,19341.769108759407,8764.120681170782,6224.453053685239,6849.758177895653,6158.1856063639925,8713.529150942595,10311.816686833828,18350.15671680493,7043.645842986354,8570.659702792422,9639.084551500911,8277.518062546855,9668.427815862082,7937.468188014992,11081.324628585411,10283.150912867182,7924.696721390564]}