{"0":[4541.599999999999,8164.999999999998,4559.800000000001,5983.600000000005,8146.800000000003,14121.400000000007,10187.000000000002,14154.999999999995,18094.199999999983,5245.799999999995,18134.399999999994,8788.200000000004,15833.800000000005,6001.800000000004,8801.599999999991,12510.8,12137.199999999993,15853.800000000012,12542.400000000003,12074.800000000001,6899.800000000004,8389.400000000003,15860.599999999999,6852.800000000003,21780.799999999977,21860.599999999977,17740.800000000003,23157.2,11048.599999999999,8118.600000000005,5339.199999999998,17631.799999999992,8372.400000000001,9785.999999999998,10135.200000000004,8415.599999999997,12406.000000000002,12497.399999999996,11124.199999999995,9827.199999999999,9050.600000000002,8398.800000000005,23221.200000000004,9089.20000000001,19103.599999999984,18415.60000000001,8405.600000000002,11081.199999999995,11682.599999999999,15431.600000000011,8110.799999999999,11674.19999999999,9957.399999999989,15916.199999999995,15488.800000000001,19055.60000000002,19139.200000000026,9941.200000000015,8686.000000000007,19075.200000000004,8705.4,6332.2000000000035,7030.7999999999965,6270.399999999997,8637.200000000004,10308.000000000005,18382.600000000024,7031.600000000003,8619.800000000001,9678.40000000001,8401.399999999994,9628.799999999992,7930.0,11115.600000000004,10263.599999999993,7883.000000000003],"4":[4875.560782314702,8060.88450955533,4436.068622528766,6052.4789740875385,7991.478569013545,14117.706444395339,10456.132335304132,14432.649123791321,18411.766898863927,5297.488668838088,18255.67357324936,8873.272010465555,16219.058301356392,6033.241482074737,8857.390188039357,12294.368452497229,12321.879387967081,16170.749486937237,12474.950826466018,12001.553898209699,6794.996482851697,8388.65193689503,16029.854488620234,6439.327441135473,21900.501970926023,21079.226505150746,17817.07944417334,22466.27443929285,10838.194859640513,8050.425104861915,5203.605136744916,17682.3307211147,8321.91098126906,9385.26015664641,10126.041371256812,8545.69325572078,12243.784913855146,12348.130504390223,11023.494687507484,10007.46218965186,9260.142879936611,8484.31404542283,23353.593020056713,8934.58619332774,18659.592097206354,18203.69212248393,8480.4716458833,11114.09180699743,11835.866146924316,15702.17950722976,8820.91504343837,11553.698060768802,9904.614208024475,15431.11236407918,16156.989145642994,19269.11964710416,18752.12493907552,10042.622663629729,8615.813820120838,19590.136293489915,8800.153116939588,6117.645078985466,6644.3681819698095,6082.446554070361,8764.221689307653,10347.79225915883,18357.942434477027,7012.507303053411,8529.449598398429,9673.083439883476,8167.606236871521,9704.442348048915,7996.139232806531,11174.378871815192,10298.179282172103,7953.40784685971],"2":[4886.717867211341,8070.236331355498,4441.313255320815,6051.825733238743,7999.823980714224,14133.911665836416,10487.319176121446,14479.102012806496,18457.625412139994,5282.117567668912,18296.392113864586,8867.370307481098,16259.276288953439,6034.789032166054,8856.07481329132,12285.868496269652,12329.904147874297,16195.74758472364,12474.887403197974,11996.03219015905,6803.683103237428,8395.691302139257,16057.808706584827,6441.691903072221,21912.609084801086,21072.913713966,17816.99777585814,22452.115451747963,10825.882876729996,8056.112433096942,5211.527101800393,17671.193231102254,8316.67169454041,9376.688468836153,10127.395766303878,8552.630005419169,12250.523996969267,12351.615420350452,11027.729214342753,10019.491035315972,9261.057236719691,8481.477975232187,23354.27776450122,8931.174153805936,18661.85306637894,18193.2944771805,8479.785719644886,11114.655270227193,11839.6153312938,15688.680933311502,8830.959858957924,11546.288916724776,9903.603393523312,15443.15475493056,16168.964150846461,19276.296935599545,18755.16509874885,10043.836494283678,8618.043861306389,19617.96860148462,8804.325735357696,6115.178475374787,6642.81961344832,6082.593291926472,8778.47309368282,10356.272023351297,18358.97194992591,7021.189928439479,8534.279132582387,9660.64207633565,8169.976550678818,9695.493898171873,7991.832548586336,11182.999313674898,10308.240323307762,7946.603181063772],"3":[4875.754339459206,8057.242887882965,4431.726198595261,6053.565035330202,7990.804502302492,14114.744512700137,10462.78039622456,14442.480903710974,18412.075723227892,5296.7020778938595,18264.096211724704,8872.828258520925,16221.386680301255,6031.712850294767,8866.546747363418,12291.350149343918,12330.43592823526,16181.895923035685,12480.340817840017,12003.575257898152,6791.294986976811,8384.258971793379,16030.244962240215,6438.099422567766,21898.095146872063,21077.877393438182,17815.90674411765,22455.97720266213,10838.12589817785,8051.563474768627,5205.009915986517,17689.12634713734,8318.307576506602,9388.120253130977,10121.525406102122,8551.08110619315,12244.39694478646,12348.215014492285,11023.72920846838,10016.879885645923,9254.133987649786,8493.029942311854,23345.277350079603,8939.542281555576,18656.74137177981,18190.404563104108,8474.218490264215,11113.666929268793,11830.52131622077,15712.941547942772,8823.072270117718,11547.245298287762,9901.26051236131,15443.47013975817,16168.827945514078,19275.7420794337,18751.171258500435,10041.583622023043,8616.457726557559,19601.39524552833,8804.859595970614,6116.203232755459,6643.897418256356,6084.048125415476,8773.897771888158,10349.531904822217,18356.24384561934,7014.638397410057,8531.469549413994,9661.293401177858,8167.564024362827,9697.09052184235,7993.523770657257,11174.891753334712,10308.012778861901,7943.826461542884],"5":[4875.560782314702,8060.88450955533,4436.068622528766,6052.4789740875385,7991.478569013545,14117.706444395339,10456.132335304132,14432.649123791321,18411.766898863927,5297.488668838088,18255.67357324936,8873.272010465555,16219.058301356392,6033.241482074737,8857.390188039357,12294.368452497229,12321.879387967081,16170.749486937237,12474.950826466018,12001.553898209699,6794.996482851697,8388.65193689503,16029.854488620234,6439.327441135473,21900.501970926023,21079.226505150746,17817.07944417334,22466.27443929285,10838.194859640513,8050.425104861915,5203.605136744916,17682.3307211147,8321.91098126906,9385.26015664641,10126.041371256812,8545.69325572078,12243.784913855146,12348.130504390223,11023.494687507484,10007.46218965186,9260.142879936611,8484.31404542283,23353.593020056713,8934.58619332774,18659.592097206354,18203.69212248393,8480.4716458833,11114.09180699743,11835.866146924316,15702.17950722976,8820.91504343837,11553.698060768802,9904.614208024475,15431.11236407918,16156.989145642994,19269.11964710416,18752.12493907552,10042.622663629729,8615.813820120838,19590.136293489915,8800.153116939588,6117.645078985466,6644.3681819698095,6082.446554070361,8764.221689307653,10347.79225915883,18357.942434477027,7012.507303053411,8529.449598398429,9673.083439883476,8167.606236871521,9704.442348048915,7996.139232806531,11174.378871815192,10298.179282172103,7953.40784685971],