{"0":[4541.599999999999,8164.999999999998,4559.800000000001,5983.600000000005,8146.800000000003,14121.400000000007,10187.000000000002,14154.999999999995,18094.199999999983,5245.799999999995,18134.399999999994,8788.200000000004,15833.800000000005,6001.800000000004,8801.599999999991,12510.8,12137.199999999993,15853.800000000012,12542.400000000003,12074.800000000001,6899.800000000004,8389.400000000003,15860.599999999999,6852.800000000003,21780.799999999977,21860.599999999977,17740.800000000003,23157.2,11048.599999999999,8118.600000000005,5339.199999999998,17631.799999999992,8372.400000000001,9785.999999999998,10135.200000000004,8415.599999999997,12406.000000000002,12497.399999999996,11124.199999999995,9827.199999999999,9050.600000000002,8398.800000000005,23221.200000000004,9089.20000000001,19103.599999999984,18415.60000000001,8405.600000000002,11081.199999999995,11682.599999999999,15431.600000000011,8110.799999999999,11674.19999999999,9957.399999999989,15916.199999999995,15488.800000000001,19055.60000000002,19139.200000000026,9941.200000000015,8686.000000000007,19075.200000000004,8705.4,6332.2000000000035,7030.7999999999965,6270.399999999997,8637.200000000004,10308.000000000005,18382.600000000024,7031.600000000003,8619.800000000001,9678.40000000001,8401.399999999994,9628.799999999992,7930.0,11115.600000000004,10263.599999999993,7883.000000000003],"4":[4879.1495275352445,8061.288811420739,4436.528532729201,6053.130563405794,7997.813670195437,14113.918562214421,10462.911975139832,14444.059319571757,18408.02107885378,5297.945213664436,18267.95360436141,8873.9297340977,16214.23533849644,6034.368079033083,8864.00417470133,12294.023199100127,12325.884274171318,16165.555929711401,12483.48712092155,11994.334994449464,6786.53252699438,8394.275341254817,16036.022307986019,6438.333244270349,21893.619248222014,21091.539967326626,17815.23109593447,22466.1268997377,10833.924941196237,8050.791465477738,5204.767786350486,17690.823388308534,8318.97108374972,9382.327426387475,10124.839277618792,8549.994016052546,12245.354029513637,12350.561551292061,11025.95811925665,10011.744373350673,9262.474503804793,8486.424572298616,23356.62609809175,8936.316982006549,18662.472434868505,18198.907040086055,8477.298671789402,11116.744065291747,11828.722595204968,15702.922786816183,8823.532360410529,11550.03615299221,9899.903712868534,15435.520513151143,16152.891349085286,19268.001419014123,18753.65916717482,10043.561279515077,8621.264756986551,19594.235362943346,8807.05504980369,6117.078391798005,6643.464955965124,6081.429875263816,8771.571213692412,10357.067789358029,18354.975447017638,7013.900001887731,8537.797965565795,9660.798416721063,8175.159156987936,9694.271713968441,7988.384332556572,11177.942670650822,10302.751603560144,7951.065733284341],"2":[4886.717867211341,8070.236331355498,4441.313255320815,6051.825733238743,7999.823980714224,14133.911665836416,10487.319176121446,14479.102012806496,18457.625412139994,5282.117567668912,18296.392113864586,8867.370307481098,16259.276288953439,6034.789032166054,8856.07481329132,12285.868496269652,12329.904147874297,16195.74758472364,12474.887403197974,11996.03219015905,6803.683103237428,8395.691302139257,16057.808706584827,6441.691903072221,21912.609084801086,21072.913713966,17816.99777585814,22452.115451747963,10825.882876729996,8056.112433096942,5211.527101800393,17671.193231102254,8316.67169454041,9376.688468836153,10127.395766303878,8552.630005419169,12250.523996969267,12351.615420350452,11027.729214342753,10019.491035315972,9261.057236719691,8481.477975232187,23354.27776450122,8931.174153805936,18661.85306637894,18193.2944771805,8479.785719644886,11114.655270227193,11839.6153312938,15688.680933311502,8830.959858957924,11546.288916724776,9903.603393523312,15443.15475493056,16168.964150846461,19276.296935599545,18755.16509874885,10043.836494283678,8618.043861306389,19617.96860148462,8804.325735357696,6115.178475374787,6642.81961344832,6082.593291926472,8778.47309368282,10356.272023351297,18358.97194992591,7021.189928439479,8534.279132582387,9660.64207633565,8169.976550678818,9695.493898171873,7991.832548586336,11182.999313674898,10308.240323307762,7946.603181063772],"3":[4871.334775183202,8057.646510740936,4432.853771600329,6044.99440753245,7989.9430134473105,14125.335432861628,10458.018950435839,14443.195305149562,18419.571709714324,5297.909787407241,18267.026204037826,8878.2985610869,16221.082026030645,6030.414071291402,8866.176585405985,12290.512126365013,12326.042133180825,16178.592704792101,12481.98813939211,12008.248709505542,6789.455221261383,8378.3795652826,16032.563345585411,6439.7766042902285,21898.804942651997,21084.954520211566,17820.051683452682,22462.05223181203,10838.066985275891,8050.835339747142,5204.814640236037,17686.15292658116,8323.33209254561,9386.032070673678,10128.004010409872,8548.966625724046,12244.706866580642,12352.68673100282,11023.825368442744,10011.620067980308,9261.040641884152,8488.748216035276,23357.387950535925,8941.102768885212,18660.06724950991,18199.09285767901,8478.543448622726,11114.104561955985,11837.538806763234,15699.605096589805,8823.597781533423,11552.242922663852,9904.357019104147,15434.565597004208,16166.608901212006,19264.733636049074,18756.94934002421,10041.533436058773,8615.845836437098,19594.078111782856,8800.862922835338,6115.055823531833,6643.451367915178,6081.566769507659,8765.881143252878,10354.950134830195,18360.56334793281,7013.97244342399,8537.668826817995,9658.273595056202,8167.282020547307,9702.733267638496,7991.16106645304,11178.632354200163,10297.174636224241,7954.542288157117],"5":[4879.147061711105,8061.28847757416,4436.52908066014,6053.128589934427,7997.812825180744,14113.91490327404,10462.906769812169,14444.051724125022,18408.013160476825,5297.946306076728,18267.947924469077,8873.927322619813,16214.230322687907,6034.367815119495,8863.999858470072,12294.020620152029,12325.882001614562,16165.54949453956,12483.484565181097,11994.332301601113,6786.531832233229,8394.274659746185,16036.02250594269,6438.334410620844,21893.61906333195,21091.546828028397,17815.2290951316,22466.13358365424,10833.925080987108,8050.789635464582,5204.766401111148,17690.82390864488,8318.970847915603,9382.329913162843,10124.837514715831,8549.992997255888,12245.352151785048,12350.560982835357,11025.957567009887,10011.743266040357,9262.47531055372,8486.425540650256,23356.62984456867,8936.318834509178,18662.4773241626,18198.91249000965,8477.298312626828,11116.741655137026,11828.720638693667,15702.922198094479,8823.530405265468,11550.036693342538,9899.905279127779,15435.520965652879,16152.882946519529,19267.99698372785,18753.66443754154,10043.561529559576,8621.26510524289,19594.227917699973,8807.053452578773,6117.0776806057265,6643.465390897776,6081.427999871321,8771.571175069243,10357.068217126825,18354.977009082828,7013.897880319953,8537.800317638927,9660.800063769546,8175.159648913744,9694.270801612563,7988.3846632887435,11177.942478514457,10302.7503698016,7951.065805610556],