{"0":[4541.599999999999,8164.999999999998,4559.800000000001,5983.600000000005,8146.800000000003,14121.400000000007,10187.000000000002,14154.999999999995,18094.199999999983,5245.799999999995,18134.399999999994,8788.200000000004,15833.800000000005,6001.800000000004,8801.599999999991,12510.8,12137.199999999993,15853.800000000012,12542.400000000003,12074.800000000001,6899.800000000004,8389.400000000003,15860.599999999999,6852.800000000003,21780.799999999977,21860.599999999977,17740.800000000003,23157.2,11048.599999999999,8118.600000000005,5339.199999999998,17631.799999999992,8372.400000000001,9785.999999999998,10135.200000000004,8415.599999999997,12406.000000000002,12497.399999999996,11124.199999999995,9827.199999999999,9050.600000000002,8398.800000000005,23221.200000000004,9089.20000000001,19103.599999999984,18415.60000000001,8405.600000000002,11081.199999999995,11682.599999999999,15431.600000000011,8110.799999999999,11674.19999999999,9957.399999999989,15916.199999999995,15488.800000000001,19055.60000000002,19139.200000000026,9941.200000000015,8686.000000000007,19075.200000000004,8705.4,6332.2000000000035,7030.7999999999965,6270.399999999997,8637.200000000004,10308.000000000005,18382.600000000024,7031.600000000003,8619.800000000001,9678.40000000001,8401.399999999994,9628.799999999992,7930.0,11115.600000000004,10263.599999999993,7883.000000000003],"4":[4819.927847653726,8032.197472301835,4388.952545138875,6061.837993613396,7832.043859081458,14059.987664972712,10470.469806258301,14355.369209457123,18458.785073446375,5253.608448408185,18122.532679036784,8879.052884032079,16279.39127527117,6006.576307578553,8851.435753385673,12286.88163298139,12229.506938722416,16305.496116173836,12394.393330282011,12007.894145398905,6762.783439108019,8390.873676247491,15884.568432479009,6399.356790497336,21909.74498975702,20866.973511597444,17779.910239639175,22409.17306873394,10811.614715187718,8071.800699939038,5208.009487383417,17672.855295006262,8244.83335626592,9355.346555045744,9954.002192159474,8578.61307771514,12181.805590439666,12207.368620042003,11024.87050850157,9996.296902266726,9267.305200142366,8481.401475764673,23245.21586889675,8902.375934521997,18684.951609269017,18170.13941244248,8456.657163371025,11097.680431951036,11849.911186160753,15628.593836395354,8804.390270192522,11540.233309214165,9907.662907141897,15363.21204395967,16128.486124271201,19351.354479583628,18742.122838786425,10038.361908156145,8601.44012138138,19569.44213680725,8820.749703400834,6112.333884474404,6655.192066312216,6055.808861604408,8778.27982765224,10329.309824380132,18344.28527044274,7032.119221476581,8527.143146752815,9635.858767223093,8166.943980021949,9707.006414577385,7972.153740311548,11112.014759473795,10295.91804123295,7959.537858198477],"2":[4816.642610203424,8047.504366890779,4398.4892944172125,6060.34527127643,7827.493131103815,14081.324871989227,10494.165665491346,14369.557269047145,18490.966338345308,5261.599072064064,18139.832562048145,8876.598376803197,16303.327502915992,6017.107282719676,8849.517017842474,12284.193455132692,12241.831483941687,16324.821185033983,12400.339238656139,12007.300026840898,6765.644455044674,8399.328421605895,15889.414059583125,6401.694596077224,21931.16363624489,20870.60395801298,17778.480961405166,22406.023618844134,10819.055675626872,8074.1548140867,5214.665270851065,17684.963444602712,8249.733306744907,9340.75697041027,9963.47276659809,8587.057590279936,12189.653864242466,12213.189809214133,11029.523244811871,10002.804184806671,9264.666481744782,8480.666497516966,23240.558814073356,8911.177108132508,18691.205039949666,18153.880301550194,8452.367312068342,11100.3084327179,11852.694698698564,15640.618324842948,8802.476303642821,11529.41429092555,9905.154894363615,15382.282082486723,16155.60406232267,19365.011882682727,18743.154236813833,10035.100138157291,8601.535086559405,19601.82354286415,8815.171169342895,6107.506262582112,6655.062847140741,6054.346273124344,8789.12163571782,10323.998258803937,18345.199910004467,7034.169439517784,8522.116815433663,9631.515260569082,8166.410609593056,9701.423419481918,7981.119467824875,11118.926006180225,10302.755075986897,7960.314111983623],"3":[4816.695246249813,8042.139629445273,4393.455576692308,6059.089815135767,7827.80979343544,14077.688632809219,10486.772093275486,14368.053633454028,18486.33023358059,5261.811069767478,18138.788646552235,8870.458278965823,16304.640152162941,6010.425871996831,8852.031352930531,12278.811325595996,12248.870666178671,16318.823392424501,12398.178113021382,12005.707894912814,6761.988781649387,8399.17039352774,15885.862722790656,6405.8066979307105,21929.80877423455,20872.26069266123,17785.901106337045,22403.667305216237,10814.86534190772,8073.532812594391,5214.237637111171,17679.769355581368,8254.321086250797,9350.02018254403,9959.599364141563,8587.871717327003,12188.320353093706,12210.873806534286,11029.991547306496,10001.581525461932,9266.995473675172,8481.965039311277,23243.798586917354,8907.030094927795,18693.795602649334,18157.612348103125,8439.620646644713,11103.755630116684,11850.245806022602,15642.673260534802,8801.760435033513,11532.39047299025,9902.472220366002,15386.395502262692,16146.712661710504,19358.52366855691,18748.35326235702,10036.942284815821,8605.8319684347,19594.03051500583,8826.210879100281,6104.941780983044,6655.166910193198,6058.368647151167,8789.589998168816,10324.381983018477,18345.00121895772,7033.629263650365,8526.679160851516,9632.665632679395,8164.537496983601,9702.51246068223,7980.48800325342,11118.227390531425,10306.230836521809,7957.261489045709],"5":[4815.697970191843,8035.923276345011,4392.679399714058,6058.12710566641,7827.81547144301,14059.74470525996,10468.918808403243,14349.572847379188,18458.53616460346,5253.610084359086,18116.73954036265,8881.04634226985,16277.666446869818,6010.820677145871,8861.754675616216,12284.64978019924,12232.756950987956,16304.387326493032,12408.442847965593,12002.412827577438,6746.291737344852,8392.722450359819,15868.976630648085,6397.956979401142,21909.428043653454,20867.882069771855,17781.961989858864,22410.179001666293,10813.17193593427,8071.799484973757,5208.0077792791,17676.85506211827,8247.069086823729,9353.576849972556,9950.051061520324,8579.710949535793,12182.496997654322,12204.515998026614,11027.723448703862,9997.602044386338,9269.070390780296,8482.082097582706,23245.4413357524,8912.402573749807,18686.010643972437,18167.172523763005,8450.96700113963,11099.286491693694,11851.372989613139,15632.174885239314,8804.386573180238,11538.413289644383,9909.637385117505,15370.841678409171,16127.852323207815,19351.681694047664,18741.36224081941,10037.045453095207,8602.565040332016,19574.28973230285,8816.76466486204,6113.936971273182,6655.192983690793,6056.8288443668425,8777.663991713844,10325.077388134921,18350.61869834253,7032.117157048137,8521.310537960202,9629.557819740474,8162.443697538268,9704.789379029038,7975.693325489097,11111.320638030711,10296.32332085841,7961.983988425251],