{"0":{"(15,19)":19103.599999999984,"(20,21)":6332.2000000000035,"(22,20)":7031.600000000003,"(23,22)":9628.799999999992,"(10,11)":17740.800000000003,"(8,9)":6899.800000000004,"(13,12)":12497.399999999996,"(24,21)":10263.599999999993,"(3,1)":8146.800000000003,"(19,17)":9941.200000000015,"(4,5)":18094.199999999983,"(17,16)":11674.19999999999,"(20,22)":7030.7999999999965,"(22,21)":8619.800000000001,"(18,16)":15488.800000000001,"(6,5)":8801.599999999991,"(16,17)":11682.599999999999,"(22,15)":18382.600000000024,"(1,2)":4541.599999999999,"(22,23)":9678.40000000001,"(19,20)":8686.000000000007,"(9,8)":6852.800000000003,"(11,12)":8372.400000000001,"(3,4)":14121.400000000007,"(8,16)":8389.400000000003,"(2,6)":5983.600000000005,"(11,4)":5339.199999999998,"(17,10)":8110.799999999999,"(4,11)":5245.799999999995,"(5,4)":18134.399999999994,"(2,1)":4559.800000000001,"(5,9)":15833.800000000005,"(7,8)":12137.199999999993,"(21,24)":10308.000000000005,"(19,15)":19139.200000000026,"(10,9)":21860.599999999977,"(24,23)":7883.000000000003,"(11,14)":9785.999999999998,"(14,15)":9050.600000000002,"(10,17)":8118.600000000005,"(20,18)":19075.200000000004,"(14,23)":8398.800000000005,"(13,24)":11124.199999999995,"(21,20)":6270.399999999997,"(6,8)":12510.8,"(10,16)":11048.599999999999,"(12,13)":12406.000000000002,"(24,13)":11115.600000000004,"(1,3)":8164.999999999998,"(21,22)":8637.200000000004,"(12,11)":8415.599999999997,"(9,10)":21780.799999999977,"(14,11)":9827.199999999999,"(15,14)":9089.20000000001,"(10,15)":23157.2,"(20,19)":8705.4,"(16,10)":11081.199999999995,"(17,19)":9957.399999999989,"(15,10)":23221.200000000004,"(16,8)":8405.600000000002,"(4,3)":14154.999999999995,"(5,6)":8788.200000000004,"(23,24)":7930.0,"(8,6)":12542.400000000003,"(12,3)":10135.200000000004,"(18,7)":15916.199999999995,"(11,10)":17631.799999999992,"(15,22)":18415.60000000001,"(6,2)":6001.800000000004,"(8,7)":12074.800000000001,"(23,14)":8401.399999999994,"(18,20)":19055.60000000002,"(16,18)":15431.600000000011,"(3,12)":10187.000000000002,"(7,18)":15853.800000000012,"(9,5)":15860.599999999999},"4":{"(15,19)":18685.647613864865,"(20,21)":6096.171345840824,"(22,20)":6974.110304363018,"(23,22)":9710.361104782925,"(10,11)":17885.659078648074,"(8,9)":6788.301966249348,"(13,12)":12562.769916860432,"(24,21)":10301.942006013098,"(3,1)":8375.091474967548,"(19,17)":10115.419720593029,"(4,5)":18284.43630039898,"(17,16)":11609.648190239011,"(20,22)":6627.866790437781,"(22,21)":8604.332400991549,"(18,16)":15938.551693036618,"(6,5)":8798.735448328938,"(16,17)":11821.658661858453,"(22,15)":18417.46480006354,"(1,2)":5059.181228632254,"(22,23)":9731.320629825555,"(19,20)":8660.63032954652,"(9,8)":6425.1926852405895,"(11,12)":8495.071105093153,"(3,4)":14141.658055843025,"(8,16)":8391.97913755937,"(2,6)":5996.187276786442,"(11,4)":5201.049318000338,"(17,10)":8835.44324516828,"(4,11)":5351.574756105253,"(5,4)":18495.13381813396,"(2,1)":4595.365724705079,"(5,9)":16005.613741271201,"(7,8)":12412.494251702838,"(21,24)":10416.965867516017,"(19,15)":18860.49810547853,"(10,9)":21494.388533398163,"(24,23)":7949.115263734471,"(11,14)":9482.290350043233,"(14,15)":9239.72464640415,"(10,17)":8013.600388686672,"(20,18)":19452.631425680152,"(14,23)":8497.011745306741,"(13,24)":11030.383032715523,"(21,20)":6089.7849485289125,"(6,8)":12323.524798503884,"(10,16)":10898.05119137873,"(12,13)":12323.473425460621,"(24,13)":11290.92388526603,"(1,3)":8181.412873639266,"(21,22)":8780.376257995194,"(12,11)":8529.629573850296,"(9,10)":21869.600725637323,"(14,11)":10078.000237462637,"(15,14)":9001.31252293284,"(10,15)":22568.339029430877,"(20,19)":8788.401100755756,"(16,10)":11163.762222801013,"(17,19)":9969.118520220703,"(15,10)":23548.552813227485,"(16,8)":8532.691485076288,"(4,3)":14544.291896506633,"(5,6)":8807.414820815893,"(23,24)":8017.262335825633,"(8,6)":12619.466614602556,"(12,3)":10337.83560330604,"(18,7)":15471.119824254272,"(11,10)":17699.413260778627,"(15,22)":18305.26119868998,"(6,2)":6033.250670530736,"(8,7)":11899.787746015289,"(23,14)":8189.612416521905,"(18,20)":18958.031403100475,"(16,18)":15599.417919969052,"(3,12)":10355.253621741396,"(7,18)":15810.315656347593,"(9,5)":16248.527959710247},"2":{"(15,19)":18611.88511067709,"(20,21)":6130.817549955975,"(22,20)":6990.955031878786,"(23,22)":9679.920997459545,"(10,11)":17892.6419820284,"(8,9)":6876.0623123849255,"(13,12)":12641.503192646373,"(24,21)":10294.091348564898,"(3,1)":8366.824146661575,"(19,17)":10045.972363537636,"(4,5)":18370.23789680096,"(17,16)":11579.284298826919,"(20,22)":6622.421652563312,"(22,21)":8557.260461148928,"(18,16)":16185.457046751426,"(6,5)":8873.582401400457,"(16,17)":11801.165825863312,"(22,15)":18362.714636137323,"(1,2)":5025.46216109419,"(22,23)":9711.797713871221,"(19,20)":8649.750624930091,"(9,8)":6517.859316360248,"(11,12)":8479.807100707201,"(3,4)":14245.123667721753,"(8,16)":8387.270758058505,"(2,6)":6031.889865606853,"(11,4)":5214.905047733096,"(17,10)":8857.340079624011,"(4,11)":5362.708469253228,"(5,4)":18609.828466735908,"(2,1)":4559.432619729812,"(5,9)":16113.469961483286,"(7,8)":12525.898569205094,"(21,24)":10411.13343094221,"(19,15)":18803.741685234036,"(10,9)":21528.76384964792,"(24,23)":7946.147224377561,"(11,14)":9453.712431762253,"(14,15)":9250.410035536144,"(10,17)":8020.3847012756605,"(20,18)":19632.123221902744,"(14,23)":8502.018683541703,"(13,24)":11024.88320407495,"(21,20)":6132.667275171448,"(6,8)":12311.228219546485,"(10,16)":10868.260107970113,"(12,13)":12368.708529221123,"(24,13)":11323.91454922945,"(1,3)":8147.0197435131695,"(21,22)":8744.538224708802,"(12,11)":8496.77786621002,"(9,10)":21871.81273566736,"(14,11)":10065.842687671828,"(15,14)":9005.350883045076,"(10,15)":22567.250365509706,"(20,19)":8769.055058984553,"(16,10)":11154.453556511819,"(17,19)":9905.105200153366,"(15,10)":23585.723390604428,"(16,8)":8534.473172925596,"(4,3)":14668.605193749612,"(5,6)":8873.23382964417,"(23,24)":8038.501990754751,"(8,6)":12656.227819339683,"(12,3)":10489.716105397403,"(18,7)":15589.87008557238,"(11,10)":17689.636981573472,"(15,22)":18249.75329498009,"(6,2)":6098.379863040291,"(8,7)":11974.329796136688,"(23,14)":8198.279415052375,"(18,20)":19078.589457712184,"(16,18)":15803.868206767625,"(3,12)":10473.587363255932,"(7,18)":15910.428298333904,"(9,5)":16383.349600973464},"3":{"(15,19)":18804.844034436515,"(20,21)":6079.773683536825,"(22,20)":6972.51649443342,"(23,22)":9727.707036348174,"(10,11)":17919.43395165455,"(8,9)":6703.961913863353,"(13,12)":12527.646988676996,"(24,21)":10342.744837803839,"(3,1)":8184.639265059926,"(19,17)":10250.167711617834,"(4,5)":18123.834864304543,"(17,16)":11670.62160258797,"(20,22)":6631.119029747833,"(22,21)":8659.53800521928,"(18,16)":15589.018061452438,"(6,5)":8952.616981772078,"(16,17)":11882.00876276985,"(22,15)":18454.07848969435,"(1,2)":4869.392310187523,"(22,23)":9764.78231095187,"(19,20)":8675.874113050093,"(9,8)":6295.3066247762845,"(11,12)":8565.37572233904,"(3,4)":13983.755112285273,"(8,16)":8392.389367116279,"(2,6)":6035.686759251181,"(11,4)":5198.4806626683385,"(17,10)":8836.344354589746,"(4,11)":5347.701839783631,"(5,4)":18324.44247395966,"(2,1)":4406.795648609656,"(5,9)":15933.937344688722,"(7,8)":12328.623713595303,"(21,24)":10451.150722368639,"(19,15)":18958.28931994258,"(10,9)":21495.906993247343,"(24,23)":7934.346274739261,"(11,14)":9530.622221702044,"(14,15)":9263.615306377922,"(10,17)":8017.44842927908,"(20,18)":19269.205581225662,"(14,23)":8503.188954022198,"(13,24)":11057.501617585247,"(21,20)":6085.122651434213,"(6,8)":12284.086084869026,"(10,16)":10943.913372183406,"(12,13)":12267.746063078857,"(24,13)":11338.64690433408,"(1,3)":7992.179506080942,"(21,22)":8830.464473951737,"(12,11)":8612.971820553586,"(9,10)":21929.06568491024,"(14,11)":10107.382232936201,"(15,14)":9017.359968296754,"(10,15)":22613.585282582502,"(20,19)":8779.916058418308,"(16,10)":11191.790423160724,"(17,19)":10106.190130978914,"(15,10)":23563.84998628871,"(16,8)":8494.363920318705,"(4,3)":14377.60330585864,