{"(8,1.5,0.001,4)":[1.0,0.007461372992249946,-0.05664591484412,0.14600211005121577,0.07751955179434132,-0.592607292974556,0.2665108756901322,0.2998749223206307,0.05526918206994601],"(8,1.5,0.001,1)":[1.0,0.006515481734899098,-0.04827331766042956,0.11393422515765471,0.12288490667562667,-0.5938103956235065,0.24178234177382155,0.2903774998878991,0.054193951153833936],"(8,1.5,0.001,5)":[1.0,0.007461372992249946,-0.05664591484412,0.14600211005121577,0.07751955179434132,-0.592607292974556,0.2665108756901322,0.2998749223206307,0.05526918206994601],"(8,1.5,0.001,2)":[1.0,0.007311795214712526,-0.05535648189183876,0.14127894733985855,0.08361877276315312,-0.592426307073862,0.2634895179086285,0.29868792238338954,0.05513338268668172],"(8,1.5,0.001,3)":[1.0,0.007460258364937357,-0.0566363047934954,0.1459668951380641,0.07756508895194425,-0.5926060806261565,0.2664883788021762,0.299866145946533,0.05526818570794203]}