{"(8,1.5,0.001,4)":[1.0,-5.994516393190306e-6,0.0034312257011736786,-0.0297122922789003,0.09525367083976774,-0.10699777197324518,-0.009013886953217488,0.051320001358524936,0.012735014083644419],"(8,1.5,0.001,1)":[1.0,-4.708831010488794e-6,0.002693599991567596,-0.02236157724375618,0.06794313753734117,-0.06841253880658715,-0.01807412944168469,0.03906988143786879,0.010717962466675512],"(8,1.5,0.001,2)":[1.0,-5.994506142387155e-6,0.0034312264644299445,-0.029712301159767484,0.0952537186239962,-0.1069978905695706,-0.009013804590245405,0.05132002835658852,0.012735014748513506],"(8,1.5,0.001,3)":[1.0,-5.994516393190306e-6,0.0034312257011736786,-0.0297122922789003,0.09525367083976774,-0.10699777197324518,-0.009013886953217488,0.051320001358524936,0.012735014083644419]}