{"(8,1.5,0.001,4)":[1.0,0.007461367636936588,-0.05664584822367358,0.14600180436860585,0.0775199928830463,-0.5926072857148215,0.26651064107434935,0.2998748288196102,0.05526917112995072],"(8,1.5,0.001,1)":[1.0,0.006515494648447846,-0.0482734347704944,0.113934693119898,0.12288414521884737,-0.5938100467011562,0.24178247139350142,0.29037750603811296,0.05419395077002267],"(8,1.5,0.001,5)":[1.0,0.007461367636936588,-0.05664584822367358,0.14600180436860585,0.0775199928830463,-0.5926072857148215,0.26651064107434935,0.2998748288196102,0.05526917112995072],"(8,1.5,0.001,2)":[1.0,0.007311771819505391,-0.055356280148623885,0.14127820609945738,0.08361974433504867,-0.5924263170594489,0.26348906460085775,0.29868774865949516,0.05513336276298432],"(8,1.5,0.001,3)":[1.0,0.0074602512934385115,-0.056636243713282346,0.14596667004892178,0.07756538649980879,-0.5926060888160465,0.26648824271992044,0.29986609494818234,0.05526817987751609]}