{"(8,1.5,0.001,1)":[1.0,-4.708831010488794e-6,0.002693599991567596,-0.02236157724375618,0.06794313753734117,-0.06841253880658715,-0.01807412944168469,0.03906988143786879,0.010717962466675512],"(8,1.5,0.001,2)":[1.0,-4.708819154110613e-6,0.0026935952746044165,-0.022361536185005484,0.06794300743347323,-0.06841239297745749,-0.018074150200756655,0.0390698538116162,0.010717958711756518]}