{"4":0.005338142455294699,"2":0.004772625534899858,"3":0.005333572039877519,"5":0.005338142455294699,"1":0.0}