{"4":0.00874368552765979,"2":0.008743685527659788,"3":0.00874368552765979,"1":0.0}