{"4":0.9754386640345468,"2":0.9797774531821025,"3":0.9755034351257429,"5":0.9754386640345468,"1":1.0}