{"4":0.9261549311349168,"2":0.9503366807763176,"3":0.9261549311349168,"1":1.0}