{"4":0.926157604712328,"2":0.9503393543537288,"3":0.926157604712328,"1":1.0}