{"2":0.0035515242869627933,"1":0.003551524287666575}