{"4":0.005150987317236207,"2":0.0051485671562891576,"3":0.0051509640080153705,"5":0.005150987317236207,"1":0.005097540386780198}