{"4":0.0032797558182321904,"2":0.0032797558452223115,"3":0.0032797558182321904,"1":0.003551524287666575}