{"4":0.003279755778669666,"2":0.0032797558452223115,"3":0.003279755778669666,"1":0.003551524287666575}