{"4":0.005150987301052524,"2":0.005148567129104761,"3":0.005150963999643631,"5":0.005150987301052524,"1":0.005097540385454805}