{"0":{"(53,54)":356.2469825953915,"(32,60)":1477.470767223741,"(22,16)":1577.6190608462175,"(22,14)":355.39272285576425,"(13,9)":118.94617878262432,"(47,48)":203.76329062442784,"(9,1)":147.42409400776077,"(17,14)":411.2746130504764,"(34,35)":457.7599584495743,"(73,50)":0.0,"(35,34)":706.9646917900332,"(11,8)":2015.260758825263,"(18,21)":6075.68787844286,"(36,35)":886.142852393955,"(38,39)":3485.834174216654,"(8,4)":999.059072480454,"(24,25)":0.0,"(52,51)":342.3388625301819,"(45,43)":300.23725435973296,"(29,22)":766.3917405359273,"(51,50)":218.50652432594825,"(23,21)":6240.740725510243,"(14,13)":1089.3881470297788,"(30,20)":261.02445302266767,"(60,32)":1374.3625018497273,"(59,60)":86.94161007896163,"(36,43)":296.5489296222645,"(55,57)":96.06514306994026,"(47,46)":134.79619203967422,"(24,23)":6304.511379434471,"(54,46)":577.2928779546309,"(25,22)":1066.0674963426588,"(31,32)":361.209520464814,"(20,30)":519.4381231202345,"(60,72)":711.5315502406849,"(53,52)":90.31309803443494,"(6,3)":967.4954654473047,"(1,7)":806.8857722406884,"(39,38)":1957.9425893472303,"(21,20)":792.4033405814557,"(65,64)":346.80852999238704,"(33,27)":1519.3944049538948,"(1,3)":511.99792552077906,"(36,44)":384.52636708237105,"(62,63)":0.0,"(11,19)":482.4247471487113,"(16,19)":3409.035762507117,"(45,46)":919.543503936611,"(26,28)":1588.455948537551,"(21,23)":1198.184154866542,"(31,23)":386.01231119023106,"(31,30)":336.86969392804156,"(17,6)":143.10628915783897,"(9,13)":328.2806349542796,"(37,28)":5248.52758624332,"(10,20)":1148.8074615844898,"(11,10)":5444.234404536863,"(37,38)":595.5597157074437,"(34,32)":764.0367985831808,"(41,40)":1952.7103982322112,"(5,11)":285.95186930767636,"(39,40)":1753.899758952873,"(28,27)":1179.4285884636238,"(68,67)":277.97079964883704,"(60,31)":306.04873501709767,"(10,5)":680.230504431925,"(20,10)":31.297176520126587,"(28,26)":7502.627093398566,"(23,22)":776.2717611140253,"(10,11)":4545.306122448979,"(3,1)":654.1560381275036,"(17,16)":0.0,"(45,47)":921.2656232455478,"(13,7)":2281.3844689972098,"(6,17)":324.382918778789,"(22,19)":899.8317397323788,"(16,17)":6024.603732138849,"(47,45)":489.1870504952647,"(22,23)":231.92845893720047,"(2,3)":142.36206410263023,"(42,38)":2014.2959666558636,"(52,48)":37.159780464856546,"(51,52)":263.8497103469481,"(43,44)":490.9262114823675,"(67,60)":80.81679497572925,"(40,39)":2704.4636904915237,"(73,49)":191.46246927146785,"(49,41)":580.1656231151071,"(63,60)":16.575584682232304,"(18,19)":1398.7439638856422,"(26,27)":437.27700961097605,"(35,36)":220.6216287492057,"(22,25)":746.8740377293439,"(60,69)":816.7674946745806,"(39,48)":419.17656107843953,"(22,29)":3714.630625687876,"(48,39)":1637.1741036417786,"(50,49)":737.4032491338921,"(58,59)":204.31834521150378,"(49,29)":427.65914039559345,"(61,60)":216.72475712167557,"(33,24)":2469.1483958323806,"(74,48)":650.4373365976944,"(60,61)":411.74303297481407,"(21,18)":1476.9495999644887,"(32,31)":604.9598426107613,"(58,20)":63.45759140958924,"(46,47)":856.355359827749,"(71,35)":503.54274349145163,"(25,24)":856.2358276643992,"(29,41)":2919.444867273028,"(59,57)":449.10013988797766,"(35,71)":435.3813326845374,"(70,69)":0.0,"(71,69)":128.99381233620758,"(74,47)":357.4118725305087,"(9,7)":192.70675901800905,"(57,55)":91.04473964477985,"(59,72)":429.7335697140793,"(34,60)":1013.4698187589423,"(22,28)":828.7214982940673,"(40,41)":3160.576175125663,"(46,54)":925.626216469833,"(57,58)":270.37439065239886,"(60,65)":253.00836443205705,"(19,18)":490.95712989535,"(33,34)":878.120900035183,"(34,33)":5383.333333333333,"(17,22)":755.5936179119122,"(26,25)":1413.0489582279215,"(28,37)":207.63059456562735,"(25,26)":1301.8972288009425,"(54,48)":857.2579434103114,"(48,53)":174.6653349360765,"(13,15)":646.600400334494,"(48,74)":1643.8965352621337,"(20,21)":1164.2033350406027,"(57,56)":140.93277817735517,"(40,48)":282.91222205187483,"(32,34)":681.8056761011173,"(24,33)":198.5851543531061,"(27,26)":684.862848211028,"(56,57)":200.66964775254587,"(65,60)":703.4995710343346,"(65,66)":792.493689893351,"(22,21)":1494.114981335095,"(53,48)":163.0596925556933,"(67,68)":286.3685564336423,"(48,51)":169.30379197508364,"(44,36)":1321.2809151507108,"(41,29)":3276.515913531116,"(48,54)":438.3743649073851,"(52,53)":357.22336340682256,"(13,14)":847.1399791256175,"(29,49)":261.9099656679226,"(54,44)":694.7254029569883,"(16,22)":3685.9914793768153,"(38,42)":1075.4018187906702,"(42,45)":116.7983242128794,"(66,65)":462.3442077976257,"(67,69)":437.96218005317456,"(11,5)":247.84077238892564,"(35,27)":419.6106681543013,"(14,17)":3036.8377868086545,"(57,59)":166.13434141007184,"(60,34)":3097.965584427276,"(38,37)":2623.5057213069567,"(37,42)":589.7219680842533,"(44,54)":715.9640690554885,"(7,1)":1127.8201325507928,"(21,22)":1257.03268976763,"(32,33)":1165.9069911487318,"(28,22)":1399.056885786798,"(59,58)":268.684305349289,"(16,8)":969.2289447728302,"(69,70)":941.1600118391272,"(60,30)":623.6742773851424,"(69,71)":143.62505503533347,"(22,17)":285.79154421474556,"(8,6)":2816.5725135005155,"(4,6)":646.6028614092537,"(20,58)":24.629062507634455,"(44,43)":440.9624680167314,"(30,31)":863.702779171004,"(54,53)":441.38591015386515,"(71,60)":149.15081607350513,"(63,62)":0.0,"(49,73)":224.43308797914818,"(72,59)":476.5604551402271,"(6,4)":547.6723685020223,"(23,31)":374.08494571999427,"(7,3)":283.1067132296699,"(65,63)":0.0,"(13,6)":1168.746957622827,"(48,49)":422.7229046399134,"(27,28)":390.2899391798883,"(3,6)":1243.0333263354605,"(50,73)":156.75,"(24,26)":866.6155341793038,"(8,11)":1235.1242842961526,"(41,49)":210.4488280741073,"(44,46)":776.188173497161,"(27,35)":336.4675798563123,"(19,22)":270.2710265584101,"(47,74)":1795.722854642658,"(26,24)":7637.129052324218,"(48,40)":488.9336534042496,"(60,71)":263.90799639377656,"(8,16)":1425.03372703111,"(72,60)":700.9536365431802,"(22,40)":559.0985717895711,"(7,13)":624.7602371182986,"(43,45)":254.41487195498993,"(19,16)":0.0,"(5,10)":610.0090628343687,"(18,10)":647.6999881119262,"(60,59)":99.09760303361323,"(69,67)":257.9780094325345,"(4,8)":3281.9478533709525,"(69,60)":229.9999177706423,"(12,9)":197.96404602711002,"(49,48)":406.72614204448365,"(14,22)":659.8364462970075,"(60,63)":36.173099408694284,"(7,9)":146.14248655983326,"(36,71)":494.0056018088763,"(6,13)":1084.3420442674735,"(19,11)":416.3894493784249,"(40,22)":647.4272972398946,"(46,45)":1026.6678231513836,"(6,8)":1313.6940221776986,"(43,36)":260.0510365295618,"(3,2)":232.2883187167281,"(71,36)":289.84735646061796,"(50,51)":206.19608577682968,"(27,33)":1403.273996833159,"(48,47)":193.33037123614835,"(46,44)":707.1750413971243,"(3,7)":158.843186907094,"(48,52)":233.9434125566051,"(15,13)":1841.4175543661315,"(49,50)":4.726565901306339,"(23,24)":0.0,"(58,57)":316.68173931375765,"(30,60)":546.9370667046834,"(9,12)":372.0748100873565,"(42,37)":960.5059529078827,"(51,48)":266.08062643535015,"(43,42)":943.8475154054623,"(63,65)":1433.330803666058,"(1,9)":256.51993508508974,"(10,18)":2531.6237490459,"(45,42)":909.8316973047865,"(31,60)":372.48876302492437,"(33,32)":1747.731109140946,"(42,43)":730.2556961828639,"(64,65)":424.84568693415054,"(60,67)":379.25805433267766},"2":{"(53,54)":334.20535599999994,"(32,60)":2795.3359621460027,"(22,16)":1482.8154899999995,"(22,14)":504.74894319999987,"(13,9)":287.979767,"(47,48)":0.0,"(9,1)":0.0,"(17,14)":245.75059,"(34,35)":3124.3286373219994,"(73,50)":0.0,"(35,34)":1638.0417123699983,"(11,8)":1266.4534368000009,"(18,21)":737.787324,"(36,35)":821.0263693700005,"(38,39)":3615.183351999999,"(8,4)":0.0,"(24,25)":3364.2418590000007,"(52,51)":645.0070109999999,"(45,43)":0.0,"(29,22)":1161.8278279999995,"(51,50)":163.53194299999998,"(23,21)":396.7172704820003,"(14,13)":212.71034619999995,"(30,20)":830.7159080240002,"(60,32)":1478.4914796420003,"(59,60)":2827.229537952002,"(36,43)":0.0,"(55,57)":136.826753,"(47,46)":440.4281723699999,"(24,23)":2224.333394330001,"(54,46)":1394.9901759999998,"(25,22)":0.0,"(31,32)":5212.391953031996,"(20,30)":629.0267562639995,"(60,72)":0.0,"(53,52)":398.13014799999996,