{"18":0.4562568223584739,"2":0.13455815135672342,"16":0.4483157005210924,"11":0.38272587540668507,"7":0.18305339000565296,"9":0.25138463874366895,"10":0.2647871923756958,"19":0.46906675574110074,"17":0.45603512645839844,"8":0.24120532480725732,"6":0.1774533992352795,"4":0.1440924335184718,"3":0.13758237263100453,"5":0.14584659709782566,"20":0.46906675574110074,"13":0.4260155340545103,"14":0.4444023752680273,"15":0.44674939006750963,"12":0.39773019623413297,"1":0.0}