{"(6,9)":0.0,"(18,3)":0.0,"(21,13)":0.0,"(22,16)":0.0,"(15,17)":0.0,"(22,14)":0.0,"(13,9)":0.0,"(8,9)":0.0,"(9,1)":0.0,"(17,14)":512.265165,"(16,6)":0.0,"(16,12)":829.456613,"(16,13)":916.051824,"(22,2)":0.0,"(7,16)":1594.726264,"(1,12)":879.941894,"(4,5)":0.0,"(11,8)":0.0,"(18,21)":0.0,"(19,4)":0.0,"(20,13)":0.0,"(15,4)":0.0,"(6,18)":0.0,"(5,16)":0.0,"(4,9)":0.0,"(8,4)":0.0,"(1,22)":0.0,"(22,15)":0.0,"(1,2)":0.0,"(17,9)":0.0,"(19,20)":0.0,"(14,2)":0.0,"(6,11)":0.0,"(16,2)":0.0,"(8,21)":0.0,"(9,6)":0.0,"(8,2)":0.0,"(21,3)":0.0,"(13,19)":0.0,"(7,19)":0.0,"(8,12)":0.0,"(11,4)":0.0,"(17,10)":0.0,"(1,17)":261.250856,"(18,5)":0.0,"(2,5)":0.0,"(8,5)":0.0,"(3,16)":0.0,"(14,13)":478.977625,"(22,4)":0.0,"(3,9)":0.0,"(15,2)":0.0,"(19,6)":0.0,"(19,9)":0.0,"(18,12)":0.0,"(15,1)":0.0,"(14,6)":0.0,"(14,18)":0.0,"(21,4)":0.0,"(22,7)":0.0,"(13,4)":228.270562,"(16,20)":0.0,"(7,12)":946.485359,"(10,22)":0.0,"(12,19)":0.0,"(4,10)":0.0,"(10,8)":0.0,"(7,2)":0.0,"(11,15)":0.0,"(10,17)":0.0,"(3,13)":0.0,"(20,8)":0.0,"(6,3)":0.0,"(1,7)":746.179963,"(19,13)":0.0,"(21,20)":0.0,"(8,8)":0.0,"(1,3)":0.0,"(4,15)":0.0,"(22,10)":0.0,"(21,9)":0.0,"(11,11)":0.0,"(12,15)":0.0,"(9,10)":0.0,"(12,5)":0.0,"(12,2)":0.0,"(20,4)":0.0,"(9,3)":0.0,"(16,4)":359.260598,"(16,10)":0.0,"(17,19)":0.0,"(11,19)":0.0,"(16,19)":0.0,"(4,1)":596.664621,"(13,20)":0.0,"(5,15)":0.0,"(16,9)":0.0,"(4,17)":230.110434,"(5,12)":0.0,"(5,14)":0.0,"(17,11)":0.0,"(6,16)":0.0,"(22,22)":0.0,"(2,14)":0.0,"(11,9)":0.0,"(17,6)":0.0,"(20,12)":0.0,"(21,11)":0.0,"(9,13)":0.0,"(20,15)":0.0,"(10,20)":0.0,"(11,10)":0.0,"(15,22)":0.0,"(2,17)":0.0,"(6,2)":0.0,"(21,14)":0.0,"(8,7)":0.0,"(4,20)":0.0,"(3,17)":0.0,"(2,15)":0.0,"(12,21)":0.0,"(1,8)":0.0,"(22,8)":0.0,"(21,5)":0.0,"(1,13)":782.474734,"(3,12)":0.0,"(3,14)":0.0,"(5,11)":0.0,"(15,9)":0.0,"(9,11)":0.0,"(6,15)":0.0,"(1,14)":710.756116,"(7,14)":1135.614559,"(12,1)":708.962274,"(8,10)":0.0,"(14,10)":0.0,"(10,5)":0.0,"(15,8)":0.0,"(15,19)":0.0,"(21,12)":0.0,"(22,20)":0.0,"(2,18)":0.0,"(20,10)":0.0,"(8,22)":0.0,"(16,15)":0.0,"(1,15)":0.0,"(10,11)":0.0,"(12,16)":482.865651,"(17,4)":250.792049,"(3,1)":0.0,"(20,5)":0.0,"(15,15)":0.0,"(16,21)":0.0,"(21,8)":0.0,"(16,3)":0.0,"(17,16)":318.664171,"(12,8)":0.0,"(13,7)":1309.657347,"(3,18)":0.0,"(6,17)":0.0,"(22,19)":0.0,"(6,5)":0.0,"(16,17)":166.861014,"(18,18)":0.0,"(13,11)":0.0,"(13,18)":0.0,"(16,11)":0.0,"(2,13)":0.0,"(9,8)":0.0,"(3,4)":0.0,"(5,17)":0.0,"(5,20)":0.0,"(10,19)":0.0,"(2,3)":0.0,"(21,17)":0.0,"(13,3)":0.0,"(4,11)":0.0,"(6,20)":0.0,"(5,4)":0.0,"(17,1)":424.740323,"(2,1)":0.0,"(20,6)":0.0,"(20,11)":0.0,"(5,9)":0.0,"(1,4)":498.632569,"(13,22)":0.0,"(18,19)":0.0,"(19,19)":0.0,"(9,18)":0.0,"(20,16)":0.0,"(3,21)":0.0,"(16,5)":0.0,"(11,22)":0.0,"(19,1)":0.0,"(13,1)":580.378367,"(18,17)":0.0,"(17,18)":0.0,"(14,15)":0.0,"(2,11)":0.0,"(20,2)":0.0,"(10,10)":0.0,"(4,12)":1855.393535,"(2,22)":0.0,"(5,22)":0.0,"(6,12)":0.0,"(18,2)":0.0,"(16,7)":1071.618423,"(19,7)":0.0,"(7,21)":0.0,"(4,13)":371.634104,"(6,1)":0.0,"(7,11)":0.0,"(11,6)":0.0,"(12,13)":286.798191,"(18,22)":0.0,"(21,18)":0.0,"(22,11)":0.0,"(7,15)":0.0,"(7,6)":0.0,"(15,16)":0.0,"(21,16)":0.0,"(20,19)":0.0,"(11,16)":0.0,"(11,7)":0.0,"(8,14)":0.0,"(5,5)":0.0,"(2,7)":0.0,"(8,3)":0.0,"(5,21)":0.0,"(4,3)":0.0,"(2,21)":0.0,"(9,7)":0.0,"(18,15)":0.0,"(14,3)":0.0,"(4,14)":220.881555,"(18,7)":0.0,"(11,21)":0.0,"(2,10)":0.0,"(14,16)":2439.984815,"(14,8)":0.0,"(11,2)":0.0,"(15,6)":0.0,"(19,18)":0.0,"(8,13)":0.0,"(17,22)":0.0,"(1,19)":0.0,"(18,20)":0.0,"(20,1)":0.0,"(3,10)":0.0,"(7,20)":0.0,"(6,14)":0.0,"(9,21)":0.0,"(13,15)":0.0,"(21,21)":0.0,"(17,15)":0.0,"(17,20)":0.0,"(20,21)":0.0,"(20,7)":0.0,"(11,1)":0.0,"(15,18)":0.0,"(19,17)":0.0,"(10,14)":0.0,"(1,10)":0.0,"(9,9)":0.0,"(13,16)":277.640654,"(22,21)":0.0,"(12,17)":1130.333252,"(21,6)":0.0,"(12,14)":252.15335,"(12,10)":0.0,"(19,14)":0.0,"(2,6)":0.0,"(13,14)":666.465782,"(16,1)":556.618741,"(16,14)":3091.293802,"(10,4)":0.0,"(1,20)":0.0,"(6,21)":0.0,"(10,12)":0.0,"(15,11)":0.0,"(16,16)":0.0,"(16,22)":0.0,"(17,17)":0.0,"(17,13)":216.492485,"(19,8)":0.0,"(17,3)":0.0,"(2,8)":0.0,"(5,8)":0.0,"(13,21)":0.0,"(17,12)":1348.056338,"(7,22)":0.0,"(5,19)":0.0,"(1,1)":0.0,"(22,12)":0.0,"(21,19)":0.0,"(17,8)":0.0,"(10,9)":0.0,"(10,21)":0.0,"(4,19)":0.0,"(11,5)":0.0,"(14,17)":281.859858,"(22,6)":0.0,"(14,14)":0.0,"(2,2)":0.0,"(17,21)":0.0,"(5,18)":0.0,"(15,12)":0.0,"(10,16)":0.0,"(20,9)":0.0,"(7,1)":507.824928,"(3,11)":0.0,"(5,13)":0.0,"(10,13)":0.0,"(11,17)":0.0,"(14,12)":280.731297,"(21,22)":0.0,"(14,5)":0.0,"(12,11)":0.0,"(15,14)":0.0,"(1,16)":473.328697,"(11,18)":0.0,"(21,1)":0.0,"(22,13)":0.0,"(2,20)":0.0,"(6,6)":0.0,"(16,8)":0.0,"(20,3)":0.0,"(10,2)":0.0,"(4,2)":0.0,"(15,21)":0.0,"(1,6)":0.0,"(13,13)":0.0,"(19,10)":0.0,"(11,3)":0.0,"(3,19)":0.0,"(22,17)":0.0,"(22,9)":0.0,"(9,20)":0.0,"(8,6)":0.0,"(4,6)":0.0,"(15,5)":0.0,"(8,1)":0.0,"(13,2)":0.0,"(17,2)":0.0,"(14,9)":0.0,"(9,15)":0.0,"(15,7)":0.0,"(6,10)":0.0,"(6,4)":0.0,"(10,7)":0.0,"(5,2)":0.0,"(21,7)":0.0,"(8,19)":0.0,"(7,3)":0.0,"(12,12)":0.0,"(14,1)":479.076961,"(10,3)":0.0,"(13,6)":0.0,"(15,3)":0.0,"(20,14)":0.0,"(1,5)":0.0,"(3,5)":0.0,"(3,8)":0.0,"(9,5)":0.0,"(14,19)":0.0,"(3,6)":0.0,"(19,5)":0.0,"(7,17)":329.295505,"(12,4)":1482.594194,"(4,21)":0.0,"(4,4)":0.0,"(13,17)":92.305175,"(19,12)":0.0,"(9,4)":0.0,"(20,17)":0.0,"(22,3)":0.0,"(13,12)":706.591712,"(8,11)":0.0,"(8,18)":0.0,"(6,19)":0.0,"(12,7)":668.628215,"(12,18)":0.0,"(19,22)":0.0,"(20,22)":0.0,"(14,4)":121.34752,"(3,15)":0.0,"(4,22)":0.0,"(2,4)":0.0,"(9,19)":0.0,"(18,16)":0.0,"(6,22)":0.0,"(19,2)":0.0,"(9,22)":0.0,"(22,1)":0.0,"(9,2)":0.0,"(14,21)":0.0,"(5,1)":0.0,"(15,20)":0.0,"(10,6)":0.0,"(11,12)":0.0,"(8,16)":0.0,"(1,18)":0.0,"(2,16)":0.0,"(7,13)":1984.601803,"(21,15)":0.0,"(8,15)":0.0,"(9,17)":0.0,"(19,16)":0.0,"(5,10)":0.0,"(18,10)":0.0,"(18,13)":0.0,"(21,10)":0.0,"(8,17)":0.0,"(8,20)":0.0,"(4,8)":0.0,"(11,20)":0.0,"(12,9)":0.0,"(7,8)":0.0,"(14,22)":0.0,"(7,7)":0.0,"(18,1)":0.0,"(22,18)":0.0,"(7,9)":0.0,"(9,14)":0.0,"(4,18)":0.0,"(19,15)":0.0,"(20,20)":0.0,"(3,22)":0.0,"(5,7)":0.0,"(11,14)":0.0,"(12,6)":0.0,"(17,5)":0.0,"(18,6)":0.0,"(6,13)":0.0,"(11,13)":0.0,"(2,19)":0.0,"(19,11)":0.0,"(20,18)":0.0,"(13,5)":0.0,"(4,7)":252.180862,"(6,8)":0.0,"(21,2)":0.0,"(12,20)":0.0,"(7,5)":0.0,"(2,9)":0.0,"(3,2)":0.0,"(14,11)":0.0,"(10,15)":0.0,"(3,7)":0.0,"(15,10)":0.0,"(15,13)":0.0,"(18,8)":0.0,"(14,7)":456.775071,"(18,11)":0.0,"(9,16)":0.0,"(4,16)":434.909462,"(14,20)":0.0,"(22,5)":0.0,"(5,6)":0.0,"(2,12)":0.0,"(12,3)":0.0,"(9,12)":0.0,"(13,10)":0.0,"(17,7)":478.84375,"(19,21)":0.0,"(3,3)":0.0,"(7,4)":122.78697,"(19,3)":0.0,"(1,21)":0.0,"(10,1)":0.0,"(1,9)":0.0,"(10,18)":0.0,"(7,10)":0.0,"(16,18)":0.0,"(6,7)":0.0,"(18,14)":0.0,"(18,9)":0.0,"(7,18)":0.0,"(3,20)":0.0,"(13,8)":0.0,"(1,11)":0.0,"(5,3)":0.0,"(12,22)":0.0,"(18,4)":0.0}