{"car":{"(15,19)":14759.920000000011,"(20,21)":5083.680000000003,"(22,20)":5622.639999999992,"(23,22)":7425.680000000002,"(10,11)":14105.520000000008,"(8,9)":5785.680000000003,"(13,12)":11640.55999999999,"(24,21)":8266.000000000007,"(3,1)":7848.719999999998,"(19,17)":7355.519999999999,"(4,5)":15148.639999999996,"(17,16)":8931.03999999998,"(20,22)":5612.959999999999,"(22,21)":6767.519999999996,"(18,16)":14160.159999999996,"(6,5)":5902.7999999999965,"(16,17)":8895.679999999997,"(22,15)":13803.279999999982,"(1,2)":4967.280000000004,"(22,23)":7400.959999999999,"(19,20)":6604.320000000001,"(9,8)":5716.400000000001,"(11,12)":6717.200000000003,"(3,4)":12657.759999999987,"(8,16)":6705.360000000001,"(2,6)":4801.600000000005,"(11,4)":3988.479999999996,"(17,10)":6480.0,"(4,11)":4018.8000000000006,"(5,4)":15304.639999999998,"(2,1)":4993.520000000008,"(5,9)":12982.240000000014,"(7,8)":10172.319999999998,"(21,24)":8319.44000000001,"(19,15)":14825.760000000011,"(10,9)":17700.319999999996,"(24,23)":5744.479999999995,"(11,14)":7378.320000000012,"(14,15)":6802.240000000013,"(10,17)":6479.920000000008,"(20,18)":16570.07999999999,"(14,23)":6129.680000000008,"(13,24)":8408.399999999996,"(21,20)":5017.84,"(6,8)":10240.799999999994,"(10,16)":8859.840000000004,"(12,13)":11556.319999999996,"(24,13)":8412.64,"(1,3)":7874.959999999993,"(21,22)":6779.919999999999,"(12,11)":6793.359999999998,"(9,10)":17507.039999999994,"(14,11)":7382.880000000001,"(15,14)":6862.320000000005,"(10,15)":18942.95999999999,"(20,19)":6705.5999999999885,"(16,10)":8828.79999999999,"(17,19)":7320.080000000002,"(15,10)":19056.16,"(16,8)":6737.599999999997,"(4,3)":12703.439999999991,"(5,6)":5929.360000000001,"(23,24)":5775.280000000003,"(8,6)":10240.480000000005,"(12,3)":9464.719999999994,"(18,7)":13290.960000000005,"(11,10)":14136.560000000005,"(15,22)":13775.839999999987,"(6,2)":4827.839999999995,"(8,7)":10135.600000000008,"(23,14)":6074.1599999999935,"(18,20)":16647.519999999982,"(16,18)":14194.319999999998,"(3,12)":9536.639999999992,"(7,18)":13254.240000000018,"(9,5)":13164.800000000008},"truck":{"(15,19)":3813.999999999998,"(20,21)":1260.9200000000012,"(22,20)":1396.6399999999999,"(23,22)":1907.0199999999982,"(10,11)":3444.6,"(8,9)":1497.1999999999991,"(13,12)":2874.260000000004,"(24,21)":1822.1200000000001,"(3,1)":1889.940000000002,"(19,17)":1726.0,"(4,5)":3946.1799999999985,"(17,16)":2105.9199999999987,"(20,22)":1400.5400000000006,"(22,21)":1460.0399999999984,"(18,16)":3698.540000000001,"(6,5)":1492.8999999999987,"(16,17)":2130.8599999999965,"(22,15)":3314.9199999999964,"(1,2)":1169.660000000002,"(22,23)":1941.0200000000002,"(19,20)":1886.639999999999,"(9,8)":1510.6400000000008,"(11,12)":1343.3800000000003,"(3,4)":3592.3000000000006,"(8,16)":1539.0600000000006,"(2,6)":1128.4400000000005,"(11,4)":1312.28,"(17,10)":1624.1999999999991,"(4,11)":1294.639999999998,"(5,4)":3907.020000000004,"(2,1)":1173.4400000000016,"(5,9)":3417.199999999999,"(7,8)":2684.3799999999997,"(21,24)":1827.879999999999,"(19,15)":3800.5800000000004,"(10,9)":4432.620000000002,"(24,23)":1695.0199999999988,"(11,14)":2090.72,"(14,15)":1958.3600000000001,"(10,17)":1624.0400000000002,"(20,18)":4165.640000000007,"(14,23)":1683.6399999999999,"(13,24)":2117.120000000001,"(21,20)":1257.0999999999997,"(6,8)":2476.0400000000022,"(10,16)":2086.0999999999995,"(12,13)":2853.78,"(24,13)":2117.5999999999995,"(1,3)":1893.72,"(21,22)":1458.0999999999995,"(12,11)":1306.1200000000015,"(9,10)":4462.180000000005,"(14,11)":2102.9200000000005,"(15,14)":1951.2800000000004,"(10,15)":4601.920000000001,"(20,19)":1848.44,"(16,10)":2117.46,"(17,19)":1750.78,"(15,10)":4583.5399999999945,"(16,8)":1537.820000000001,"(4,3)":3550.7800000000025,"(5,6)":1469.0599999999997,"(23,24)":1709.7400000000007,"(8,6)":2503.6600000000008,"(12,3)":2724.920000000004,"(18,7)":3463.7799999999997,"(11,10)":3381.9000000000015,"(15,22)":3346.96,"(6,2)":1132.2199999999996,"(8,7)":2668.959999999998,"(23,14)":1702.9199999999994,"(18,20)":4115.1600000000035,"(16,18)":3643.480000000002,"(3,12)":2687.179999999996,"(7,18)":3448.360000000002,"(9,5)":3354.199999999998}}