{"7":0.1139013553665085,"4":0.11398500959997297,"9":0.11390134988029421,"2":0.11427386210201187,"3":0.11410068938786937,"5":0.11390145519152926,"8":0.11390134988029421,"6":0.11390136638185244,"1":0.11492598865993399}