{"(6,3.41,1.0,2)":[1.0,0.008411881349180635,-0.05836332745089019,0.12166981025077478,0.06960684229819511,0.007276453482610569,-0.000471787657985119],"(6,3.41,1.0,6)":[1.0,0.007283126168897235,-0.04975345446451568,0.09780157669860359,0.07924598212096333,0.01524060558755798,0.0006104325661590457],"(6,3.41,1.0,7)":[1.0,0.007283149623985895,-0.04975386376950502,0.09780349593252163,0.07924411052872408,0.015240665320602514,0.0006107078760822241],"(6,3.41,1.0,5)":[1.0,0.007266652155551318,-0.04971844866084156,0.09794159755142155,0.07916353156182314,0.01519711504891952,0.0006023004152497649],"(6,3.41,1.0,3)":[1.0,0.00883997039192778,-0.05802431818123704,0.11130694194265663,0.0772055916374494,0.011187367906958833,-1.4295359961809734e-6],"(6,3.41,1.0,9)":[1.0,0.007283251338078952,-0.04975446649396029,0.09780478058140485,0.07924321368936915,0.015240651883775923,0.0006108353971391167],"(6,3.41,1.0,8)":[1.0,0.007283251338078952,-0.04975446649396029,0.09780478058140485,0.07924321368936915,0.015240651883775923,0.0006108353971391167],"(6,3.41,1.0,4)":[1.0,0.0073004538732881355,-0.049886806056892934,0.09817650707126953,0.07907114942671264,0.015181930286460605,0.0006119531350435131],"(6,3.41,1.0,1)":[1.0,0.008731865717984276,-0.05042826351248569,0.08033374588267364,0.07379485838006838,0.008221019565008552,-0.0006039764545492177]}