{"7":0.1151502912261955,"4":0.11551757945052747,"9":0.11514850782755896,"2":0.11722429041259179,"3":0.11695677201882843,"5":0.11526897426521747,"8":0.11514850782755896,"6":0.1151540128958368,"1":0.11855677759010376}