{"7":0.45652447007343333,"4":0.4812090075906815,"9":0.4563312752166876,"2":0.7757551789694249,"3":0.6325391963949581,"5":0.46662288954246395,"8":0.4563312752166876,"6":0.45713486207813914,"1":1.0}