{"7":0.010160718334562772,"4":0.011151878328017197,"9":0.010156570861909471,"2":0.023076916520521896,"3":0.02129628159158902,"5":0.010477883670219889,"8":0.010156570861909471,"6":0.010168818717657381,"1":0.03353642575242062}