{"2":0.02364954161148342,"11":0.007913173454107686,"39":0.007913163011234792,"46":0.007913163011234792,"25":0.007913163011234792,"42":0.007913163011234792,"29":0.007913163011234792,"8":0.008113549459850405,"20":0.007913163011234792,"14":0.007913163889242517,"31":0.007913163011234792,"33":0.007913163011234792,"18":0.007913163011234792,"26":0.007913163011234792,"35":0.007913163011234792,"17":0.007913163011234792,"49":0.007913163011234792,"44":0.007913163011234792,"4":0.008575322797260245,"37":0.007913163011234792,"45":0.007913163011234792,"13":0.00791316527654517,"30":0.007913163011234792,"1":0.03354079275844161,"47":0.007913163011234792,"32":0.007913163011234792,"50":0.007913163011234792,"40":0.007913163011234792,"7":0.008273707630520436,"9":0.00791827201693141,"43":0.007913163011234792,"34":0.007913163011234792,"3":0.02098232515897469,"38":0.007913163011234792,"36":0.007913163011234792,"48":0.007913163011234792,"12":0.007913167941494086,"16":0.007913163011234792,"21":0.007913163011234792,"10":0.007913280611556866,"19":0.007913163011234792,"51":0.007913163011234792,"22":0.007913163011234792,"6":0.0083875176960384,"24":0.007913163011234792,"28":0.007913163011234792,"5":0.00856296936358445,"23":0.007913163011234792,"27":0.007913163011234792,"41":0.007913163011234792,"15":0.007913163215403375}