{"(3,0.5,1.0,1)":[1.0,0.008326489531215318,0.019383108571401658,0.011895153551023996],"(3,0.5,10.0,1)":[1.0,0.0008545273067568608,0.001976992836816717,0.0012089807786914754],"(3,0.5,0.01,1)":[1.0,0.04905599813831258,0.3759185482948609,0.32245405640564023],"(3,0.5,0.1,1)":[1.0,0.08042550217936723,0.19008025184263863,0.11743815339666189]}