{"(5,1.5,100.0,1)":[1.0,0.0028840297852854233,0.0044482339178932035,0.002720206764030126,0.0008125428742264738,9.932598371883664e-5],"(4,0.5,0.1,1)":[1.0,0.04626455026542752,0.16460670247104411,0.20120175298759393,0.08893930177138774],"(6,1.5,10.0,1)":[1.0,0.049409488983498305,0.09682320138037806,0.0796281691803695,0.03589023592664914,0.008813744972589735,0.0009392393450730288],"(6,1.5,0.1,1)":[1.0,0.0001635762138146885,-0.014963727026000745,0.4449502257601872,0.37203403629694226,0.12934072008327907,0.017462858120912684],"(4,1.0,100.0,1)":[1.0,0.00045574841126967664,0.0007907973519352183,0.0004835924452238622,0.00010833908832354845],"(6,0.5,1.0,1)":[1.0,0.002081622538158187,0.012114442907442208,0.029737883918441968,0.040084090053544935,0.029470688210685037,0.009409326513169601],"(5,1.5,0.1,1)":[1.0,-3.5177518117798977e-7,0.2628355647888241,0.3662944437348881,0.16397752718885325,0.026680153540768026],"(6,1.5,0.01,1)":[1.0,0.02259476883279064,-0.20223007931277398,0.5290249371733132,0.4901466725253689,0.14351202681587938,0.013451721893864134],"(6,1.0,100.0,1)":[1.0,0.0006836218586058493,0.0019769928405460593,0.0024179615592025147,0.0016250857432743959,0.0005959559002930636,9.492544803555098e-5],"(3,1.0,100.0,1)":[1.0,0.0003418109211951244,0.00039539856923316834,0.00012089807905491551],"(5,1.5,0.01,1)":[1.0,0.03287615689610969,-0.2621525661686428,0.6128739053944866,0.5004396237450497,0.10339367528332705],"(4,0.5,1.0,1)":[1.0,0.005550993086838164,0.019383108605733435,0.02379030712550421,0.010689090675186738],"(6,1.0,1.0,1)":[1.0,0.04829343867921493,0.14712495538361403,0.18320503136538127,0.12334991286722007,0.04479849674666405,0.007006946347741234],"(5,0.5,100.0,1)":[1.0,3.5605304537625934e-5,0.0001647494029774764,0.0003022451945432823,0.00027084762364697467,9.932598330170804e-5],"(4,1.5,10.0,1)":[1.0,0.014987681237761839,0.017444797736160606,0.0071370921362635,0.0010689090673706907],"(3,1.5,10.0,1)":[1.0,0.0076907460649064995,0.00593097856772359,0.0012089807862231303],"(5,0.5,0.1,1)":[1.0,0.021828697305850527,0.10745019457103784,0.20139480023978654,0.18191974748187265,0.06680023273828538],"(6,1.5,1.0,1)":[1.0,0.06539357199673539,0.249339425022792,0.2608644702527412,0.1370033215714565,0.03779348982068101,0.004425070524976137],"(6,1.0,0.1,1)":[1.0,-1.9534875750829526e-7,0.14636251151507101,0.3034084839821622,0.27111738303618216,0.12066592846529473,0.02212186387013293],"(4,1.5,0.1,1)":[1.0,0.10658484194812018,0.3684211530031588,0.20683182147321252,0.037472973338667864],"(4,0.5,0.01,1)":[1.0,-2.590708194272545e-7,0.19356782568801348,0.3996989621589018,0.24482589856345507],"(6,0.5,0.1,1)":[1.0,0.012030036139179398,0.07222113864319954,0.17585594704830387,0.23102078603620063,0.16364874018747558,0.04993775869181395],"(4,1.0,0.1,1)":[1.0,0.11104840593777725,0.2807462286876517,0.20200467332924968,0.0503580146822754],"(5,1.0,10.0,1)":[1.0,0.005550993058934244,0.012922072398951897,0.011895153560969238,0.005344545336721868,0.0009823562723828175],"(3,0.5,0.01,1)":[1.0,0.049055999951919574,0.37591854719370493,0.32245405533160787],"(3,0.5,100.0,1)":[1.0,8.545273407359086e-5,0.00019769928463580494,0.00012089807813325577],"(5,0.5,10.0,1)":[1.0,0.000356053219610303,0.0016474940962204973,0.0030224519938619005,0.0027084762634881207,0.0009932598415122258],"(6,1.0,0.01,1)":[1.0,0.007706591642597953,-0.09889236996626714,0.37170955280464796,0.48536800071090686,0.2136411449362873,0.03255392851920116],"(6,0.5,0.01,1)":[1.0,-7.926726100400219e-8,0.0592765039669564,0.2250975971854386,0.3543010865190895,0.26883119722430343,0.0811919292536135],"(3,0.5,0.1,1)":[1.0,0.08042550265604957,0.19008025169540635,0.11743815319826466],"(5,1.0,100.0,1)":[1.0,0.0005696848661753848,0.0013179952228992982,0.0012089807779229508,0.0005416952472515613,9.93259832987861e-5],"(5,1.5,10.0,1)":[1.0,0.027449716098539863,0.04303253394957925,0.026542723062591145,0.007975607984500773,0.0009793049970543192],"(4,1.0,1.0,1)":[1.0,0.043377329162879626,0.07650228258352465,0.04718706322388002,0.010634143979593648],"(5,1.0,0.1,1)":[1.0,0.03650333314774837,0.24098296363256122,0.30846195142878696,0.17077168585020255,0.036806015292935486],"(6,0.5,10.0,1)":[1.0,0.00021363189800751786,0.0012356205482433162,0.00302245196785555,0.004062714371972321,0.0029797795094593294,0.0009492544829306709],"(3,1.0,10.0,1)":[1.0,0.0034181091890778613,0.003953985667737612,0.0012089807778148639],"(3,0.5,1.0,1)":[1.0,0.008326489631330775,0.01938310862116933,0.011895153570194581],"(3,0.5,10.0,1)":[1.0,0.0008545273099646261,0.001976992838077114,0.0012089807792265085],"(3,1.0,0.01,1)":[1.0,-6.641627949338626e-7,0.4962839433279327,0.2503666337127528],"(4,0.5,10.0,1)":[1.0,0.0005696849507895637,0.001976992865506311,0.002417961572758444,0.0010833904996330151],"(3,1.0,1.0,1)":[1.0,0.03253299681711949,0.03825114127538874,0.011796765803071029],"(3,1.5,0.1,1)":[1.0,0.25316693536488727,0.26194689629153367,0.06002760638984343],"(5,1.0,1.0,1)":[1.0,0.05422166137034192,0.12750380424824367,0.11796765802493306,0.053170719883835184,0.009793049968065765],"(5,1.0,0.01,1)":[1.0,0.004929750051057029,-0.08562899930463312,0.460396479215084,0.4567901822002391,0.12774259231857837],"(6,1.5,100.0,1)":[1.0,0.00505834294784293,0.009812699116417302,0.008029228888233913,0.0036075681896751907,0.0008841206638477504,9.409326672812927e-5],"(4,1.5,0.01,1)":[1.0,-1.9573236150988377e-7,0.14649137212235197,0.5495043033882957,0.14666380968723475],"(6,1.0,10.0,1)":[1.0,0.0066611919927031206,0.0193831087132937,0.023790307198603974,0.01603363606447453,0.005894137659890062,0.0009409326546737183],"(3,1.5,1.0,1)":[1.0,0.07319924426542387,0.057376712236053916,0.01179676584446339],"(4,1.5,100.0,1)":[1.0,0.0015381491399382643,0.0017792935514468057,0.0007253884668998316,0.00010833904947000457],"(4,0.5,100.0,1)":[1.0,5.696849425422966e-5,0.0001976992858790963,0.00024179615674184058,0.00010833904973619775],"(6,0.5,100.0,1)":[1.0,2.136319213301606e-5,0.00012356205528648342,0.0003022451968352844,0.0004062714368405966,0.00029797795049403016,9.492544809076351e-5],"(5,1.5,1.0,1)":[1.0,0.13768779792812477,0.24017986272427083,0.15564602502638952,0.04820545147568034,0.006035904921929142],"(3,1.5,0.01,1)":[1.0,-7.237740206566797e-7,0.5407783339645422,0.20549354207473275],"(3,1.5,100.0,1)":[1.0,0.0007690747967718883,0.0005930980554750402,0.00012089814459394452],"(5,0.5,0.01,1)":[1.0,-1.0004230810278265e-7,0.0747562506742605,0.30070870614195266,0.3879762386577715,0.1804731910809574],"(4,1.5,1.0,1)":[1.0,0.14409831651642574,0.17046026594201652,0.07024570969325292,0.010566223739343353],"(4,1.0,0.01,1)":[1.0,-2.5428039950387877e-7,0.19013411596835628,0.4729560394717349,0.17978008553646171],"(5,0.5,1.0,1)":[1.0,0.0034693706378121788,0.016152590474972618,0.029737883874782656,0.026722726661466335,0.009823562715155991],"(4,1.0,10.0,1)":[1.0,0.004557478916838542,0.007907971334774968,0.004835923110984473,0.0010833904944025263],"(3,1.0,0.1,1)":[1.0,0.1995311645970148,0.2514207125764212,0.07919164808096109]}