{"(5,0.5,0.01)":[1.0,-0.017247164579004645,0.028738784034494636,-0.022427360486439687,0.1578256503663027,-0.001144381228961136],"(6,0.5,0.01)":[1.0,-0.016637121214613686,-0.010654485233793832,0.05394474772449722,0.10207451878679416,0.016282094013886975,-0.001991098092504915],"(6,1.0,10.0)":[1.0,-0.00855312842647518,0.002777302635613345,0.05802491882043912,0.0818954802171525,0.028083673955138007,-0.0038388902821450666],"(5,1.0,0.01)":[1.0,-0.04499554564978546,0.07744002625000874,-0.05828521228875609,0.1687813642155004,-0.0025257380703884863],"(3,1.5,100.0)":[1.0,-0.005472034539776795,0.00907112180673123,0.011387562321050017],"(4,1.0,1.0)":[1.0,0.0043011909759506604,-0.042971844908388915,0.029831999210484014,0.1420412544722491],"(4,1.5,0.01)":[1.0,-0.005977747631306724,0.005980700658193894,-0.0019389431110971695,0.150020797542956],"(4,1.5,0.1)":[1.0,0.005270486372235695,-0.009607705013329979,0.005841138980456133,0.1490670019622502],"(3,1.5,10.0)":[1.0,-0.023493954434963795,0.022375195071621487,0.04519520359232241],"(4,0.5,1.0)":[1.0,-0.006008851391281842,-0.019434455400991642,0.01627165281490248,0.14482576755617035],"(4,0.5,10.0)":[1.0,-0.004645257272047289,-0.008800811422091574,0.02214222121572917,0.07479707511765118],"(6,1.5,10.0)":[1.0,-0.01737384304610108,-0.013805013921268672,0.06933413949699939,0.08716827985660443,0.021809443397270794,-0.0026866491857749277],"(3,1.0,0.1)":[1.0,0.20021265710188482,-0.5650213953141573,0.5142137888710285],"(6,0.5,10.0)":[1.0,0.00020694941247447556,0.005535482337913235,0.029776104020807152,0.0654530329227162,0.04787132207904333,-0.00815953170279684],"(5,0.5,0.1)":[1.0,-0.0008574204563924299,-0.004305667895268732,0.006373848384902755,0.14720178437928835,0.00036323772418186804],"(6,1.0,100.0)":[1.0,-0.00010684723052124824,0.009822548476658602,0.035024106177685414,0.05004309167062411,0.02573708121752175,-0.001776299673656157],"(3,1.0,1.0)":[1.0,-0.030855141224708827,-0.02000827849514263,0.175813454643626],"(4,1.0,0.1)":[1.0,0.0026227604536678455,-0.006160954490752276,0.004188591536211872,0.1492407379880913],"(6,1.0,0.01)":[1.0,-0.021440339045982446,0.004111133301611452,0.03542580187754823,0.1129478032037155,0.013225279733225489,-0.0016670496495896222],"(6,1.0,0.1)":[1.0,-0.01607282118713406,-0.012401184034499529,0.05613438829016309,0.10075251454608258,0.016668096366086658,-0.0020340649455549854],"(6,1.5,0.01)":[1.0,-0.025888881002720725,0.01786160814630388,0.018166656581601163,0.12299229011723188,0.010475978307228746,-0.0013861116028286726],"(3,0.5,0.1)":[1.0,0.15582747754633966,-0.4792624325727068,0.4802999651530679],"(5,1.0,1.0)":[1.0,-0.011295797499252982,-0.020203876355204743,0.04808411695906444,0.12205856072747194,0.004706589600514418],"(5,0.5,100.0)":[1.0,-0.00015431168791707283,0.0003512138016156519,0.005390382573702857,0.017306118771805278,0.018998761008003087],"(3,1.5,0.01)":[1.0,0.9494058017133506,-1.6036995969246661,0.8984268142124696],"(5,1.0,10.0)":[1.0,-0.008604341511158518,0.014015119709681386,0.0758626516790918,0.08117419379540906,0.01439581512452994],"(6,1.5,100.0)":[1.0,-0.008347203988682569,0.016590067892265924,0.06629254937836707,0.07244798642872335,0.025192507999962144,-0.0024027094253998237],"(6,1.5,1.0)":[1.0,-0.013574925717958436,-0.02101807932902067,0.06889496547813387,0.09228231439745381,0.01928183344775332,-0.002330586702475477],"(5,1.0,0.1)":[1.0,-0.0062971110202130545,0.007298293926858193,-0.004277468001275034,0.1513089523567426,-0.00023268430031181256],"(4,0.5,0.01)":[1.0,-0.004335114887328399,0.0038422310729013605,-0.0009136055189391661,0.14991298224681968],"(4,1.5,100.0)":[1.0,-0.007996542216931584,0.0023688079719008394,0.021882512307277467,0.015573042381791104],"(4,1.0,0.01)":[1.0,-0.005978133529539452,0.005981328104354169,-0.001939278804579583,0.15002084981420563],"(3,1.0,100.0)":[1.0,-0.002432015406895206,0.006047414445558471,0.01138756226723545],"(5,1.5,10.0)":[1.0,-0.030629271921880363,0.0018352166417829972,0.08985424476608667,0.08434744025717376,0.01288225249010152],"(3,0.5,10.0)":[1.0,-0.008112708417123535,0.0014282266337331863,0.0438237495771187],"(5,0.5,1.0)":[1.0,-0.004071502963357507,-0.008682649253869978,0.03655629861942544,0.12638677942024037,0.004562757135492839],"(6,1.0,1.0)":[1.0,-0.015803030519627444,-0.014559208916962094,0.06178210189631521,0.09562719971659221,0.018614658629086914,-0.0022912492411666487],"(3,1.5,0.1)":[1.0,0.24382189463590587,-0.6353093017014275,0.5382197583178062],"(5,1.5,1.0)":[1.0,-0.0037833972766131217,-0.027926939550618816,0.04885047015899928,0.12371717413470452,0.004342557669667328],"(4,1.0,100.0)":[1.0,-0.004331048036514701,-0.00012991128722552453,0.015564499276851104,0.01678099269334724],"(6,0.5,1.0)":[1.0,-0.0020973616327356745,0.00022288456584780103,0.042640228014214764,0.09700803233783332,0.023446147262947418,-0.0034149468231651076],"(4,0.5,100.0)":[1.0,-0.0005428518816461665,2.5655295121785514e-5,0.008154288683455675,0.017456180267438424],"(3,0.5,0.01)":[1.0,0.6916394806631905,-1.2805025677829132,0.7844669785573621],"(4,1.5,10.0)":[1.0,-0.008021738540550702,-0.024655556617977935,0.06474051904756402,0.07117583546322157],"(6,1.5,0.1)":[1.0,-0.017241160587606365,-0.008717174987734728,0.051316626271959175,0.1037060334974091,0.01580522546083217,-0.0019393845546691916],"(5,0.5,10.0)":[1.0,0.000291189493339618,0.009941661256030099,0.045400551586367924,0.07144610965854897,0.015535823892069927],"(4,0.5,0.1)":[1.0,0.00045066314514643574,-0.0033333678724388146,0.0028329032470938683,0.1493832644162772],"(3,1.0,0.01)":[1.0,0.9239331926858374,-1.5732362934350883,0.8874669522042662],"(3,1.5,1.0)":[1.0,-0.03149179535798097,-0.018679053820728132,0.17533381624720012],"(4,1.5,1.0)":[1.0,0.019197281862102823,-0.07724790481585575,0.05011879549719011,0.13785743474197004],"(5,1.0,100.0)":[1.0,-0.0021398607919928753,0.003223696479311236,0.020480751052386875,0.031317819680445926,0.01659624716895574],"(3,0.5,100.0)":[1.0,-0.0005856545513394989,0.0031903764225690114,0.011690018365912535],"(5,1.5,100.0)":[1.0,-0.011522603412994752,0.004408978237803268,0.03582522613174662,0.04089726769454553,0.015498155992297959],"(5,1.5,0.01)":[1.0,-0.04499568736663109,0.07744065379355841,-0.05828632413504953,0.16878202702758918,-0.0025258682356156404],"(5,1.5,0.1)":[1.0,-0.03258237735366781,0.04917836240939747,-0.032753004043282484,0.1592195073279374,-0.0012055019908726943],"(3,0.5,1.0)":[1.0,-0.02720502291771517,-0.027434878722673712,0.17810543842393736],"(6,0.5,0.1)":[1.0,-0.007700602678558262,-0.012744975277261594,0.04222627532392928,0.11387737289695023,0.012376340850955422,-0.0015306617001349296],"(4,1.0,10.0)":[1.0,-0.008098113559452575,-0.015177224314018582,0.04270980127886721,0.07118080352609746],"(3,1.0,10.0)":[1.0,-0.01727217999692957,0.011440235059951344,0.0450373173596176],"(6,0.5,100.0)":[1.0,-2.9301288002819335e-7,0.0008359987514947858,0.005954715255786368,0.017292780303363228,0.01932823023302897,0.000985620886395708]}