{"30":1.4860699349674893,"2":1.5291460283991516,"16":1.4885392388035874,"11":1.6222649637112712,"26":1.9390734955321258,"9":1.2024397099727309,"25":1.9553435749352075,"10":2.335679141081017,"19":1.431866660900548,"17":1.522921858201721,"6":1.4017412274709922,"24":1.9579349111621427,"4":1.441666180800157,"3":1.4978325568876019,"5":1.7803258190949882,"20":1.011360205768066,"23":1.5341916979781038,"13":1.593632440472716,"27":1.155409799315816,"12":1.4637868666908862,"18":1.3685247512589025}